2026-10-05 10:23:45.495 [main] INFO  Controlador.Boletin1_1 - Dime la ruta del directorio
2026-10-05 10:23:50.317 [main] INFO  Controlador.Boletin1_1 - [D]AccesoDatos2
2026-10-05 10:23:50.317 [main] INFO  Controlador.Boletin1_1 - [F]Descargas - Acceso directo.lnk
2026-10-05 10:23:50.317 [main] INFO  Controlador.Boletin1_1 - [F]desktop.ini
2026-10-05 10:23:50.317 [main] INFO  Controlador.Boletin1_1 - [F]Eclipse IDE for Enterprise Java and Web Developers - 2026-09.lnk
2026-10-05 10:23:50.318 [main] INFO  Controlador.Boletin1_1 - [F]Git Bash.lnk
2026-10-05 10:23:50.318 [main] INFO  Controlador.Boletin1_1 - [F]Manuel - Chrome.lnk
2026-10-05 10:23:50.318 [main] INFO  Controlador.Boletin1_1 - [D]Prueba
2026-10-05 10:23:50.318 [main] INFO  Controlador.Boletin1_1 - [D]Psp2
2026-10-05 10:23:50.319 [main] INFO  Controlador.Boletin1_1 - Hay un total de 3 directorios y 5 ficheros
2026-10-05 11:56:37.189 [main] INFO  Controlador.Boletin1_1 - Descargas - Acceso directo.lnk
2026-10-05 11:56:37.191 [main] INFO  Controlador.Boletin1_1 - desktop.ini
2026-10-05 11:56:37.191 [main] INFO  Controlador.Boletin1_1 - Eclipse IDE for Enterprise Java and Web Developers - 2026-09.lnk
2026-10-05 11:56:37.191 [main] INFO  Controlador.Boletin1_1 - Git Bash.lnk
2026-10-05 11:56:37.191 [main] INFO  Controlador.Boletin1_1 - Manuel - Chrome.lnk
2026-10-05 12:02:03.562 [main] INFO  Controlador.Boletin1_1 - Descargas - Acceso directo.lnk
2026-10-05 12:02:03.564 [main] INFO  Controlador.Boletin1_1 - desktop.ini
2026-10-05 12:02:03.564 [main] INFO  Controlador.Boletin1_1 - Eclipse IDE for Enterprise Java and Web Developers - 2026-09.lnk
2026-10-05 12:02:03.564 [main] INFO  Controlador.Boletin1_1 - Git Bash.lnk
2026-10-05 12:02:03.566 [main] INFO  Controlador.Boletin1_1 - Manuel - Chrome.lnk
2026-10-05 12:03:04.382 [main] INFO  Controlador.Boletin1_4 - Descargas - Acceso directo.lnk
2026-10-05 12:03:04.384 [main] INFO  Controlador.Boletin1_4 - desktop.ini
2026-10-05 12:03:04.384 [main] INFO  Controlador.Boletin1_4 - Eclipse IDE for Enterprise Java and Web Developers - 2026-09.lnk
2026-10-05 12:03:04.385 [main] INFO  Controlador.Boletin1_4 - Git Bash.lnk
2026-10-05 12:03:04.385 [main] INFO  Controlador.Boletin1_4 - Manuel - Chrome.lnk
2026-10-05 12:20:52.908 [main] INFO  Controlador.Boletin1_4 - Directorio
2026-10-05 12:20:52.911 [main] INFO  Controlador.Boletin1_4 - Directorio
2026-10-05 12:22:13.696 [main] INFO  Controlador.Boletin1_4 - Directorio
2026-10-05 12:22:13.699 [main] INFO  Controlador.Boletin1_4 - Directorio
2026-10-05 12:22:13.699 [main] INFO  Controlador.Boletin1_4 - Directorio
2026-10-05 12:22:13.699 [main] INFO  Controlador.Boletin1_4 - Directorio
2026-10-05 12:22:13.699 [main] INFO  Controlador.Boletin1_4 - Directorio
2026-10-05 12:22:13.700 [main] INFO  Controlador.Boletin1_4 - Directorio
2026-10-05 12:22:13.700 [main] INFO  Controlador.Boletin1_4 - Directorio
2026-10-05 12:22:13.700 [main] INFO  Controlador.Boletin1_4 - Directorio
2026-10-05 12:22:13.700 [main] INFO  Controlador.Boletin1_4 - Directorio
2026-10-05 12:28:09.033 [main] INFO  Controlador.Boletin1_4 - DirectorioDesktop
2026-10-05 12:28:09.035 [main] INFO  Controlador.Boletin1_4 - FicheroAccesoDatos2
2026-10-05 12:28:09.035 [main] INFO  Controlador.Boletin1_4 - FicheroDescargas - Acceso directo.lnk
2026-10-05 12:28:09.036 [main] INFO  Controlador.Boletin1_4 - Ficherodesktop.ini
2026-10-05 12:28:09.036 [main] INFO  Controlador.Boletin1_4 - FicheroEclipse IDE for Enterprise Java and Web Developers - 2026-09.lnk
2026-10-05 12:28:09.036 [main] INFO  Controlador.Boletin1_4 - FicheroGit Bash.lnk
2026-10-05 12:28:09.036 [main] INFO  Controlador.Boletin1_4 - FicheroManuel - Chrome.lnk
2026-10-05 12:28:09.036 [main] INFO  Controlador.Boletin1_4 - FicheroPrueba
2026-10-05 12:28:09.036 [main] INFO  Controlador.Boletin1_4 - FicheroPsp2
2026-10-05 12:30:03.160 [main] INFO  Controlador.Boletin1_4 - Directorio:Desktop
2026-10-05 12:30:03.162 [main] INFO  Controlador.Boletin1_4 - Fichero:AccesoDatos2
2026-10-05 12:30:03.162 [main] INFO  Controlador.Boletin1_4 - Fichero:Descargas - Acceso directo.lnk
2026-10-05 12:30:03.162 [main] INFO  Controlador.Boletin1_4 - Fichero:desktop.ini
2026-10-05 12:30:03.162 [main] INFO  Controlador.Boletin1_4 - Fichero:Eclipse IDE for Enterprise Java and Web Developers - 2026-09.lnk
2026-10-05 12:30:03.163 [main] INFO  Controlador.Boletin1_4 - Fichero:Git Bash.lnk
2026-10-05 12:30:03.163 [main] INFO  Controlador.Boletin1_4 - Fichero:Manuel - Chrome.lnk
2026-10-05 12:30:03.163 [main] INFO  Controlador.Boletin1_4 - Fichero:Prueba
2026-10-05 12:30:03.163 [main] INFO  Controlador.Boletin1_4 - Fichero:Psp2
2026-10-05 12:30:27.927 [main] INFO  Controlador.Boletin1_4 - Directorio:Desktop
2026-10-05 12:30:27.928 [main] INFO  Controlador.Boletin1_4 - Fichero:AccesoDatos2
2026-10-05 12:30:27.928 [main] INFO  Controlador.Boletin1_4 - Fichero:Descargas - Acceso directo.lnk
2026-10-05 12:30:27.929 [main] INFO  Controlador.Boletin1_4 - Fichero:desktop.ini
2026-10-05 12:30:27.929 [main] INFO  Controlador.Boletin1_4 - Fichero:Eclipse IDE for Enterprise Java and Web Developers - 2026-09.lnk
2026-10-05 12:30:27.929 [main] INFO  Controlador.Boletin1_4 - Fichero:Git Bash.lnk
2026-10-05 12:30:27.929 [main] INFO  Controlador.Boletin1_4 - Fichero:Manuel - Chrome.lnk
2026-10-05 12:30:27.929 [main] INFO  Controlador.Boletin1_4 - Fichero:Prueba
2026-10-05 12:30:27.929 [main] INFO  Controlador.Boletin1_4 - Fichero:Psp2
2026-10-05 12:30:45.524 [main] INFO  Controlador.Boletin1_4 - Directorio:Desktop
2026-10-05 12:30:45.526 [main] INFO  Controlador.Boletin1_4 - Fichero:AccesoDatos2
2026-10-05 12:30:45.526 [main] INFO  Controlador.Boletin1_4 - Fichero:Descargas - Acceso directo.lnk
2026-10-05 12:30:45.526 [main] INFO  Controlador.Boletin1_4 - Fichero:desktop.ini
2026-10-05 12:30:45.526 [main] INFO  Controlador.Boletin1_4 - Fichero:Eclipse IDE for Enterprise Java and Web Developers - 2026-09.lnk
2026-10-05 12:30:45.526 [main] INFO  Controlador.Boletin1_4 - Fichero:Git Bash.lnk
2026-10-05 12:30:45.527 [main] INFO  Controlador.Boletin1_4 - Fichero:Manuel - Chrome.lnk
2026-10-05 12:30:45.527 [main] INFO  Controlador.Boletin1_4 - Fichero:Prueba
2026-10-05 12:30:45.527 [main] INFO  Controlador.Boletin1_4 - Fichero:Psp2
2026-10-05 12:33:44.440 [main] INFO  Controlador.Boletin1_4 - Directorio:Desktop
2026-10-05 12:33:44.442 [main] INFO  Controlador.Boletin1_4 - Directorio:AccesoDatos2
2026-10-05 12:33:44.442 [main] INFO  Controlador.Boletin1_4 - Directorio:.git
2026-10-05 12:33:44.442 [main] INFO  Controlador.Boletin1_4 - Fichero:COMMIT_EDITMSG
2026-10-05 12:33:44.443 [main] INFO  Controlador.Boletin1_4 - Fichero:config
2026-10-05 12:33:44.443 [main] INFO  Controlador.Boletin1_4 - Fichero:description
2026-10-05 12:33:44.443 [main] INFO  Controlador.Boletin1_4 - Fichero:FETCH_HEAD
2026-10-05 12:33:44.443 [main] INFO  Controlador.Boletin1_4 - Fichero:HEAD
2026-10-05 12:33:44.443 [main] INFO  Controlador.Boletin1_4 - Directorio:hooks
2026-10-05 12:33:44.444 [main] INFO  Controlador.Boletin1_4 - Fichero:applypatch-msg.sample
2026-10-05 12:33:44.444 [main] INFO  Controlador.Boletin1_4 - Fichero:commit-msg.sample
2026-10-05 12:33:44.444 [main] INFO  Controlador.Boletin1_4 - Fichero:fsmonitor-watchman.sample
2026-10-05 12:33:44.444 [main] INFO  Controlador.Boletin1_4 - Fichero:post-update.sample
2026-10-05 12:33:44.446 [main] INFO  Controlador.Boletin1_4 - Fichero:pre-applypatch.sample
2026-10-05 12:33:44.446 [main] INFO  Controlador.Boletin1_4 - Fichero:pre-commit.sample
2026-10-05 12:33:44.446 [main] INFO  Controlador.Boletin1_4 - Fichero:pre-merge-commit.sample
2026-10-05 12:33:44.446 [main] INFO  Controlador.Boletin1_4 - Fichero:pre-push.sample
2026-10-05 12:33:44.447 [main] INFO  Controlador.Boletin1_4 - Fichero:pre-rebase.sample
2026-10-05 12:33:44.447 [main] INFO  Controlador.Boletin1_4 - Fichero:pre-receive.sample
2026-10-05 12:33:44.447 [main] INFO  Controlador.Boletin1_4 - Fichero:prepare-commit-msg.sample
2026-10-05 12:33:44.447 [main] INFO  Controlador.Boletin1_4 - Fichero:push-to-checkout.sample
2026-10-05 12:33:44.447 [main] INFO  Controlador.Boletin1_4 - Fichero:sendemail-validate.sample
2026-10-05 12:33:44.447 [main] INFO  Controlador.Boletin1_4 - Fichero:update.sample
2026-10-05 12:33:44.447 [main] INFO  Controlador.Boletin1_4 - Fichero:index
2026-10-05 12:33:44.447 [main] INFO  Controlador.Boletin1_4 - Directorio:info
2026-10-05 12:33:44.448 [main] INFO  Controlador.Boletin1_4 - Fichero:exclude
2026-10-05 12:33:44.448 [main] INFO  Controlador.Boletin1_4 - Fichero:refs
2026-10-05 12:33:44.448 [main] INFO  Controlador.Boletin1_4 - Directorio:logs
2026-10-05 12:33:44.448 [main] INFO  Controlador.Boletin1_4 - Fichero:HEAD
2026-10-05 12:33:44.449 [main] INFO  Controlador.Boletin1_4 - Directorio:refs
2026-10-05 12:33:44.449 [main] INFO  Controlador.Boletin1_4 - Directorio:heads
2026-10-05 12:33:44.449 [main] INFO  Controlador.Boletin1_4 - Fichero:main
2026-10-05 12:33:44.449 [main] INFO  Controlador.Boletin1_4 - Directorio:remotes
2026-10-05 12:33:44.450 [main] INFO  Controlador.Boletin1_4 - Directorio:origin
2026-10-05 12:33:44.450 [main] INFO  Controlador.Boletin1_4 - Fichero:main
2026-10-05 12:33:44.450 [main] INFO  Controlador.Boletin1_4 - Directorio:objects
2026-10-05 12:33:44.450 [main] INFO  Controlador.Boletin1_4 - Directorio:02
2026-10-05 12:33:44.452 [main] INFO  Controlador.Boletin1_4 - Fichero:3d01e071a999c22868930ea445ecc3b9e34cbf
2026-10-05 12:33:44.452 [main] INFO  Controlador.Boletin1_4 - Directorio:03
2026-10-05 12:33:44.452 [main] INFO  Controlador.Boletin1_4 - Fichero:ef8fe95afc7e91b6817492f3c8fc8107fbd635
2026-10-05 12:33:44.452 [main] INFO  Controlador.Boletin1_4 - Directorio:04
2026-10-05 12:33:44.453 [main] INFO  Controlador.Boletin1_4 - Fichero:1bb61b8dc6d36c5befbf1c1135f6f93cd944ad
2026-10-05 12:33:44.453 [main] INFO  Controlador.Boletin1_4 - Directorio:09
2026-10-05 12:33:44.453 [main] INFO  Controlador.Boletin1_4 - Fichero:052a0930d7a00e88c106d604031737aad7c835
2026-10-05 12:33:44.454 [main] INFO  Controlador.Boletin1_4 - Directorio:0a
2026-10-05 12:33:44.454 [main] INFO  Controlador.Boletin1_4 - Fichero:8427922c00d0b6522d9c397db5986f0fccf53f
2026-10-05 12:33:44.454 [main] INFO  Controlador.Boletin1_4 - Directorio:0c
2026-10-05 12:33:44.454 [main] INFO  Controlador.Boletin1_4 - Fichero:0be8405045ae6202b8584d9a9269167cb8f2b9
2026-10-05 12:33:44.455 [main] INFO  Controlador.Boletin1_4 - Directorio:0f
2026-10-05 12:33:44.455 [main] INFO  Controlador.Boletin1_4 - Fichero:3e253bb91f52f7ad0669abdfe5f0c819fcedb4
2026-10-05 12:33:44.456 [main] INFO  Controlador.Boletin1_4 - Fichero:7aec15e65a263c557a8c2e8a2e13fbee030372
2026-10-05 12:33:44.456 [main] INFO  Controlador.Boletin1_4 - Fichero:bf988e93480a097e33d6e1ea1facabed186c1d
2026-10-05 12:33:44.456 [main] INFO  Controlador.Boletin1_4 - Directorio:10
2026-10-05 12:33:44.456 [main] INFO  Controlador.Boletin1_4 - Fichero:19db8a6c944e2f525982f5be980ec8fcdd6600
2026-10-05 12:33:44.457 [main] INFO  Controlador.Boletin1_4 - Fichero:80d0ec583585ca6e7edcf3d08b97dfb79a6f8a
2026-10-05 12:33:44.457 [main] INFO  Controlador.Boletin1_4 - Directorio:12
2026-10-05 12:33:44.457 [main] INFO  Controlador.Boletin1_4 - Fichero:33c3a2fa842545270a344889acaf290e1c31b8
2026-10-05 12:33:44.457 [main] INFO  Controlador.Boletin1_4 - Directorio:13
2026-10-05 12:33:44.457 [main] INFO  Controlador.Boletin1_4 - Fichero:7af7c7e8d749eb344e25dec2f3a84ed456610f
2026-10-05 12:33:44.458 [main] INFO  Controlador.Boletin1_4 - Directorio:15
2026-10-05 12:33:44.458 [main] INFO  Controlador.Boletin1_4 - Fichero:dd35f7aa720730a9a19b7638da55d38daa011e
2026-10-05 12:33:44.458 [main] INFO  Controlador.Boletin1_4 - Directorio:18
2026-10-05 12:33:44.459 [main] INFO  Controlador.Boletin1_4 - Fichero:8e5e9b28e9c01bb52f17740ade7b345714e44f
2026-10-05 12:33:44.459 [main] INFO  Controlador.Boletin1_4 - Directorio:1b
2026-10-05 12:33:44.459 [main] INFO  Controlador.Boletin1_4 - Fichero:22064c148543a2727a9713e50e76777b28e1cb
2026-10-05 12:33:44.460 [main] INFO  Controlador.Boletin1_4 - Fichero:ff56c47d083991b25f880512f633e8bb601ca3
2026-10-05 12:33:44.460 [main] INFO  Controlador.Boletin1_4 - Directorio:1e
2026-10-05 12:33:44.460 [main] INFO  Controlador.Boletin1_4 - Fichero:339066300cc5f048842c9ca8b9d6d5ac71cee7
2026-10-05 12:33:44.460 [main] INFO  Controlador.Boletin1_4 - Directorio:22
2026-10-05 12:33:44.460 [main] INFO  Controlador.Boletin1_4 - Fichero:b8154265b297bfe113d951e6376e1ba4197958
2026-10-05 12:33:44.460 [main] INFO  Controlador.Boletin1_4 - Directorio:25
2026-10-05 12:33:44.461 [main] INFO  Controlador.Boletin1_4 - Fichero:061f61bb37e2293a3caa6d062b8afe645b53b6
2026-10-05 12:33:44.461 [main] INFO  Controlador.Boletin1_4 - Fichero:4a2e8001ede8b1ecaf1bea07a4888da3ae0316
2026-10-05 12:33:44.461 [main] INFO  Controlador.Boletin1_4 - Directorio:29
2026-10-05 12:33:44.461 [main] INFO  Controlador.Boletin1_4 - Fichero:8ea83a45a8f85e64ec0f37cf5d560e82af806f
2026-10-05 12:33:44.461 [main] INFO  Controlador.Boletin1_4 - Fichero:d416158572541c757a7518379c62c57fd2677d
2026-10-05 12:33:44.462 [main] INFO  Controlador.Boletin1_4 - Directorio:2a
2026-10-05 12:33:44.462 [main] INFO  Controlador.Boletin1_4 - Fichero:d14995839892620706db9282328c369a2b2aa6
2026-10-05 12:33:44.462 [main] INFO  Controlador.Boletin1_4 - Directorio:2d
2026-10-05 12:33:44.462 [main] INFO  Controlador.Boletin1_4 - Fichero:c48299ea7e03fbc543cf18e0987a6330effe3c
2026-10-05 12:33:44.462 [main] INFO  Controlador.Boletin1_4 - Fichero:d82a4f625c008e8d89c07f58fbfa1c8ca70308
2026-10-05 12:33:44.462 [main] INFO  Controlador.Boletin1_4 - Directorio:2f
2026-10-05 12:33:44.463 [main] INFO  Controlador.Boletin1_4 - Fichero:5b29fd7208b99b258f2b73fa5ab1ae83000c69
2026-10-05 12:33:44.463 [main] INFO  Controlador.Boletin1_4 - Directorio:30
2026-10-05 12:33:44.463 [main] INFO  Controlador.Boletin1_4 - Fichero:a29405bd2de95deff92c688c36ac21db84ff4f
2026-10-05 12:33:44.463 [main] INFO  Controlador.Boletin1_4 - Directorio:31
2026-10-05 12:33:44.463 [main] INFO  Controlador.Boletin1_4 - Fichero:7c4f8c7ec35d2aa1f09444f2f4d86ecc74a6a7
2026-10-05 12:33:44.464 [main] INFO  Controlador.Boletin1_4 - Directorio:33
2026-10-05 12:33:44.464 [main] INFO  Controlador.Boletin1_4 - Fichero:8c8263f5d26b670331eb04187668f23518e015
2026-10-05 12:33:44.464 [main] INFO  Controlador.Boletin1_4 - Fichero:de96f7667971cbdcc4736c36a6e748caa882d1
2026-10-05 12:33:44.464 [main] INFO  Controlador.Boletin1_4 - Directorio:37
2026-10-05 12:33:44.464 [main] INFO  Controlador.Boletin1_4 - Fichero:892526b8f92d3820d388d7affd2e6eb6c0d106
2026-10-05 12:33:44.465 [main] INFO  Controlador.Boletin1_4 - Directorio:3a
2026-10-05 12:33:44.465 [main] INFO  Controlador.Boletin1_4 - Fichero:0563f23b757cdf9f0bbbabd2ed552996a08ee5
2026-10-05 12:33:44.465 [main] INFO  Controlador.Boletin1_4 - Directorio:3b
2026-10-05 12:33:44.465 [main] INFO  Controlador.Boletin1_4 - Fichero:52da0320855bb5fc09dd80da752196b04e3fbc
2026-10-05 12:33:44.465 [main] INFO  Controlador.Boletin1_4 - Directorio:47
2026-10-05 12:33:44.466 [main] INFO  Controlador.Boletin1_4 - Fichero:b61d127828bce09eda1d9cf7af242d4773c4f5
2026-10-05 12:33:44.466 [main] INFO  Controlador.Boletin1_4 - Directorio:48
2026-10-05 12:33:44.466 [main] INFO  Controlador.Boletin1_4 - Fichero:9ca4e541bc4b6f7b1626eaede593c30d654458
2026-10-05 12:33:44.466 [main] INFO  Controlador.Boletin1_4 - Directorio:49
2026-10-05 12:33:44.466 [main] INFO  Controlador.Boletin1_4 - Fichero:ca214f79c8304686ade3841ec1b7701d80b55c
2026-10-05 12:33:44.466 [main] INFO  Controlador.Boletin1_4 - Directorio:4c
2026-10-05 12:33:44.466 [main] INFO  Controlador.Boletin1_4 - Fichero:9e0b3835ba5c41c4741d505925cc4baccdd7f4
2026-10-05 12:33:44.468 [main] INFO  Controlador.Boletin1_4 - Fichero:a097b16460e452b5cbf7133423c68ecc759666
2026-10-05 12:33:44.468 [main] INFO  Controlador.Boletin1_4 - Directorio:50
2026-10-05 12:33:44.468 [main] INFO  Controlador.Boletin1_4 - Fichero:078f5281438a471a8308eefebd14065a6c2602
2026-10-05 12:33:44.468 [main] INFO  Controlador.Boletin1_4 - Directorio:53
2026-10-05 12:33:44.468 [main] INFO  Controlador.Boletin1_4 - Fichero:14812127d2959cdf2890be1a22a61543c2dec7
2026-10-05 12:33:44.469 [main] INFO  Controlador.Boletin1_4 - Directorio:54
2026-10-05 12:33:44.469 [main] INFO  Controlador.Boletin1_4 - Fichero:c3785119432db0ce178798c322b017204b9a08
2026-10-05 12:33:44.469 [main] INFO  Controlador.Boletin1_4 - Directorio:58
2026-10-05 12:33:44.469 [main] INFO  Controlador.Boletin1_4 - Fichero:d998e4e3b146ae02a9963c2e387e619bb3cee6
2026-10-05 12:33:44.469 [main] INFO  Controlador.Boletin1_4 - Directorio:5a
2026-10-05 12:33:44.470 [main] INFO  Controlador.Boletin1_4 - Fichero:a792e8db8815417c3f890dc13b690f07763d6f
2026-10-05 12:33:44.470 [main] INFO  Controlador.Boletin1_4 - Directorio:5c
2026-10-05 12:33:44.470 [main] INFO  Controlador.Boletin1_4 - Fichero:cec925cd85269b4f9ce78d7169d9869f3643db
2026-10-05 12:33:44.471 [main] INFO  Controlador.Boletin1_4 - Directorio:5d
2026-10-05 12:33:44.471 [main] INFO  Controlador.Boletin1_4 - Fichero:8a31354031a36727de7eab43edc8a8046d8a51
2026-10-05 12:33:44.471 [main] INFO  Controlador.Boletin1_4 - Fichero:e899fe1a189f7436d66fb2d4e21f4b8528b79b
2026-10-05 12:33:44.471 [main] INFO  Controlador.Boletin1_4 - Directorio:5e
2026-10-05 12:33:44.471 [main] INFO  Controlador.Boletin1_4 - Fichero:459c6b0c068b058a1b4d4dbd53943882874077
2026-10-05 12:33:44.471 [main] INFO  Controlador.Boletin1_4 - Fichero:b9c97b946a8364de4cbb4bd7d40e921f921b50
2026-10-05 12:33:44.472 [main] INFO  Controlador.Boletin1_4 - Directorio:61
2026-10-05 12:33:44.472 [main] INFO  Controlador.Boletin1_4 - Fichero:5469f2679a82731e3be3e34537a9f65adecab8
2026-10-05 12:33:44.472 [main] INFO  Controlador.Boletin1_4 - Directorio:62
2026-10-05 12:33:44.472 [main] INFO  Controlador.Boletin1_4 - Fichero:0d884722c3d0a88bb332042c99cfd04a0c43a6
2026-10-05 12:33:44.472 [main] INFO  Controlador.Boletin1_4 - Fichero:ca0657c3f8c79f03e8b63734965b8945aba1fb
2026-10-05 12:33:44.473 [main] INFO  Controlador.Boletin1_4 - Directorio:64
2026-10-05 12:33:44.473 [main] INFO  Controlador.Boletin1_4 - Fichero:9ca1e15bff71b8e248602c158ae12bbc6d0e08
2026-10-05 12:33:44.473 [main] INFO  Controlador.Boletin1_4 - Directorio:65
2026-10-05 12:33:44.473 [main] INFO  Controlador.Boletin1_4 - Fichero:2da6d00f797d416fa6a1543ba75b60b02f72a4
2026-10-05 12:33:44.473 [main] INFO  Controlador.Boletin1_4 - Directorio:66
2026-10-05 12:33:44.473 [main] INFO  Controlador.Boletin1_4 - Fichero:5b4043ba2fc44ab933db002fa9309fba66fbeb
2026-10-05 12:33:44.473 [main] INFO  Controlador.Boletin1_4 - Directorio:68
2026-10-05 12:33:44.473 [main] INFO  Controlador.Boletin1_4 - Fichero:239d262c95797d5c3d876b06277ede9371fb73
2026-10-05 12:33:44.473 [main] INFO  Controlador.Boletin1_4 - Fichero:71151d3d30a92a0d9d773459d322caf5f9c94d
2026-10-05 12:33:44.473 [main] INFO  Controlador.Boletin1_4 - Directorio:69
2026-10-05 12:33:44.475 [main] INFO  Controlador.Boletin1_4 - Fichero:a75b892b236d1687602f4b7eddcefa2547362a
2026-10-05 12:33:44.475 [main] INFO  Controlador.Boletin1_4 - Directorio:6a
2026-10-05 12:33:44.475 [main] INFO  Controlador.Boletin1_4 - Fichero:53ed6eb2747d458184bd3d2029b7fa209eb1b7
2026-10-05 12:33:44.475 [main] INFO  Controlador.Boletin1_4 - Directorio:6c
2026-10-05 12:33:44.475 [main] INFO  Controlador.Boletin1_4 - Fichero:82f75e86ff1d8fcbf02749189d392fcafd3429
2026-10-05 12:33:44.475 [main] INFO  Controlador.Boletin1_4 - Fichero:db20ce7e345beed10b6cfdfa638d0028b67c61
2026-10-05 12:33:44.476 [main] INFO  Controlador.Boletin1_4 - Fichero:e919339dd9a91a999410ba9efec3968099e7ac
2026-10-05 12:33:44.476 [main] INFO  Controlador.Boletin1_4 - Directorio:70
2026-10-05 12:33:44.476 [main] INFO  Controlador.Boletin1_4 - Fichero:1b816cf859f5769a2b1b85d263e363897397d1
2026-10-05 12:33:44.476 [main] INFO  Controlador.Boletin1_4 - Directorio:71
2026-10-05 12:33:44.476 [main] INFO  Controlador.Boletin1_4 - Fichero:6ffd97eefe8549d841a57b8495b272d1bf9e12
2026-10-05 12:33:44.476 [main] INFO  Controlador.Boletin1_4 - Directorio:74
2026-10-05 12:33:44.476 [main] INFO  Controlador.Boletin1_4 - Fichero:7eaa7daf107c213ef05b0b53ebbf9efd3b9514
2026-10-05 12:33:44.477 [main] INFO  Controlador.Boletin1_4 - Fichero:dad6b7f0807dfbdab83409be8cfce74051b2ba
2026-10-05 12:33:44.477 [main] INFO  Controlador.Boletin1_4 - Directorio:77
2026-10-05 12:33:44.477 [main] INFO  Controlador.Boletin1_4 - Fichero:b4ed80c7f451df6ad7b9ff9be6f6b7e86a8fe8
2026-10-05 12:33:44.477 [main] INFO  Controlador.Boletin1_4 - Directorio:79
2026-10-05 12:33:44.477 [main] INFO  Controlador.Boletin1_4 - Fichero:7a21feef57ab14269565a0e31ce659c2e19470
2026-10-05 12:33:44.477 [main] INFO  Controlador.Boletin1_4 - Directorio:7a
2026-10-05 12:33:44.478 [main] INFO  Controlador.Boletin1_4 - Fichero:44d7835666b140c07e81504824569ba35463d9
2026-10-05 12:33:44.478 [main] INFO  Controlador.Boletin1_4 - Directorio:85
2026-10-05 12:33:44.478 [main] INFO  Controlador.Boletin1_4 - Fichero:d4092ad07a286e68e906617e7875e59ecfcfb1
2026-10-05 12:33:44.478 [main] INFO  Controlador.Boletin1_4 - Directorio:86
2026-10-05 12:33:44.478 [main] INFO  Controlador.Boletin1_4 - Fichero:43ebf054c9e5f1cfb54e2c221f7ffc85643177
2026-10-05 12:33:44.478 [main] INFO  Controlador.Boletin1_4 - Fichero:a47a87b9020183cae566ea28277c525348f8fb
2026-10-05 12:33:44.478 [main] INFO  Controlador.Boletin1_4 - Directorio:88
2026-10-05 12:33:44.478 [main] INFO  Controlador.Boletin1_4 - Fichero:534eea7d9c9d9827dda6f22d2f2d766c14c16d
2026-10-05 12:33:44.479 [main] INFO  Controlador.Boletin1_4 - Directorio:8b
2026-10-05 12:33:44.479 [main] INFO  Controlador.Boletin1_4 - Fichero:344a45689b86cd479085babdca6dba805db244
2026-10-05 12:33:44.479 [main] INFO  Controlador.Boletin1_4 - Directorio:8d
2026-10-05 12:33:44.479 [main] INFO  Controlador.Boletin1_4 - Fichero:c71ca9c7ae5ac4573a909221730efa3f0b8bef
2026-10-05 12:33:44.480 [main] INFO  Controlador.Boletin1_4 - Directorio:92
2026-10-05 12:33:44.480 [main] INFO  Controlador.Boletin1_4 - Fichero:7a82c12808b6fdceea68bbf58eb77f16d3f4b8
2026-10-05 12:33:44.480 [main] INFO  Controlador.Boletin1_4 - Directorio:93
2026-10-05 12:33:44.480 [main] INFO  Controlador.Boletin1_4 - Fichero:ad88d101b9753f4fade275c5d3629d121ac4f8
2026-10-05 12:33:44.481 [main] INFO  Controlador.Boletin1_4 - Directorio:94
2026-10-05 12:33:44.481 [main] INFO  Controlador.Boletin1_4 - Fichero:9b4c34e8bc1eb18da9cb67a4fd32e526199a1f
2026-10-05 12:33:44.481 [main] INFO  Controlador.Boletin1_4 - Directorio:97
2026-10-05 12:33:44.481 [main] INFO  Controlador.Boletin1_4 - Fichero:98f333f8d1b57732ebdf1b9ae2433d432a97ca
2026-10-05 12:33:44.483 [main] INFO  Controlador.Boletin1_4 - Fichero:d6cd693d2951f6b0dd1de9ba6e419e83f7633f
2026-10-05 12:33:44.483 [main] INFO  Controlador.Boletin1_4 - Directorio:99
2026-10-05 12:33:44.483 [main] INFO  Controlador.Boletin1_4 - Fichero:181f7dc8979014e65645cb283bf6c733689013
2026-10-05 12:33:44.483 [main] INFO  Controlador.Boletin1_4 - Fichero:af97b739f99ce15ec3e8acdee4fc5708f53074
2026-10-05 12:33:44.484 [main] INFO  Controlador.Boletin1_4 - Fichero:e2515ca3f95245eb00b0e005f7299ef1822ea1
2026-10-05 12:33:44.484 [main] INFO  Controlador.Boletin1_4 - Directorio:9a
2026-10-05 12:33:44.484 [main] INFO  Controlador.Boletin1_4 - Fichero:4c5c86edfc246e53913a31b0a2c2451e9be8de
2026-10-05 12:33:44.484 [main] INFO  Controlador.Boletin1_4 - Fichero:e8f115362a0f18ff08f96d05448eb110e7ef1c
2026-10-05 12:33:44.484 [main] INFO  Controlador.Boletin1_4 - Directorio:9b
2026-10-05 12:33:44.485 [main] INFO  Controlador.Boletin1_4 - Fichero:13275ddf54f851ee395c90e0cbdeb8c78f2f47
2026-10-05 12:33:44.485 [main] INFO  Controlador.Boletin1_4 - Directorio:9c
2026-10-05 12:33:44.485 [main] INFO  Controlador.Boletin1_4 - Fichero:8159dd2019dd63c59301dd08f770d42c4e5841
2026-10-05 12:33:44.485 [main] INFO  Controlador.Boletin1_4 - Directorio:9d
2026-10-05 12:33:44.486 [main] INFO  Controlador.Boletin1_4 - Fichero:a869be9a9dae8b5c4e79d587582d8d334a9ef5
2026-10-05 12:33:44.486 [main] INFO  Controlador.Boletin1_4 - Directorio:9f
2026-10-05 12:33:44.486 [main] INFO  Controlador.Boletin1_4 - Fichero:f34df3e7d3dcccf050ea0473249bd0b2597794
2026-10-05 12:33:44.487 [main] INFO  Controlador.Boletin1_4 - Directorio:a1
2026-10-05 12:33:44.487 [main] INFO  Controlador.Boletin1_4 - Fichero:57215f17ca9513e90c9f145b29b762b6a208b8
2026-10-05 12:33:44.487 [main] INFO  Controlador.Boletin1_4 - Directorio:a5
2026-10-05 12:33:44.487 [main] INFO  Controlador.Boletin1_4 - Fichero:df3a8581eac1134d2568ae637d3e14e16d40a6
2026-10-05 12:33:44.487 [main] INFO  Controlador.Boletin1_4 - Directorio:a8
2026-10-05 12:33:44.487 [main] INFO  Controlador.Boletin1_4 - Fichero:a8c4eceb4fe685b5e9d945f737bd27c0a8d164
2026-10-05 12:33:44.487 [main] INFO  Controlador.Boletin1_4 - Directorio:ac
2026-10-05 12:33:44.487 [main] INFO  Controlador.Boletin1_4 - Fichero:6259af71ce1115ab29f166dabcc1e808310c1b
2026-10-05 12:33:44.487 [main] INFO  Controlador.Boletin1_4 - Directorio:af
2026-10-05 12:33:44.488 [main] INFO  Controlador.Boletin1_4 - Fichero:43adf015684ff9fa932856664261c624e074cc
2026-10-05 12:33:44.488 [main] INFO  Controlador.Boletin1_4 - Fichero:6c90611ba65313f932e54205fe3f21784e545c
2026-10-05 12:33:44.488 [main] INFO  Controlador.Boletin1_4 - Fichero:748c33fe6565bc6ee0c0f757df9810759bfb09
2026-10-05 12:33:44.488 [main] INFO  Controlador.Boletin1_4 - Fichero:a26d12ceb6818fe5aaa22edcc2803c887bcc74
2026-10-05 12:33:44.488 [main] INFO  Controlador.Boletin1_4 - Directorio:b1
2026-10-05 12:33:44.488 [main] INFO  Controlador.Boletin1_4 - Fichero:47dca140e6c52ad9b2d3450483fed045a7d6b7
2026-10-05 12:33:44.489 [main] INFO  Controlador.Boletin1_4 - Directorio:bf
2026-10-05 12:33:44.489 [main] INFO  Controlador.Boletin1_4 - Fichero:c07a47174cb38e861ae967d6f1838b999eda59
2026-10-05 12:33:44.489 [main] INFO  Controlador.Boletin1_4 - Directorio:c5
2026-10-05 12:33:44.489 [main] INFO  Controlador.Boletin1_4 - Fichero:7aece00299ea5d36a0fc2337bedc67c07863a6
2026-10-05 12:33:44.489 [main] INFO  Controlador.Boletin1_4 - Directorio:ca
2026-10-05 12:33:44.490 [main] INFO  Controlador.Boletin1_4 - Fichero:e5b889e499f33f683558a73b87676ea0dbcac6
2026-10-05 12:33:44.490 [main] INFO  Controlador.Boletin1_4 - Directorio:cc
2026-10-05 12:33:44.490 [main] INFO  Controlador.Boletin1_4 - Fichero:a58fc0abf95c39f61c8a88c4a07c8b94a45701
2026-10-05 12:33:44.490 [main] INFO  Controlador.Boletin1_4 - Directorio:ce
2026-10-05 12:33:44.490 [main] INFO  Controlador.Boletin1_4 - Fichero:5705b22946e0ad3b3ac3e181223ecc38736c15
2026-10-05 12:33:44.490 [main] INFO  Controlador.Boletin1_4 - Directorio:cf
2026-10-05 12:33:44.492 [main] INFO  Controlador.Boletin1_4 - Fichero:2af819929cad24b30cb6b84fb5631facbdfb7f
2026-10-05 12:33:44.492 [main] INFO  Controlador.Boletin1_4 - Fichero:7dcd723c17adbd5635aaec1097744b45eb680f
2026-10-05 12:33:44.492 [main] INFO  Controlador.Boletin1_4 - Directorio:d1
2026-10-05 12:33:44.492 [main] INFO  Controlador.Boletin1_4 - Fichero:6394f7789b8b18e8747151fe663f8b07823b26
2026-10-05 12:33:44.492 [main] INFO  Controlador.Boletin1_4 - Directorio:d2
2026-10-05 12:33:44.493 [main] INFO  Controlador.Boletin1_4 - Fichero:0cb2b2bed9bd97ca611c769cc8a8dbdf4e21e7
2026-10-05 12:33:44.493 [main] INFO  Controlador.Boletin1_4 - Fichero:39c8bdb73612b9b2e5d41294f41e90177181f0
2026-10-05 12:33:44.493 [main] INFO  Controlador.Boletin1_4 - Fichero:c27c49bdaace0427f3c27e53e0141ba218e2e6
2026-10-05 12:33:44.493 [main] INFO  Controlador.Boletin1_4 - Directorio:d3
2026-10-05 12:33:44.493 [main] INFO  Controlador.Boletin1_4 - Fichero:d1cdbcb499e632440d3f4b5341fc6cd12f14d9
2026-10-05 12:33:44.493 [main] INFO  Controlador.Boletin1_4 - Directorio:d5
2026-10-05 12:33:44.493 [main] INFO  Controlador.Boletin1_4 - Fichero:32e01a6c40537583134c5fe1a6bccf1ec94ec6
2026-10-05 12:33:44.494 [main] INFO  Controlador.Boletin1_4 - Directorio:d6
2026-10-05 12:33:44.494 [main] INFO  Controlador.Boletin1_4 - Fichero:88457e9e9cf19537e665f30fa204f04bb19e9b
2026-10-05 12:33:44.494 [main] INFO  Controlador.Boletin1_4 - Directorio:d9
2026-10-05 12:33:44.494 [main] INFO  Controlador.Boletin1_4 - Fichero:db76d4cbeae0d8a8eabe32d4c77419c36aeb31
2026-10-05 12:33:44.494 [main] INFO  Controlador.Boletin1_4 - Fichero:e4b42193122c167b969e2fc57dcf02589cf1b6
2026-10-05 12:33:44.495 [main] INFO  Controlador.Boletin1_4 - Fichero:eedb672d2510ddee534db22800042e90a9e6cb
2026-10-05 12:33:44.495 [main] INFO  Controlador.Boletin1_4 - Directorio:dd
2026-10-05 12:33:44.495 [main] INFO  Controlador.Boletin1_4 - Fichero:22235063f1929c5deab83ac08642b779ea4ea0
2026-10-05 12:33:44.495 [main] INFO  Controlador.Boletin1_4 - Fichero:5b2e51cc8d6ebbbd1ca5f6012c64cd19581ff7
2026-10-05 12:33:44.495 [main] INFO  Controlador.Boletin1_4 - Directorio:de
2026-10-05 12:33:44.496 [main] INFO  Controlador.Boletin1_4 - Fichero:f63b5a1bb760579d5b52639f5baf9d927faa32
2026-10-05 12:33:44.496 [main] INFO  Controlador.Boletin1_4 - Directorio:df
2026-10-05 12:33:44.496 [main] INFO  Controlador.Boletin1_4 - Fichero:9d5e3d622d9d82d1ce4dc533bdcf9cddbb353e
2026-10-05 12:33:44.496 [main] INFO  Controlador.Boletin1_4 - Directorio:e0
2026-10-05 12:33:44.497 [main] INFO  Controlador.Boletin1_4 - Fichero:661acc3c37e3b4f654301d4c1c218fedcb1afb
2026-10-05 12:33:44.497 [main] INFO  Controlador.Boletin1_4 - Directorio:e1
2026-10-05 12:33:44.497 [main] INFO  Controlador.Boletin1_4 - Fichero:e0397eabcef99a60a717c02a1ac430601edaf9
2026-10-05 12:33:44.497 [main] INFO  Controlador.Boletin1_4 - Directorio:e2
2026-10-05 12:33:44.497 [main] INFO  Controlador.Boletin1_4 - Fichero:a21624285715a450f1c3fca06153a8c8662d26
2026-10-05 12:33:44.497 [main] INFO  Controlador.Boletin1_4 - Directorio:e3
2026-10-05 12:33:44.497 [main] INFO  Controlador.Boletin1_4 - Fichero:9944d6e8d795b331fb6b382314c2d73dfcb38e
2026-10-05 12:33:44.497 [main] INFO  Controlador.Boletin1_4 - Directorio:e4
2026-10-05 12:33:44.497 [main] INFO  Controlador.Boletin1_4 - Fichero:0d4e9d3d808078c5894a7f90b537a001c1f0e6
2026-10-05 12:33:44.498 [main] INFO  Controlador.Boletin1_4 - Directorio:e5
2026-10-05 12:33:44.498 [main] INFO  Controlador.Boletin1_4 - Fichero:74fc2559eddf6c82e7520061aaaa3456a4bbb1
2026-10-05 12:33:44.498 [main] INFO  Controlador.Boletin1_4 - Directorio:e6
2026-10-05 12:33:44.498 [main] INFO  Controlador.Boletin1_4 - Fichero:452397fda3d032a2efe5c4e89de0c73b64e262
2026-10-05 12:33:44.498 [main] INFO  Controlador.Boletin1_4 - Directorio:e7
2026-10-05 12:33:44.499 [main] INFO  Controlador.Boletin1_4 - Fichero:e8669a9a4c2b5ee1d133eb63c7c57f2da49680
2026-10-05 12:33:44.499 [main] INFO  Controlador.Boletin1_4 - Directorio:e9
2026-10-05 12:33:44.499 [main] INFO  Controlador.Boletin1_4 - Fichero:e5e679b2dbadaef7ab5aac2fa07b2433be7032
2026-10-05 12:33:44.499 [main] INFO  Controlador.Boletin1_4 - Directorio:eb
2026-10-05 12:33:44.499 [main] INFO  Controlador.Boletin1_4 - Fichero:fac3263f2873f67de4bf3c9bb7fd452d461059
2026-10-05 12:33:44.499 [main] INFO  Controlador.Boletin1_4 - Directorio:ec
2026-10-05 12:33:44.500 [main] INFO  Controlador.Boletin1_4 - Fichero:a2642960a169b7e13118dde5fa453edf7c46ec
2026-10-05 12:33:44.500 [main] INFO  Controlador.Boletin1_4 - Directorio:ed
2026-10-05 12:33:44.500 [main] INFO  Controlador.Boletin1_4 - Fichero:41fe014f9fbd73d27b0c6bc345dcf8e009385b
2026-10-05 12:33:44.500 [main] INFO  Controlador.Boletin1_4 - Fichero:45386b938dd4d4816da7930f60c55a1ccc7a23
2026-10-05 12:33:44.500 [main] INFO  Controlador.Boletin1_4 - Directorio:ef
2026-10-05 12:33:44.500 [main] INFO  Controlador.Boletin1_4 - Fichero:4dc4fff3b4e4fe37e060258fc054d84a165aa0
2026-10-05 12:33:44.500 [main] INFO  Controlador.Boletin1_4 - Directorio:f2
2026-10-05 12:33:44.500 [main] INFO  Controlador.Boletin1_4 - Fichero:9fafc53f41b34d30e4eb6467349b5145e0b9ef
2026-10-05 12:33:44.500 [main] INFO  Controlador.Boletin1_4 - Directorio:f6
2026-10-05 12:33:44.502 [main] INFO  Controlador.Boletin1_4 - Fichero:9f12965604b6853a329738cbbf33b0ea4a7ec8
2026-10-05 12:33:44.502 [main] INFO  Controlador.Boletin1_4 - Directorio:f7
2026-10-05 12:33:44.502 [main] INFO  Controlador.Boletin1_4 - Fichero:7622818809e18fcfe471bfc4b360af8f61cb10
2026-10-05 12:33:44.502 [main] INFO  Controlador.Boletin1_4 - Directorio:f8
2026-10-05 12:33:44.502 [main] INFO  Controlador.Boletin1_4 - Fichero:138da74a3cea6b3a8cc5f34cf30b57c1b52437
2026-10-05 12:33:44.502 [main] INFO  Controlador.Boletin1_4 - Directorio:fc
2026-10-05 12:33:44.503 [main] INFO  Controlador.Boletin1_4 - Fichero:624fabb0d23c72dfe7547750f878cc6e252ff1
2026-10-05 12:33:44.503 [main] INFO  Controlador.Boletin1_4 - Directorio:fd
2026-10-05 12:33:44.503 [main] INFO  Controlador.Boletin1_4 - Fichero:8da2afa2698e973690cf3066a2dfcef0161346
2026-10-05 12:33:44.503 [main] INFO  Controlador.Boletin1_4 - Directorio:fe
2026-10-05 12:33:44.503 [main] INFO  Controlador.Boletin1_4 - Fichero:89c1f7cc4e225598a910e1818ae095fcabcf1a
2026-10-05 12:33:44.503 [main] INFO  Controlador.Boletin1_4 - Directorio:ff
2026-10-05 12:33:44.503 [main] INFO  Controlador.Boletin1_4 - Fichero:e29e1c35aa5aa07e19584a62de8919acd6eb4f
2026-10-05 12:33:44.503 [main] INFO  Controlador.Boletin1_4 - Directorio:info
2026-10-05 12:33:44.504 [main] INFO  Controlador.Boletin1_4 - Fichero:packs
2026-10-05 12:33:44.504 [main] INFO  Controlador.Boletin1_4 - Directorio:pack
2026-10-05 12:33:44.504 [main] INFO  Controlador.Boletin1_4 - Fichero:multi-pack-index
2026-10-05 12:33:44.504 [main] INFO  Controlador.Boletin1_4 - Fichero:pack-29c56932a182575ad7ec0e6e0e1ecfb877f3793e.idx
2026-10-05 12:33:44.504 [main] INFO  Controlador.Boletin1_4 - Fichero:pack-29c56932a182575ad7ec0e6e0e1ecfb877f3793e.pack
2026-10-05 12:33:44.504 [main] INFO  Controlador.Boletin1_4 - Fichero:pack-29c56932a182575ad7ec0e6e0e1ecfb877f3793e.rev
2026-10-05 12:33:44.504 [main] INFO  Controlador.Boletin1_4 - Fichero:ORIG_HEAD
2026-10-05 12:33:44.505 [main] INFO  Controlador.Boletin1_4 - Directorio:refs
2026-10-05 12:33:44.505 [main] INFO  Controlador.Boletin1_4 - Directorio:heads
2026-10-05 12:33:44.505 [main] INFO  Controlador.Boletin1_4 - Fichero:main
2026-10-05 12:33:44.505 [main] INFO  Controlador.Boletin1_4 - Directorio:remotes
2026-10-05 12:33:44.505 [main] INFO  Controlador.Boletin1_4 - Directorio:origin
2026-10-05 12:33:44.505 [main] INFO  Controlador.Boletin1_4 - Fichero:main
2026-10-05 12:33:44.506 [main] INFO  Controlador.Boletin1_4 - Directorio:tags
2026-10-05 12:33:44.506 [main] INFO  Controlador.Boletin1_4 - Fichero:.gitignore
2026-10-05 12:33:44.506 [main] INFO  Controlador.Boletin1_4 - Directorio:.metadata
2026-10-05 12:33:44.506 [main] INFO  Controlador.Boletin1_4 - Fichero:.bak_0.log
2026-10-05 12:33:44.506 [main] INFO  Controlador.Boletin1_4 - Fichero:.bak_1.log
2026-10-05 12:33:44.507 [main] INFO  Controlador.Boletin1_4 - Fichero:.bak_2.log
2026-10-05 12:33:44.507 [main] INFO  Controlador.Boletin1_4 - Fichero:.bak_3.log
2026-10-05 12:33:44.507 [main] INFO  Controlador.Boletin1_4 - Fichero:.lock
2026-10-05 12:33:44.507 [main] INFO  Controlador.Boletin1_4 - Fichero:.lock_info
2026-10-05 12:33:44.507 [main] INFO  Controlador.Boletin1_4 - Fichero:.log
2026-10-05 12:33:44.507 [main] INFO  Controlador.Boletin1_4 - Directorio:.mylyn
2026-10-05 12:33:44.507 [main] INFO  Controlador.Boletin1_4 - Directorio:contexts
2026-10-05 12:33:44.508 [main] INFO  Controlador.Boletin1_4 - Fichero:repositories.xml.zip
2026-10-05 12:33:44.508 [main] INFO  Controlador.Boletin1_4 - Directorio:.plugins
2026-10-05 12:33:44.508 [main] INFO  Controlador.Boletin1_4 - Directorio:org.eclipse.buildship.core
2026-10-05 12:33:44.509 [main] INFO  Controlador.Boletin1_4 - Directorio:gradle
2026-10-05 12:33:44.509 [main] INFO  Controlador.Boletin1_4 - Fichero:versions.json
2026-10-05 12:33:44.509 [main] INFO  Controlador.Boletin1_4 - Directorio:org.eclipse.core.resources
2026-10-05 12:33:44.509 [main] INFO  Controlador.Boletin1_4 - Directorio:.history
2026-10-05 12:33:44.509 [main] INFO  Controlador.Boletin1_4 - Directorio:0
2026-10-05 12:33:44.511 [main] INFO  Controlador.Boletin1_4 - Fichero:20b3adeee9b700111ea3fa60e5cdf6c3
2026-10-05 12:33:44.511 [main] INFO  Controlador.Boletin1_4 - Fichero:e0d5bce26cbd001111faea14e11e7656
2026-10-05 12:33:44.511 [main] INFO  Controlador.Boletin1_4 - Directorio:1
2026-10-05 12:33:44.511 [main] INFO  Controlador.Boletin1_4 - Directorio:10
2026-10-05 12:33:44.512 [main] INFO  Controlador.Boletin1_4 - Fichero:a05bf4175db600111283a34d65b74646
2026-10-05 12:33:44.512 [main] INFO  Controlador.Boletin1_4 - Directorio:11
2026-10-05 12:33:44.512 [main] INFO  Controlador.Boletin1_4 - Fichero:90e1fa32a7c00011116883df672a67b1
2026-10-05 12:33:44.512 [main] INFO  Controlador.Boletin1_4 - Directorio:12
2026-10-05 12:33:44.513 [main] INFO  Controlador.Boletin1_4 - Fichero:b037e867a1b500111c8884e96843f29f
2026-10-05 12:33:44.513 [main] INFO  Controlador.Boletin1_4 - Directorio:13
2026-10-05 12:33:44.513 [main] INFO  Controlador.Boletin1_4 - Fichero:603a94cc6cbd001111faea14e11e7656
2026-10-05 12:33:44.513 [main] INFO  Controlador.Boletin1_4 - Directorio:15
2026-10-05 12:33:44.513 [main] INFO  Controlador.Boletin1_4 - Fichero:10cdec6c60b600111283a34d65b74646
2026-10-05 12:33:44.513 [main] INFO  Controlador.Boletin1_4 - Fichero:600f4064a6c00011116883df672a67b1
2026-10-05 12:33:44.514 [main] INFO  Controlador.Boletin1_4 - Fichero:a0e7132f6bbd001111faea14e11e7656
2026-10-05 12:33:44.514 [main] INFO  Controlador.Boletin1_4 - Directorio:16
2026-10-05 12:33:44.514 [main] INFO  Controlador.Boletin1_4 - Fichero:10fc565aeeb500111289d348c836e07d
2026-10-05 12:33:44.514 [main] INFO  Controlador.Boletin1_4 - Fichero:308c66e391b500111f03e93714154feb
2026-10-05 12:33:44.514 [main] INFO  Controlador.Boletin1_4 - Fichero:503ebc3aa8c00011116883df672a67b1
2026-10-05 12:33:44.514 [main] INFO  Controlador.Boletin1_4 - Directorio:17
2026-10-05 12:33:44.514 [main] INFO  Controlador.Boletin1_4 - Fichero:e0e7cd4a69bd001111faea14e11e7656
2026-10-05 12:33:44.516 [main] INFO  Controlador.Boletin1_4 - Directorio:19
2026-10-05 12:33:44.516 [main] INFO  Controlador.Boletin1_4 - Fichero:90df41299ab500111b4a8e442ae3fc7d
2026-10-05 12:33:44.516 [main] INFO  Controlador.Boletin1_4 - Directorio:1a
2026-10-05 12:33:44.516 [main] INFO  Controlador.Boletin1_4 - Fichero:00ee0285a3c00011116883df672a67b1
2026-10-05 12:33:44.516 [main] INFO  Controlador.Boletin1_4 - Directorio:1d
2026-10-05 12:33:44.516 [main] INFO  Controlador.Boletin1_4 - Fichero:107c9161a4c00011116883df672a67b1
2026-10-05 12:33:44.516 [main] INFO  Controlador.Boletin1_4 - Fichero:30c67b1d6abd001111faea14e11e7656
2026-10-05 12:33:44.517 [main] INFO  Controlador.Boletin1_4 - Directorio:1e
2026-10-05 12:33:44.517 [main] INFO  Controlador.Boletin1_4 - Fichero:b0c2f8b3a4c00011116883df672a67b1
2026-10-05 12:33:44.517 [main] INFO  Controlador.Boletin1_4 - Fichero:c0340452edb500111289d348c836e07d
2026-10-05 12:33:44.517 [main] INFO  Controlador.Boletin1_4 - Directorio:1f
2026-10-05 12:33:44.517 [main] INFO  Controlador.Boletin1_4 - Fichero:505bf4165eb600111283a34d65b74646
2026-10-05 12:33:44.517 [main] INFO  Controlador.Boletin1_4 - Directorio:2
2026-10-05 12:33:44.518 [main] INFO  Controlador.Boletin1_4 - Fichero:00dfcc8f60b600111283a34d65b74646
2026-10-05 12:33:44.518 [main] INFO  Controlador.Boletin1_4 - Fichero:70b004f2f3b500111289d348c836e07d
2026-10-05 12:33:44.518 [main] INFO  Controlador.Boletin1_4 - Directorio:21
2026-10-05 12:33:44.519 [main] INFO  Controlador.Boletin1_4 - Fichero:20a094125db600111283a34d65b74646
2026-10-05 12:33:44.519 [main] INFO  Controlador.Boletin1_4 - Fichero:906c445ea7c00011116883df672a67b1
2026-10-05 12:33:44.519 [main] INFO  Controlador.Boletin1_4 - Directorio:22
2026-10-05 12:33:44.519 [main] INFO  Controlador.Boletin1_4 - Fichero:800d732169bd001111faea14e11e7656
2026-10-05 12:33:44.519 [main] INFO  Controlador.Boletin1_4 - Fichero:c020ff42a1c00011116883df672a67b1
2026-10-05 12:33:44.520 [main] INFO  Controlador.Boletin1_4 - Fichero:c0cb36a1e6b700111ea3fa60e5cdf6c3
2026-10-05 12:33:44.520 [main] INFO  Controlador.Boletin1_4 - Directorio:23
2026-10-05 12:33:44.520 [main] INFO  Controlador.Boletin1_4 - Fichero:109a6092a4c00011116883df672a67b1
2026-10-05 12:33:44.520 [main] INFO  Controlador.Boletin1_4 - Directorio:24
2026-10-05 12:33:44.520 [main] INFO  Controlador.Boletin1_4 - Fichero:10fde4e960b600111283a34d65b74646
2026-10-05 12:33:44.520 [main] INFO  Controlador.Boletin1_4 - Fichero:5054a06d60bd001111faea14e11e7656
2026-10-05 12:33:44.521 [main] INFO  Controlador.Boletin1_4 - Fichero:60fceed7a0c00011116883df672a67b1
2026-10-05 12:33:44.521 [main] INFO  Controlador.Boletin1_4 - Fichero:9060d19b99b500111b4a8e442ae3fc7d
2026-10-05 12:33:44.521 [main] INFO  Controlador.Boletin1_4 - Directorio:25
2026-10-05 12:33:44.521 [main] INFO  Controlador.Boletin1_4 - Fichero:30457781edb500111289d348c836e07d
2026-10-05 12:33:44.521 [main] INFO  Controlador.Boletin1_4 - Fichero:50cb519aa3c00011116883df672a67b1
2026-10-05 12:33:44.521 [main] INFO  Controlador.Boletin1_4 - Directorio:28
2026-10-05 12:33:44.521 [main] INFO  Controlador.Boletin1_4 - Fichero:5065e915edb500111289d348c836e07d
2026-10-05 12:33:44.521 [main] INFO  Controlador.Boletin1_4 - Fichero:e0aeeeb393b500111f03e93714154feb
2026-10-05 12:33:44.521 [main] INFO  Controlador.Boletin1_4 - Directorio:29
2026-10-05 12:33:44.523 [main] INFO  Controlador.Boletin1_4 - Fichero:505d5cb762b600111283a34d65b74646
2026-10-05 12:33:44.523 [main] INFO  Controlador.Boletin1_4 - Fichero:b00fc1b85db600111283a34d65b74646
2026-10-05 12:33:44.523 [main] INFO  Controlador.Boletin1_4 - Directorio:2a
2026-10-05 12:33:44.523 [main] INFO  Controlador.Boletin1_4 - Fichero:b087d2d069bd001111faea14e11e7656
2026-10-05 12:33:44.523 [main] INFO  Controlador.Boletin1_4 - Fichero:f0439c15a7c00011116883df672a67b1
2026-10-05 12:33:44.523 [main] INFO  Controlador.Boletin1_4 - Directorio:2c
2026-10-05 12:33:44.524 [main] INFO  Controlador.Boletin1_4 - Fichero:20c43300a7c00011116883df672a67b1
2026-10-05 12:33:44.524 [main] INFO  Controlador.Boletin1_4 - Fichero:4087d2f0a2c00011116883df672a67b1
2026-10-05 12:33:44.524 [main] INFO  Controlador.Boletin1_4 - Directorio:2d
2026-10-05 12:33:44.524 [main] INFO  Controlador.Boletin1_4 - Fichero:101443b796c00011116883df672a67b1
2026-10-05 12:33:44.524 [main] INFO  Controlador.Boletin1_4 - Fichero:30504eb393b500111f03e93714154feb
2026-10-05 12:33:44.524 [main] INFO  Controlador.Boletin1_4 - Fichero:a0bbe34888b500111036c3a5db28e8e1
2026-10-05 12:33:44.524 [main] INFO  Controlador.Boletin1_4 - Directorio:3
2026-10-05 12:33:44.525 [main] INFO  Controlador.Boletin1_4 - Fichero:2013c6a0e7b700111ea3fa60e5cdf6c3
2026-10-05 12:33:44.525 [main] INFO  Controlador.Boletin1_4 - Fichero:90293d836bbd001111faea14e11e7656
2026-10-05 12:33:44.525 [main] INFO  Controlador.Boletin1_4 - Directorio:31
2026-10-05 12:33:44.525 [main] INFO  Controlador.Boletin1_4 - Fichero:005d32bda4c00011116883df672a67b1
2026-10-05 12:33:44.525 [main] INFO  Controlador.Boletin1_4 - Fichero:3090afe5f1b500111289d348c836e07d
2026-10-05 12:33:44.525 [main] INFO  Controlador.Boletin1_4 - Fichero:c0d0919ca1b500111c8884e96843f29f
2026-10-05 12:33:44.525 [main] INFO  Controlador.Boletin1_4 - Directorio:32
2026-10-05 12:33:44.526 [main] INFO  Controlador.Boletin1_4 - Fichero:40a08a5aa4c00011116883df672a67b1
2026-10-05 12:33:44.526 [main] INFO  Controlador.Boletin1_4 - Fichero:a0244dd096c00011116883df672a67b1
2026-10-05 12:33:44.526 [main] INFO  Controlador.Boletin1_4 - Directorio:33
2026-10-05 12:33:44.526 [main] INFO  Controlador.Boletin1_4 - Fichero:f0cc33b8a7c00011116883df672a67b1
2026-10-05 12:33:44.526 [main] INFO  Controlador.Boletin1_4 - Directorio:34
2026-10-05 12:33:44.526 [main] INFO  Controlador.Boletin1_4 - Fichero:40cf958a62b600111283a34d65b74646
2026-10-05 12:33:44.526 [main] INFO  Controlador.Boletin1_4 - Fichero:e04951a2a1c00011116883df672a67b1
2026-10-05 12:33:44.527 [main] INFO  Controlador.Boletin1_4 - Directorio:35
2026-10-05 12:33:44.527 [main] INFO  Controlador.Boletin1_4 - Fichero:601aaecf62b600111283a34d65b74646
2026-10-05 12:33:44.527 [main] INFO  Controlador.Boletin1_4 - Fichero:b0ac6dd35db600111283a34d65b74646
2026-10-05 12:33:44.527 [main] INFO  Controlador.Boletin1_4 - Directorio:36
2026-10-05 12:33:44.527 [main] INFO  Controlador.Boletin1_4 - Fichero:50e056fcebb500111289d348c836e07d
2026-10-05 12:33:44.528 [main] INFO  Controlador.Boletin1_4 - Directorio:37
2026-10-05 12:33:44.528 [main] INFO  Controlador.Boletin1_4 - Fichero:d0adec5e62bd001111faea14e11e7656
2026-10-05 12:33:44.529 [main] INFO  Controlador.Boletin1_4 - Directorio:39
2026-10-05 12:33:44.529 [main] INFO  Controlador.Boletin1_4 - Fichero:6005310ff2b500111289d348c836e07d
2026-10-05 12:33:44.529 [main] INFO  Controlador.Boletin1_4 - Fichero:9060744af2b500111289d348c836e07d
2026-10-05 12:33:44.529 [main] INFO  Controlador.Boletin1_4 - Directorio:3d
2026-10-05 12:33:44.529 [main] INFO  Controlador.Boletin1_4 - Fichero:e0d4db5291b500111f03e93714154feb
2026-10-05 12:33:44.529 [main] INFO  Controlador.Boletin1_4 - Directorio:3e
2026-10-05 12:33:44.529 [main] INFO  Controlador.Boletin1_4 - Fichero:20e6520e60bd001111faea14e11e7656
2026-10-05 12:33:44.530 [main] INFO  Controlador.Boletin1_4 - Fichero:a0ea851d5fb600111283a34d65b74646
2026-10-05 12:33:44.530 [main] INFO  Controlador.Boletin1_4 - Fichero:d0fb155ea2c00011116883df672a67b1
2026-10-05 12:33:44.530 [main] INFO  Controlador.Boletin1_4 - Directorio:40
2026-10-05 12:33:44.530 [main] INFO  Controlador.Boletin1_4 - Fichero:e0138979e0b700111a4bc7a62a8a0322
2026-10-05 12:33:44.530 [main] INFO  Controlador.Boletin1_4 - Directorio:41
2026-10-05 12:33:44.530 [main] INFO  Controlador.Boletin1_4 - Fichero:6011510e60bd001111faea14e11e7656
2026-10-05 12:33:44.530 [main] INFO  Controlador.Boletin1_4 - Fichero:60fa47a9e0b700111a4bc7a62a8a0322
2026-10-05 12:33:44.530 [main] INFO  Controlador.Boletin1_4 - Fichero:709c63c0f3b500111289d348c836e07d
2026-10-05 12:33:44.530 [main] INFO  Controlador.Boletin1_4 - Directorio:42
2026-10-05 12:33:44.530 [main] INFO  Controlador.Boletin1_4 - Fichero:a075f3a1a5c00011116883df672a67b1
2026-10-05 12:33:44.531 [main] INFO  Controlador.Boletin1_4 - Fichero:c0acfa716bbd001111faea14e11e7656
2026-10-05 12:33:44.531 [main] INFO  Controlador.Boletin1_4 - Directorio:43
2026-10-05 12:33:44.531 [main] INFO  Controlador.Boletin1_4 - Fichero:d0a0937d89b500111f03e93714154feb
2026-10-05 12:33:44.531 [main] INFO  Controlador.Boletin1_4 - Directorio:44
2026-10-05 12:33:44.531 [main] INFO  Controlador.Boletin1_4 - Fichero:f0366c2e60bd001111faea14e11e7656
2026-10-05 12:33:44.532 [main] INFO  Controlador.Boletin1_4 - Fichero:f0cb9d3461bd001111faea14e11e7656
2026-10-05 12:33:44.532 [main] INFO  Controlador.Boletin1_4 - Directorio:45
2026-10-05 12:33:44.532 [main] INFO  Controlador.Boletin1_4 - Fichero:80a22a9aa6b500111c8884e96843f29f
2026-10-05 12:33:44.532 [main] INFO  Controlador.Boletin1_4 - Directorio:47
2026-10-05 12:33:44.532 [main] INFO  Controlador.Boletin1_4 - Fichero:e00b81d2a7c00011116883df672a67b1
2026-10-05 12:33:44.532 [main] INFO  Controlador.Boletin1_4 - Directorio:48
2026-10-05 12:33:44.532 [main] INFO  Controlador.Boletin1_4 - Fichero:00302bc7a1c00011116883df672a67b1
2026-10-05 12:33:44.532 [main] INFO  Controlador.Boletin1_4 - Fichero:f04705e85db600111283a34d65b74646
2026-10-05 12:33:44.532 [main] INFO  Controlador.Boletin1_4 - Directorio:49
2026-10-05 12:33:44.533 [main] INFO  Controlador.Boletin1_4 - Fichero:60f00675a2c00011116883df672a67b1
2026-10-05 12:33:44.533 [main] INFO  Controlador.Boletin1_4 - Directorio:4a
2026-10-05 12:33:44.533 [main] INFO  Controlador.Boletin1_4 - Fichero:a021b457e6b700111ea3fa60e5cdf6c3
2026-10-05 12:33:44.533 [main] INFO  Controlador.Boletin1_4 - Directorio:4c
2026-10-05 12:33:44.533 [main] INFO  Controlador.Boletin1_4 - Fichero:e0e0a14beeb500111289d348c836e07d
2026-10-05 12:33:44.534 [main] INFO  Controlador.Boletin1_4 - Directorio:4d
2026-10-05 12:33:44.534 [main] INFO  Controlador.Boletin1_4 - Fichero:000a4c5968bd001111faea14e11e7656
2026-10-05 12:33:44.534 [main] INFO  Controlador.Boletin1_4 - Fichero:60c9f9ed5db600111283a34d65b74646
2026-10-05 12:33:44.534 [main] INFO  Controlador.Boletin1_4 - Directorio:4f
2026-10-05 12:33:44.534 [main] INFO  Controlador.Boletin1_4 - Fichero:60a7081690b500111f03e93714154feb
2026-10-05 12:33:44.534 [main] INFO  Controlador.Boletin1_4 - Directorio:5
2026-10-05 12:33:44.534 [main] INFO  Controlador.Boletin1_4 - Fichero:d0bd948a62b600111283a34d65b74646
2026-10-05 12:33:44.536 [main] INFO  Controlador.Boletin1_4 - Fichero:e0b936136bbd001111faea14e11e7656
2026-10-05 12:33:44.536 [main] INFO  Controlador.Boletin1_4 - Directorio:50
2026-10-05 12:33:44.536 [main] INFO  Controlador.Boletin1_4 - Fichero:20373c1a60bd001111faea14e11e7656
2026-10-05 12:33:44.536 [main] INFO  Controlador.Boletin1_4 - Fichero:3063ca1fedb500111289d348c836e07d
2026-10-05 12:33:44.536 [main] INFO  Controlador.Boletin1_4 - Fichero:a0d2763b5eb600111283a34d65b74646
2026-10-05 12:33:44.536 [main] INFO  Controlador.Boletin1_4 - Directorio:51
2026-10-05 12:33:44.536 [main] INFO  Controlador.Boletin1_4 - Fichero:5020adca6bbd001111faea14e11e7656
2026-10-05 12:33:44.537 [main] INFO  Controlador.Boletin1_4 - Fichero:50a9233ceeb500111289d348c836e07d
2026-10-05 12:33:44.537 [main] INFO  Controlador.Boletin1_4 - Directorio:52
2026-10-05 12:33:44.537 [main] INFO  Controlador.Boletin1_4 - Fichero:7086584694b500111f03e93714154feb
2026-10-05 12:33:44.537 [main] INFO  Controlador.Boletin1_4 - Fichero:c0a247e6f7b500111289d348c836e07d
2026-10-05 12:33:44.537 [main] INFO  Controlador.Boletin1_4 - Fichero:e0792e4aa6c00011116883df672a67b1
2026-10-05 12:33:44.537 [main] INFO  Controlador.Boletin1_4 - Directorio:53
2026-10-05 12:33:44.537 [main] INFO  Controlador.Boletin1_4 - Fichero:a0d102c05db600111283a34d65b74646
2026-10-05 12:33:44.537 [main] INFO  Controlador.Boletin1_4 - Directorio:55
2026-10-05 12:33:44.537 [main] INFO  Controlador.Boletin1_4 - Fichero:105cf87f9ab500111b4a8e442ae3fc7d
2026-10-05 12:33:44.537 [main] INFO  Controlador.Boletin1_4 - Directorio:56
2026-10-05 12:33:44.537 [main] INFO  Controlador.Boletin1_4 - Fichero:70a14c36a3c00011116883df672a67b1
2026-10-05 12:33:44.538 [main] INFO  Controlador.Boletin1_4 - Fichero:a0ad510e60bd001111faea14e11e7656
2026-10-05 12:33:44.538 [main] INFO  Controlador.Boletin1_4 - Fichero:b0dab8e0e9b700111ea3fa60e5cdf6c3
2026-10-05 12:33:44.538 [main] INFO  Controlador.Boletin1_4 - Directorio:58
2026-10-05 12:33:44.538 [main] INFO  Controlador.Boletin1_4 - Fichero:a094d1296abd001111faea14e11e7656
2026-10-05 12:33:44.538 [main] INFO  Controlador.Boletin1_4 - Directorio:59
2026-10-05 12:33:44.538 [main] INFO  Controlador.Boletin1_4 - Fichero:a0d61bcdeab700111ea3fa60e5cdf6c3
2026-10-05 12:33:44.538 [main] INFO  Controlador.Boletin1_4 - Directorio:5a
2026-10-05 12:33:44.539 [main] INFO  Controlador.Boletin1_4 - Fichero:6073514df3b500111289d348c836e07d
2026-10-05 12:33:44.539 [main] INFO  Controlador.Boletin1_4 - Directorio:5b
2026-10-05 12:33:44.539 [main] INFO  Controlador.Boletin1_4 - Fichero:30278cdba6b500111c8884e96843f29f
2026-10-05 12:33:44.539 [main] INFO  Controlador.Boletin1_4 - Fichero:a0398dba5cb600111283a34d65b74646
2026-10-05 12:33:44.539 [main] INFO  Controlador.Boletin1_4 - Directorio:5e
2026-10-05 12:33:44.539 [main] INFO  Controlador.Boletin1_4 - Fichero:b02f3802e0b700111a4bc7a62a8a0322
2026-10-05 12:33:44.540 [main] INFO  Controlador.Boletin1_4 - Fichero:c072543a9ab500111b4a8e442ae3fc7d
2026-10-05 12:33:44.540 [main] INFO  Controlador.Boletin1_4 - Fichero:d03cc8bd61bd001111faea14e11e7656
2026-10-05 12:33:44.540 [main] INFO  Controlador.Boletin1_4 - Directorio:5f
2026-10-05 12:33:44.540 [main] INFO  Controlador.Boletin1_4 - Fichero:e0385f5395b50011195ec22c99f244dc
2026-10-05 12:33:44.540 [main] INFO  Controlador.Boletin1_4 - Directorio:6
2026-10-05 12:33:44.540 [main] INFO  Controlador.Boletin1_4 - Fichero:100f275c6bbd001111faea14e11e7656
2026-10-05 12:33:44.540 [main] INFO  Controlador.Boletin1_4 - Fichero:803b2fac96c00011116883df672a67b1
2026-10-05 12:33:44.542 [main] INFO  Controlador.Boletin1_4 - Fichero:d065673ff2b500111289d348c836e07d
2026-10-05 12:33:44.542 [main] INFO  Controlador.Boletin1_4 - Fichero:f03250586abd001111faea14e11e7656
2026-10-05 12:33:44.542 [main] INFO  Controlador.Boletin1_4 - Directorio:60
2026-10-05 12:33:44.542 [main] INFO  Controlador.Boletin1_4 - Fichero:4059e1956bbd001111faea14e11e7656
2026-10-05 12:33:44.542 [main] INFO  Controlador.Boletin1_4 - Fichero:808e5e0292b500111f03e93714154feb
2026-10-05 12:33:44.542 [main] INFO  Controlador.Boletin1_4 - Fichero:c0ecec0ceab700111ea3fa60e5cdf6c3
2026-10-05 12:33:44.542 [main] INFO  Controlador.Boletin1_4 - Directorio:62
2026-10-05 12:33:44.543 [main] INFO  Controlador.Boletin1_4 - Fichero:b0227dd1a2c00011116883df672a67b1
2026-10-05 12:33:44.543 [main] INFO  Controlador.Boletin1_4 - Fichero:d0ac014fa6c00011116883df672a67b1
2026-10-05 12:33:44.543 [main] INFO  Controlador.Boletin1_4 - Directorio:64
2026-10-05 12:33:44.543 [main] INFO  Controlador.Boletin1_4 - Fichero:1065c4fce1b700111a4bc7a62a8a0322
2026-10-05 12:33:44.543 [main] INFO  Controlador.Boletin1_4 - Directorio:65
2026-10-05 12:33:44.543 [main] INFO  Controlador.Boletin1_4 - Fichero:40a9cb59e1b700111a4bc7a62a8a0322
2026-10-05 12:33:44.543 [main] INFO  Controlador.Boletin1_4 - Fichero:603b6a7a8bb500111f03e93714154feb
2026-10-05 12:33:44.544 [main] INFO  Controlador.Boletin1_4 - Directorio:66
2026-10-05 12:33:44.544 [main] INFO  Controlador.Boletin1_4 - Fichero:e0ddd83960bd001111faea14e11e7656
2026-10-05 12:33:44.544 [main] INFO  Controlador.Boletin1_4 - Fichero:f047854888b500111036c3a5db28e8e1
2026-10-05 12:33:44.544 [main] INFO  Controlador.Boletin1_4 - Directorio:67
2026-10-05 12:33:44.544 [main] INFO  Controlador.Boletin1_4 - Fichero:00cf9a8e5db600111283a34d65b74646
2026-10-05 12:33:44.544 [main] INFO  Controlador.Boletin1_4 - Fichero:70a814a6f6b500111289d348c836e07d
2026-10-05 12:33:44.545 [main] INFO  Controlador.Boletin1_4 - Fichero:80d0ce2c92b500111f03e93714154feb
2026-10-05 12:33:44.545 [main] INFO  Controlador.Boletin1_4 - Directorio:6a
2026-10-05 12:33:44.545 [main] INFO  Controlador.Boletin1_4 - Fichero:205ba204a2c00011116883df672a67b1
2026-10-05 12:33:44.545 [main] INFO  Controlador.Boletin1_4 - Directorio:6b
2026-10-05 12:33:44.545 [main] INFO  Controlador.Boletin1_4 - Fichero:4070f63b6cbd001111faea14e11e7656
2026-10-05 12:33:44.545 [main] INFO  Controlador.Boletin1_4 - Fichero:40df63b9e5b700111a4bc7a62a8a0322
2026-10-05 12:33:44.546 [main] INFO  Controlador.Boletin1_4 - Fichero:505080aa90b500111f03e93714154feb
2026-10-05 12:33:44.546 [main] INFO  Controlador.Boletin1_4 - Fichero:70ebd1d069bd001111faea14e11e7656
2026-10-05 12:33:44.546 [main] INFO  Controlador.Boletin1_4 - Directorio:6c
2026-10-05 12:33:44.546 [main] INFO  Controlador.Boletin1_4 - Fichero:504930f06cbd001111faea14e11e7656
2026-10-05 12:33:44.546 [main] INFO  Controlador.Boletin1_4 - Fichero:600e8fba5cb600111283a34d65b74646
2026-10-05 12:33:44.546 [main] INFO  Controlador.Boletin1_4 - Directorio:6d
2026-10-05 12:33:44.546 [main] INFO  Controlador.Boletin1_4 - Fichero:0060c232e1b700111a4bc7a62a8a0322
2026-10-05 12:33:44.546 [main] INFO  Controlador.Boletin1_4 - Fichero:60ce21f0edb500111289d348c836e07d
2026-10-05 12:33:44.546 [main] INFO  Controlador.Boletin1_4 - Fichero:a09eb6c06bbd001111faea14e11e7656
2026-10-05 12:33:44.546 [main] INFO  Controlador.Boletin1_4 - Fichero:f07f895f94b500111f03e93714154feb
2026-10-05 12:33:44.546 [main] INFO  Controlador.Boletin1_4 - Directorio:6e
2026-10-05 12:33:44.548 [main] INFO  Controlador.Boletin1_4 - Fichero:50f9ce4a69bd001111faea14e11e7656
2026-10-05 12:33:44.548 [main] INFO  Controlador.Boletin1_4 - Directorio:6f
2026-10-05 12:33:44.548 [main] INFO  Controlador.Boletin1_4 - Fichero:90d252d962b600111283a34d65b74646
2026-10-05 12:33:44.548 [main] INFO  Controlador.Boletin1_4 - Fichero:c0fb510e60bd001111faea14e11e7656
2026-10-05 12:33:44.548 [main] INFO  Controlador.Boletin1_4 - Directorio:7
2026-10-05 12:33:44.548 [main] INFO  Controlador.Boletin1_4 - Fichero:303a13afe6b700111ea3fa60e5cdf6c3
2026-10-05 12:33:44.548 [main] INFO  Controlador.Boletin1_4 - Directorio:70
2026-10-05 12:33:44.549 [main] INFO  Controlador.Boletin1_4 - Fichero:50177e29e1b700111a4bc7a62a8a0322
2026-10-05 12:33:44.549 [main] INFO  Controlador.Boletin1_4 - Directorio:71
2026-10-05 12:33:44.549 [main] INFO  Controlador.Boletin1_4 - Fichero:c0aed2d069bd001111faea14e11e7656
2026-10-05 12:33:44.549 [main] INFO  Controlador.Boletin1_4 - Fichero:f087a5f3a3c00011116883df672a67b1
2026-10-05 12:33:44.549 [main] INFO  Controlador.Boletin1_4 - Directorio:72
2026-10-05 12:33:44.549 [main] INFO  Controlador.Boletin1_4 - Fichero:8079713a83c00011116883df672a67b1
2026-10-05 12:33:44.549 [main] INFO  Controlador.Boletin1_4 - Fichero:d0b2450ba5c00011116883df672a67b1
2026-10-05 12:33:44.549 [main] INFO  Controlador.Boletin1_4 - Directorio:73
2026-10-05 12:33:44.549 [main] INFO  Controlador.Boletin1_4 - Fichero:00dae01565bd001111faea14e11e7656
2026-10-05 12:33:44.550 [main] INFO  Controlador.Boletin1_4 - Fichero:10eec13365bd001111faea14e11e7656
2026-10-05 12:33:44.550 [main] INFO  Controlador.Boletin1_4 - Directorio:74
2026-10-05 12:33:44.550 [main] INFO  Controlador.Boletin1_4 - Fichero:c06d90a0a6c00011116883df672a67b1
2026-10-05 12:33:44.550 [main] INFO  Controlador.Boletin1_4 - Directorio:75
2026-10-05 12:33:44.550 [main] INFO  Controlador.Boletin1_4 - Fichero:508c6f4360bd001111faea14e11e7656
2026-10-05 12:33:44.550 [main] INFO  Controlador.Boletin1_4 - Directorio:76
2026-10-05 12:33:44.550 [main] INFO  Controlador.Boletin1_4 - Fichero:6000957d89b500111f03e93714154feb
2026-10-05 12:33:44.551 [main] INFO  Controlador.Boletin1_4 - Fichero:e03dfe2166bd001111faea14e11e7656
2026-10-05 12:33:44.551 [main] INFO  Controlador.Boletin1_4 - Directorio:77
2026-10-05 12:33:44.551 [main] INFO  Controlador.Boletin1_4 - Fichero:308b947d89b500111f03e93714154feb
2026-10-05 12:33:44.551 [main] INFO  Controlador.Boletin1_4 - Directorio:78
2026-10-05 12:33:44.551 [main] INFO  Controlador.Boletin1_4 - Fichero:607a279c9ab500111b4a8e442ae3fc7d
2026-10-05 12:33:44.551 [main] INFO  Controlador.Boletin1_4 - Directorio:79
2026-10-05 12:33:44.552 [main] INFO  Controlador.Boletin1_4 - Fichero:20ed720d5fb600111283a34d65b74646
2026-10-05 12:33:44.552 [main] INFO  Controlador.Boletin1_4 - Directorio:7a
2026-10-05 12:33:44.552 [main] INFO  Controlador.Boletin1_4 - Fichero:00e3005f6bbd001111faea14e11e7656
2026-10-05 12:33:44.552 [main] INFO  Controlador.Boletin1_4 - Fichero:40554ac089b500111f03e93714154feb
2026-10-05 12:33:44.553 [main] INFO  Controlador.Boletin1_4 - Directorio:7b
2026-10-05 12:33:44.553 [main] INFO  Controlador.Boletin1_4 - Fichero:2028d1d069bd001111faea14e11e7656
2026-10-05 12:33:44.553 [main] INFO  Controlador.Boletin1_4 - Fichero:4005f596eeb500111289d348c836e07d
2026-10-05 12:33:44.553 [main] INFO  Controlador.Boletin1_4 - Directorio:7d
2026-10-05 12:33:44.553 [main] INFO  Controlador.Boletin1_4 - Fichero:f0ee937d89b500111f03e93714154feb
2026-10-05 12:33:44.553 [main] INFO  Controlador.Boletin1_4 - Directorio:7e
2026-10-05 12:33:44.553 [main] INFO  Controlador.Boletin1_4 - Fichero:3077aec6a7c00011116883df672a67b1
2026-10-05 12:33:44.553 [main] INFO  Controlador.Boletin1_4 - Directorio:7f
2026-10-05 12:33:44.554 [main] INFO  Controlador.Boletin1_4 - Directorio:8
2026-10-05 12:33:44.554 [main] INFO  Controlador.Boletin1_4 - Fichero:2029d830a5b500111c8884e96843f29f
2026-10-05 12:33:44.554 [main] INFO  Controlador.Boletin1_4 - Directorio:81
2026-10-05 12:33:44.554 [main] INFO  Controlador.Boletin1_4 - Fichero:10b41a2990b500111f03e93714154feb
2026-10-05 12:33:44.554 [main] INFO  Controlador.Boletin1_4 - Directorio:82
2026-10-05 12:33:44.554 [main] INFO  Controlador.Boletin1_4 - Fichero:d022520e60bd001111faea14e11e7656
2026-10-05 12:33:44.555 [main] INFO  Controlador.Boletin1_4 - Fichero:d0530f31a7b500111c8884e96843f29f
2026-10-05 12:33:44.555 [main] INFO  Controlador.Boletin1_4 - Fichero:d0612b75edb500111289d348c836e07d
2026-10-05 12:33:44.555 [main] INFO  Controlador.Boletin1_4 - Directorio:83
2026-10-05 12:33:44.555 [main] INFO  Controlador.Boletin1_4 - Fichero:101981b5e0b700111a4bc7a62a8a0322
2026-10-05 12:33:44.555 [main] INFO  Controlador.Boletin1_4 - Directorio:84
2026-10-05 12:33:44.555 [main] INFO  Controlador.Boletin1_4 - Fichero:f0cfa8e7e5b700111a4bc7a62a8a0322
2026-10-05 12:33:44.555 [main] INFO  Controlador.Boletin1_4 - Directorio:86
2026-10-05 12:33:44.555 [main] INFO  Controlador.Boletin1_4 - Fichero:608b33cfa3c00011116883df672a67b1
2026-10-05 12:33:44.557 [main] INFO  Controlador.Boletin1_4 - Fichero:8012d2d069bd001111faea14e11e7656
2026-10-05 12:33:44.557 [main] INFO  Controlador.Boletin1_4 - Fichero:b024699df3b500111289d348c836e07d
2026-10-05 12:33:44.557 [main] INFO  Controlador.Boletin1_4 - Directorio:88
2026-10-05 12:33:44.557 [main] INFO  Controlador.Boletin1_4 - Fichero:703ecbbda0c00011116883df672a67b1
2026-10-05 12:33:44.557 [main] INFO  Controlador.Boletin1_4 - Directorio:89
2026-10-05 12:33:44.557 [main] INFO  Controlador.Boletin1_4 - Fichero:90364b2f60b600111283a34d65b74646
2026-10-05 12:33:44.557 [main] INFO  Controlador.Boletin1_4 - Directorio:8a
2026-10-05 12:33:44.557 [main] INFO  Controlador.Boletin1_4 - Fichero:1025717496b50011195ec22c99f244dc
2026-10-05 12:33:44.557 [main] INFO  Controlador.Boletin1_4 - Fichero:5088d6a291b500111f03e93714154feb
2026-10-05 12:33:44.557 [main] INFO  Controlador.Boletin1_4 - Directorio:8b
2026-10-05 12:33:44.558 [main] INFO  Controlador.Boletin1_4 - Fichero:5002641ba2c00011116883df672a67b1
2026-10-05 12:33:44.558 [main] INFO  Controlador.Boletin1_4 - Directorio:8c
2026-10-05 12:33:44.558 [main] INFO  Controlador.Boletin1_4 - Fichero:70bb941ce1b700111a4bc7a62a8a0322
2026-10-05 12:33:44.558 [main] INFO  Controlador.Boletin1_4 - Directorio:8d
2026-10-05 12:33:44.558 [main] INFO  Controlador.Boletin1_4 - Fichero:b025b9cf98b500111b4a8e442ae3fc7d
2026-10-05 12:33:44.558 [main] INFO  Controlador.Boletin1_4 - Fichero:b07c08fa5db600111283a34d65b74646
2026-10-05 12:33:44.558 [main] INFO  Controlador.Boletin1_4 - Directorio:8f
2026-10-05 12:33:44.558 [main] INFO  Controlador.Boletin1_4 - Fichero:0098520e60bd001111faea14e11e7656
2026-10-05 12:33:44.559 [main] INFO  Controlador.Boletin1_4 - Fichero:00c1478ea5c00011116883df672a67b1
2026-10-05 12:33:44.559 [main] INFO  Controlador.Boletin1_4 - Directorio:9
2026-10-05 12:33:44.559 [main] INFO  Controlador.Boletin1_4 - Fichero:601d968a62b600111283a34d65b74646
2026-10-05 12:33:44.559 [main] INFO  Controlador.Boletin1_4 - Fichero:b0aeac0bf4b500111289d348c836e07d
2026-10-05 12:33:44.559 [main] INFO  Controlador.Boletin1_4 - Fichero:d0bbbbc962b600111283a34d65b74646
2026-10-05 12:33:44.559 [main] INFO  Controlador.Boletin1_4 - Directorio:90
2026-10-05 12:33:44.559 [main] INFO  Controlador.Boletin1_4 - Fichero:a0866019a1c00011116883df672a67b1
2026-10-05 12:33:44.559 [main] INFO  Controlador.Boletin1_4 - Directorio:91
2026-10-05 12:33:44.559 [main] INFO  Controlador.Boletin1_4 - Fichero:306656d7eab700111ea3fa60e5cdf6c3
2026-10-05 12:33:44.560 [main] INFO  Controlador.Boletin1_4 - Fichero:90a122a7ecb500111289d348c836e07d
2026-10-05 12:33:44.560 [main] INFO  Controlador.Boletin1_4 - Fichero:c090dacd8fb500111f03e93714154feb
2026-10-05 12:33:44.560 [main] INFO  Controlador.Boletin1_4 - Fichero:f03c054cf6b500111289d348c836e07d
2026-10-05 12:33:44.560 [main] INFO  Controlador.Boletin1_4 - Directorio:92
2026-10-05 12:33:44.560 [main] INFO  Controlador.Boletin1_4 - Fichero:3084553a9ab500111b4a8e442ae3fc7d
2026-10-05 12:33:44.560 [main] INFO  Controlador.Boletin1_4 - Fichero:b029ca70a5c00011116883df672a67b1
2026-10-05 12:33:44.560 [main] INFO  Controlador.Boletin1_4 - Directorio:94
2026-10-05 12:33:44.560 [main] INFO  Controlador.Boletin1_4 - Fichero:3006b7b36cbd001111faea14e11e7656
2026-10-05 12:33:44.561 [main] INFO  Controlador.Boletin1_4 - Fichero:f095c800e7b700111ea3fa60e5cdf6c3
2026-10-05 12:33:44.561 [main] INFO  Controlador.Boletin1_4 - Directorio:97
2026-10-05 12:33:44.561 [main] INFO  Controlador.Boletin1_4 - Fichero:f0c3e95b94b500111f03e93714154feb
2026-10-05 12:33:44.561 [main] INFO  Controlador.Boletin1_4 - Directorio:98
2026-10-05 12:33:44.561 [main] INFO  Controlador.Boletin1_4 - Fichero:00bffec561bd001111faea14e11e7656
2026-10-05 12:33:44.561 [main] INFO  Controlador.Boletin1_4 - Fichero:80731aacecb500111289d348c836e07d
2026-10-05 12:33:44.561 [main] INFO  Controlador.Boletin1_4 - Directorio:9a
2026-10-05 12:33:44.562 [main] INFO  Controlador.Boletin1_4 - Fichero:c08db97e8ab500111f03e93714154feb
2026-10-05 12:33:44.562 [main] INFO  Controlador.Boletin1_4 - Directorio:9b
2026-10-05 12:33:44.562 [main] INFO  Controlador.Boletin1_4 - Fichero:30a68eb190b500111f03e93714154feb
2026-10-05 12:33:44.562 [main] INFO  Controlador.Boletin1_4 - Fichero:406c0e4c6bbd001111faea14e11e7656
2026-10-05 12:33:44.562 [main] INFO  Controlador.Boletin1_4 - Directorio:9c
2026-10-05 12:33:44.562 [main] INFO  Controlador.Boletin1_4 - Fichero:40bcd4c2a3c00011116883df672a67b1
2026-10-05 12:33:44.562 [main] INFO  Controlador.Boletin1_4 - Directorio:9d
2026-10-05 12:33:44.562 [main] INFO  Controlador.Boletin1_4 - Fichero:2064947d89b500111f03e93714154feb
2026-10-05 12:33:44.563 [main] INFO  Controlador.Boletin1_4 - Directorio:9e
2026-10-05 12:33:44.563 [main] INFO  Controlador.Boletin1_4 - Fichero:60893529a4c00011116883df672a67b1
2026-10-05 12:33:44.563 [main] INFO  Controlador.Boletin1_4 - Directorio:9f
2026-10-05 12:33:44.563 [main] INFO  Controlador.Boletin1_4 - Fichero:508f6bf589b500111f03e93714154feb
2026-10-05 12:33:44.563 [main] INFO  Controlador.Boletin1_4 - Fichero:a07d6b406cbd001111faea14e11e7656
2026-10-05 12:33:44.563 [main] INFO  Controlador.Boletin1_4 - Directorio:a0
2026-10-05 12:33:44.563 [main] INFO  Controlador.Boletin1_4 - Fichero:7059effca4c00011116883df672a67b1
2026-10-05 12:33:44.563 [main] INFO  Controlador.Boletin1_4 - Fichero:8047eeb090b500111f03e93714154feb
2026-10-05 12:33:44.563 [main] INFO  Controlador.Boletin1_4 - Fichero:80d76b8f95b50011195ec22c99f244dc
2026-10-05 12:33:44.565 [main] INFO  Controlador.Boletin1_4 - Fichero:e0a62040f6b500111289d348c836e07d
2026-10-05 12:33:44.565 [main] INFO  Controlador.Boletin1_4 - Directorio:a2
2026-10-05 12:33:44.565 [main] INFO  Controlador.Boletin1_4 - Fichero:a0fb842761bd001111faea14e11e7656
2026-10-05 12:33:44.565 [main] INFO  Controlador.Boletin1_4 - Directorio:a3
2026-10-05 12:33:44.565 [main] INFO  Controlador.Boletin1_4 - Fichero:90ebdf16f3b500111289d348c836e07d
2026-10-05 12:33:44.565 [main] INFO  Controlador.Boletin1_4 - Directorio:a4
2026-10-05 12:33:44.566 [main] INFO  Controlador.Boletin1_4 - Fichero:40de6dfe8fb500111f03e93714154feb
2026-10-05 12:33:44.566 [main] INFO  Controlador.Boletin1_4 - Directorio:a5
2026-10-05 12:33:44.566 [main] INFO  Controlador.Boletin1_4 - Fichero:80c076695db600111283a34d65b74646
2026-10-05 12:33:44.566 [main] INFO  Controlador.Boletin1_4 - Fichero:80c49d27f2b500111289d348c836e07d
2026-10-05 12:33:44.566 [main] INFO  Controlador.Boletin1_4 - Directorio:a7
2026-10-05 12:33:44.566 [main] INFO  Controlador.Boletin1_4 - Fichero:500bac508bb500111f03e93714154feb
2026-10-05 12:33:44.566 [main] INFO  Controlador.Boletin1_4 - Fichero:e0fdbd6566bd001111faea14e11e7656
2026-10-05 12:33:44.566 [main] INFO  Controlador.Boletin1_4 - Directorio:aa
2026-10-05 12:33:44.567 [main] INFO  Controlador.Boletin1_4 - Fichero:004fe29ba6c00011116883df672a67b1
2026-10-05 12:33:44.567 [main] INFO  Controlador.Boletin1_4 - Fichero:30665e8165bd001111faea14e11e7656
2026-10-05 12:33:44.567 [main] INFO  Controlador.Boletin1_4 - Directorio:ac
2026-10-05 12:33:44.567 [main] INFO  Controlador.Boletin1_4 - Fichero:6093a08a62bd001111faea14e11e7656
2026-10-05 12:33:44.567 [main] INFO  Controlador.Boletin1_4 - Fichero:806b968a62b600111283a34d65b74646
2026-10-05 12:33:44.567 [main] INFO  Controlador.Boletin1_4 - Directorio:ad
2026-10-05 12:33:44.567 [main] INFO  Controlador.Boletin1_4 - Fichero:50ecae2f5eb600111283a34d65b74646
2026-10-05 12:33:44.567 [main] INFO  Controlador.Boletin1_4 - Fichero:80c9beeda0c00011116883df672a67b1
2026-10-05 12:33:44.567 [main] INFO  Controlador.Boletin1_4 - Fichero:d04b300ca3c00011116883df672a67b1
2026-10-05 12:33:44.568 [main] INFO  Controlador.Boletin1_4 - Fichero:f069b46483c00011116883df672a67b1
2026-10-05 12:33:44.568 [main] INFO  Controlador.Boletin1_4 - Directorio:ae
2026-10-05 12:33:44.568 [main] INFO  Controlador.Boletin1_4 - Fichero:b0d089a16bbd001111faea14e11e7656
2026-10-05 12:33:44.568 [main] INFO  Controlador.Boletin1_4 - Directorio:af
2026-10-05 12:33:44.568 [main] INFO  Controlador.Boletin1_4 - Fichero:80fd9ab4a1c00011116883df672a67b1
2026-10-05 12:33:44.568 [main] INFO  Controlador.Boletin1_4 - Fichero:b03eb8c1edb500111289d348c836e07d
2026-10-05 12:33:44.568 [main] INFO  Controlador.Boletin1_4 - Directorio:b
2026-10-05 12:33:44.568 [main] INFO  Controlador.Boletin1_4 - Fichero:20e3eb01a1c00011116883df672a67b1
2026-10-05 12:33:44.568 [main] INFO  Controlador.Boletin1_4 - Directorio:b2
2026-10-05 12:33:44.569 [main] INFO  Controlador.Boletin1_4 - Fichero:10180a0ea7c00011116883df672a67b1
2026-10-05 12:33:44.569 [main] INFO  Controlador.Boletin1_4 - Fichero:a0680b63e2b700111a4bc7a62a8a0322
2026-10-05 12:33:44.569 [main] INFO  Controlador.Boletin1_4 - Fichero:a07ac535a4c00011116883df672a67b1
2026-10-05 12:33:44.569 [main] INFO  Controlador.Boletin1_4 - Directorio:b3
2026-10-05 12:33:44.569 [main] INFO  Controlador.Boletin1_4 - Fichero:504de050a5c00011116883df672a67b1
2026-10-05 12:33:44.569 [main] INFO  Controlador.Boletin1_4 - Fichero:9004937d89b500111f03e93714154feb
2026-10-05 12:33:44.569 [main] INFO  Controlador.Boletin1_4 - Directorio:b5
2026-10-05 12:33:44.569 [main] INFO  Controlador.Boletin1_4 - Fichero:d0be3513e1b700111a4bc7a62a8a0322
2026-10-05 12:33:44.569 [main] INFO  Controlador.Boletin1_4 - Directorio:b7
2026-10-05 12:33:44.570 [main] INFO  Controlador.Boletin1_4 - Fichero:c0a1b2a191b500111f03e93714154feb
2026-10-05 12:33:44.570 [main] INFO  Controlador.Boletin1_4 - Fichero:f07f801666bd001111faea14e11e7656
2026-10-05 12:33:44.570 [main] INFO  Controlador.Boletin1_4 - Directorio:b8
2026-10-05 12:33:44.570 [main] INFO  Controlador.Boletin1_4 - Fichero:b0f38de3e9b700111ea3fa60e5cdf6c3
2026-10-05 12:33:44.570 [main] INFO  Controlador.Boletin1_4 - Fichero:d06e20f0edb500111289d348c836e07d
2026-10-05 12:33:44.570 [main] INFO  Controlador.Boletin1_4 - Directorio:b9
2026-10-05 12:33:44.570 [main] INFO  Controlador.Boletin1_4 - Fichero:00e8103c6abd001111faea14e11e7656
2026-10-05 12:33:44.570 [main] INFO  Controlador.Boletin1_4 - Directorio:bb
2026-10-05 12:33:44.571 [main] INFO  Controlador.Boletin1_4 - Fichero:90e604a6a2c00011116883df672a67b1
2026-10-05 12:33:44.571 [main] INFO  Controlador.Boletin1_4 - Directorio:bc
2026-10-05 12:33:44.571 [main] INFO  Controlador.Boletin1_4 - Fichero:70ddc159edb500111289d348c836e07d
2026-10-05 12:33:44.571 [main] INFO  Controlador.Boletin1_4 - Fichero:a08828fde2b700111a4bc7a62a8a0322
2026-10-05 12:33:44.571 [main] INFO  Controlador.Boletin1_4 - Directorio:bd
2026-10-05 12:33:44.571 [main] INFO  Controlador.Boletin1_4 - Fichero:401044d38fb500111f03e93714154feb
2026-10-05 12:33:44.571 [main] INFO  Controlador.Boletin1_4 - Directorio:be
2026-10-05 12:33:44.572 [main] INFO  Controlador.Boletin1_4 - Fichero:009153919ab500111b4a8e442ae3fc7d
2026-10-05 12:33:44.572 [main] INFO  Controlador.Boletin1_4 - Fichero:20ec3030a7c00011116883df672a67b1
2026-10-05 12:33:44.572 [main] INFO  Controlador.Boletin1_4 - Directorio:c
2026-10-05 12:33:44.572 [main] INFO  Controlador.Boletin1_4 - Fichero:7032ebb260b600111283a34d65b74646
2026-10-05 12:33:44.572 [main] INFO  Controlador.Boletin1_4 - Fichero:c0b9464765bd001111faea14e11e7656
2026-10-05 12:33:44.572 [main] INFO  Controlador.Boletin1_4 - Fichero:e0463faa6bbd001111faea14e11e7656
2026-10-05 12:33:44.572 [main] INFO  Controlador.Boletin1_4 - Directorio:c0
2026-10-05 12:33:44.573 [main] INFO  Controlador.Boletin1_4 - Fichero:a0771c836abd001111faea14e11e7656
2026-10-05 12:33:44.573 [main] INFO  Controlador.Boletin1_4 - Directorio:c1
2026-10-05 12:33:44.574 [main] INFO  Controlador.Boletin1_4 - Fichero:70ea9d9e62bd001111faea14e11e7656
2026-10-05 12:33:44.574 [main] INFO  Controlador.Boletin1_4 - Directorio:c2
2026-10-05 12:33:44.574 [main] INFO  Controlador.Boletin1_4 - Fichero:c0c8a56e91b500111f03e93714154feb
2026-10-05 12:33:44.574 [main] INFO  Controlador.Boletin1_4 - Directorio:c3
2026-10-05 12:33:44.574 [main] INFO  Controlador.Boletin1_4 - Fichero:6098c175a3c00011116883df672a67b1
2026-10-05 12:33:44.575 [main] INFO  Controlador.Boletin1_4 - Fichero:90aed24de6b700111ea3fa60e5cdf6c3
2026-10-05 12:33:44.575 [main] INFO  Controlador.Boletin1_4 - Fichero:e03ca0f08fb500111f03e93714154feb
2026-10-05 12:33:44.575 [main] INFO  Controlador.Boletin1_4 - Fichero:f0ec74f3a1c00011116883df672a67b1
2026-10-05 12:33:44.575 [main] INFO  Controlador.Boletin1_4 - Directorio:c4
2026-10-05 12:33:44.575 [main] INFO  Controlador.Boletin1_4 - Fichero:e0a4fa6960bd001111faea14e11e7656
2026-10-05 12:33:44.575 [main] INFO  Controlador.Boletin1_4 - Directorio:c6
2026-10-05 12:33:44.575 [main] INFO  Controlador.Boletin1_4 - Fichero:0048e93f9ab500111b4a8e442ae3fc7d
2026-10-05 12:33:44.575 [main] INFO  Controlador.Boletin1_4 - Directorio:c7
2026-10-05 12:33:44.576 [main] INFO  Controlador.Boletin1_4 - Fichero:8019cca662b600111283a34d65b74646
2026-10-05 12:33:44.576 [main] INFO  Controlador.Boletin1_4 - Fichero:d08af4b06cbd001111faea14e11e7656
2026-10-05 12:33:44.576 [main] INFO  Controlador.Boletin1_4 - Directorio:c9
2026-10-05 12:33:44.576 [main] INFO  Controlador.Boletin1_4 - Fichero:308fe7106abd001111faea14e11e7656
2026-10-05 12:33:44.576 [main] INFO  Controlador.Boletin1_4 - Directorio:ca
2026-10-05 12:33:44.576 [main] INFO  Controlador.Boletin1_4 - Fichero:00196f32f6b500111289d348c836e07d
2026-10-05 12:33:44.577 [main] INFO  Controlador.Boletin1_4 - Fichero:50ab1543f3b500111289d348c836e07d
2026-10-05 12:33:44.577 [main] INFO  Controlador.Boletin1_4 - Fichero:60bd40d16abd001111faea14e11e7656
2026-10-05 12:33:44.577 [main] INFO  Controlador.Boletin1_4 - Directorio:cb
2026-10-05 12:33:44.577 [main] INFO  Controlador.Boletin1_4 - Fichero:10d44ad6f1b500111289d348c836e07d
2026-10-05 12:33:44.577 [main] INFO  Controlador.Boletin1_4 - Fichero:50b41ef192b500111f03e93714154feb
2026-10-05 12:33:44.577 [main] INFO  Controlador.Boletin1_4 - Directorio:cc
2026-10-05 12:33:44.578 [main] INFO  Controlador.Boletin1_4 - Fichero:50760277eeb500111289d348c836e07d
2026-10-05 12:33:44.578 [main] INFO  Controlador.Boletin1_4 - Fichero:d0d49db991b500111f03e93714154feb
2026-10-05 12:33:44.578 [main] INFO  Controlador.Boletin1_4 - Directorio:cd
2026-10-05 12:33:44.578 [main] INFO  Controlador.Boletin1_4 - Directorio:ce
2026-10-05 12:33:44.578 [main] INFO  Controlador.Boletin1_4 - Fichero:90c8473a9ab500111b4a8e442ae3fc7d
2026-10-05 12:33:44.578 [main] INFO  Controlador.Boletin1_4 - Directorio:d
2026-10-05 12:33:44.578 [main] INFO  Controlador.Boletin1_4 - Fichero:70c2665a60bd001111faea14e11e7656
2026-10-05 12:33:44.578 [main] INFO  Controlador.Boletin1_4 - Fichero:a0208ba79ab500111b4a8e442ae3fc7d
2026-10-05 12:33:44.578 [main] INFO  Controlador.Boletin1_4 - Fichero:e0100aea69bd001111faea14e11e7656
2026-10-05 12:33:44.578 [main] INFO  Controlador.Boletin1_4 - Directorio:d0
2026-10-05 12:33:44.578 [main] INFO  Controlador.Boletin1_4 - Fichero:205324475eb600111283a34d65b74646
2026-10-05 12:33:44.578 [main] INFO  Controlador.Boletin1_4 - Directorio:d1
2026-10-05 12:33:44.580 [main] INFO  Controlador.Boletin1_4 - Fichero:50e4b90ae3b700111a4bc7a62a8a0322
2026-10-05 12:33:44.580 [main] INFO  Controlador.Boletin1_4 - Directorio:d4
2026-10-05 12:33:44.580 [main] INFO  Controlador.Boletin1_4 - Fichero:00aa006deeb500111289d348c836e07d
2026-10-05 12:33:44.580 [main] INFO  Controlador.Boletin1_4 - Directorio:d5
2026-10-05 12:33:44.580 [main] INFO  Controlador.Boletin1_4 - Fichero:20cfd97d6cbd001111faea14e11e7656
2026-10-05 12:33:44.580 [main] INFO  Controlador.Boletin1_4 - Fichero:a0acf56ca6c00011116883df672a67b1
2026-10-05 12:33:44.580 [main] INFO  Controlador.Boletin1_4 - Fichero:b0e6c3f76abd001111faea14e11e7656
2026-10-05 12:33:44.580 [main] INFO  Controlador.Boletin1_4 - Directorio:d6
2026-10-05 12:33:44.581 [main] INFO  Controlador.Boletin1_4 - Fichero:902483578bb500111f03e93714154feb
2026-10-05 12:33:44.581 [main] INFO  Controlador.Boletin1_4 - Fichero:e0577dcee9b700111ea3fa60e5cdf6c3
2026-10-05 12:33:44.581 [main] INFO  Controlador.Boletin1_4 - Directorio:d7
2026-10-05 12:33:44.581 [main] INFO  Controlador.Boletin1_4 - Fichero:8034a55aa1c00011116883df672a67b1
2026-10-05 12:33:44.581 [main] INFO  Controlador.Boletin1_4 - Directorio:d9
2026-10-05 12:33:44.581 [main] INFO  Controlador.Boletin1_4 - Fichero:105a958a62b600111283a34d65b74646
2026-10-05 12:33:44.581 [main] INFO  Controlador.Boletin1_4 - Fichero:5076bbe26cbd001111faea14e11e7656
2026-10-05 12:33:44.581 [main] INFO  Controlador.Boletin1_4 - Fichero:b09b9d92a7c00011116883df672a67b1
2026-10-05 12:33:44.581 [main] INFO  Controlador.Boletin1_4 - Directorio:da
2026-10-05 12:33:44.582 [main] INFO  Controlador.Boletin1_4 - Fichero:203318b8eab700111ea3fa60e5cdf6c3
2026-10-05 12:33:44.582 [main] INFO  Controlador.Boletin1_4 - Fichero:80c82ed65db600111283a34d65b74646
2026-10-05 12:33:44.582 [main] INFO  Controlador.Boletin1_4 - Directorio:db
2026-10-05 12:33:44.582 [main] INFO  Controlador.Boletin1_4 - Fichero:b021fd5b90b500111f03e93714154feb
2026-10-05 12:33:44.582 [main] INFO  Controlador.Boletin1_4 - Directorio:dc
2026-10-05 12:33:44.582 [main] INFO  Controlador.Boletin1_4 - Fichero:40c0bde26cbd001111faea14e11e7656
2026-10-05 12:33:44.582 [main] INFO  Controlador.Boletin1_4 - Directorio:dd
2026-10-05 12:33:44.583 [main] INFO  Controlador.Boletin1_4 - Fichero:b0d572d1dfb700111a4bc7a62a8a0322
2026-10-05 12:33:44.583 [main] INFO  Controlador.Boletin1_4 - Directorio:de
2026-10-05 12:33:44.583 [main] INFO  Controlador.Boletin1_4 - Fichero:605f67de96c00011116883df672a67b1
2026-10-05 12:33:44.583 [main] INFO  Controlador.Boletin1_4 - Directorio:df
2026-10-05 12:33:44.583 [main] INFO  Controlador.Boletin1_4 - Fichero:d0924164a2c00011116883df672a67b1
2026-10-05 12:33:44.583 [main] INFO  Controlador.Boletin1_4 - Directorio:e
2026-10-05 12:33:44.583 [main] INFO  Controlador.Boletin1_4 - Fichero:d0db687a8bb500111f03e93714154feb
2026-10-05 12:33:44.584 [main] INFO  Controlador.Boletin1_4 - Directorio:e0
2026-10-05 12:33:44.584 [main] INFO  Controlador.Boletin1_4 - Fichero:10e02ecd92b500111f03e93714154feb
2026-10-05 12:33:44.584 [main] INFO  Controlador.Boletin1_4 - Fichero:700e9ce0eab700111ea3fa60e5cdf6c3
2026-10-05 12:33:44.584 [main] INFO  Controlador.Boletin1_4 - Directorio:e2
2026-10-05 12:33:44.584 [main] INFO  Controlador.Boletin1_4 - Fichero:7039832b5db600111283a34d65b74646
2026-10-05 12:33:44.584 [main] INFO  Controlador.Boletin1_4 - Fichero:f0be852761bd001111faea14e11e7656
2026-10-05 12:33:44.584 [main] INFO  Controlador.Boletin1_4 - Directorio:e3
2026-10-05 12:33:44.585 [main] INFO  Controlador.Boletin1_4 - Fichero:20092c7665bd001111faea14e11e7656
2026-10-05 12:33:44.585 [main] INFO  Controlador.Boletin1_4 - Directorio:e5
2026-10-05 12:33:44.585 [main] INFO  Controlador.Boletin1_4 - Fichero:40fa9d9bf6b500111289d348c836e07d
2026-10-05 12:33:44.585 [main] INFO  Controlador.Boletin1_4 - Directorio:e7
2026-10-05 12:33:44.585 [main] INFO  Controlador.Boletin1_4 - Fichero:200afeb9eab700111ea3fa60e5cdf6c3
2026-10-05 12:33:44.585 [main] INFO  Controlador.Boletin1_4 - Fichero:30a8958a62b600111283a34d65b74646
2026-10-05 12:33:44.585 [main] INFO  Controlador.Boletin1_4 - Directorio:e8
2026-10-05 12:33:44.586 [main] INFO  Controlador.Boletin1_4 - Fichero:403cc85e6abd001111faea14e11e7656
2026-10-05 12:33:44.586 [main] INFO  Controlador.Boletin1_4 - Directorio:ea
2026-10-05 12:33:44.586 [main] INFO  Controlador.Boletin1_4 - Fichero:207914ec64bd001111faea14e11e7656
2026-10-05 12:33:44.586 [main] INFO  Controlador.Boletin1_4 - Fichero:209ee70262b600111283a34d65b74646
2026-10-05 12:33:44.586 [main] INFO  Controlador.Boletin1_4 - Fichero:60c06b0fa6c00011116883df672a67b1
2026-10-05 12:33:44.586 [main] INFO  Controlador.Boletin1_4 - Fichero:a00c2905f4b500111289d348c836e07d
2026-10-05 12:33:44.586 [main] INFO  Controlador.Boletin1_4 - Directorio:eb
2026-10-05 12:33:44.586 [main] INFO  Controlador.Boletin1_4 - Fichero:e06c8399a5c00011116883df672a67b1
2026-10-05 12:33:44.586 [main] INFO  Controlador.Boletin1_4 - Directorio:ec
2026-10-05 12:33:44.586 [main] INFO  Controlador.Boletin1_4 - Fichero:f07f798deeb500111289d348c836e07d
2026-10-05 12:33:44.587 [main] INFO  Controlador.Boletin1_4 - Directorio:ee
2026-10-05 12:33:44.587 [main] INFO  Controlador.Boletin1_4 - Fichero:50452fcea4c00011116883df672a67b1
2026-10-05 12:33:44.587 [main] INFO  Controlador.Boletin1_4 - Directorio:ef
2026-10-05 12:33:44.587 [main] INFO  Controlador.Boletin1_4 - Fichero:3027473260bd001111faea14e11e7656
2026-10-05 12:33:44.587 [main] INFO  Controlador.Boletin1_4 - Directorio:f
2026-10-05 12:33:44.587 [main] INFO  Controlador.Boletin1_4 - Fichero:600b4aac62b600111283a34d65b74646
2026-10-05 12:33:44.587 [main] INFO  Controlador.Boletin1_4 - Directorio:f0
2026-10-05 12:33:44.587 [main] INFO  Controlador.Boletin1_4 - Directorio:f1
2026-10-05 12:33:44.588 [main] INFO  Controlador.Boletin1_4 - Fichero:509dd1d069bd001111faea14e11e7656
2026-10-05 12:33:44.588 [main] INFO  Controlador.Boletin1_4 - Fichero:909626eea1c00011116883df672a67b1
2026-10-05 12:33:44.588 [main] INFO  Controlador.Boletin1_4 - Fichero:c048253d6bbd001111faea14e11e7656
2026-10-05 12:33:44.588 [main] INFO  Controlador.Boletin1_4 - Directorio:f2
2026-10-05 12:33:44.588 [main] INFO  Controlador.Boletin1_4 - Fichero:005fac84a2c00011116883df672a67b1
2026-10-05 12:33:44.588 [main] INFO  Controlador.Boletin1_4 - Fichero:3069d873a7c00011116883df672a67b1
2026-10-05 12:33:44.588 [main] INFO  Controlador.Boletin1_4 - Fichero:40b6a3f891b500111f03e93714154feb
2026-10-05 12:33:44.588 [main] INFO  Controlador.Boletin1_4 - Fichero:70fe61df92b500111f03e93714154feb
2026-10-05 12:33:44.588 [main] INFO  Controlador.Boletin1_4 - Fichero:b0129e1669bd001111faea14e11e7656
2026-10-05 12:33:44.588 [main] INFO  Controlador.Boletin1_4 - Directorio:f3
2026-10-05 12:33:44.588 [main] INFO  Controlador.Boletin1_4 - Fichero:00aa931ce1b700111a4bc7a62a8a0322
2026-10-05 12:33:44.588 [main] INFO  Controlador.Boletin1_4 - Directorio:f4
2026-10-05 12:33:44.588 [main] INFO  Controlador.Boletin1_4 - Fichero:005938a0edb500111289d348c836e07d
2026-10-05 12:33:44.588 [main] INFO  Controlador.Boletin1_4 - Directorio:f6
2026-10-05 12:33:44.589 [main] INFO  Controlador.Boletin1_4 - Fichero:2003c3b66bbd001111faea14e11e7656
2026-10-05 12:33:44.589 [main] INFO  Controlador.Boletin1_4 - Fichero:a0f76e4e83c00011116883df672a67b1
2026-10-05 12:33:44.589 [main] INFO  Controlador.Boletin1_4 - Fichero:b01024ceeeb500111289d348c836e07d
2026-10-05 12:33:44.589 [main] INFO  Controlador.Boletin1_4 - Fichero:d04d376fa6b500111c8884e96843f29f
2026-10-05 12:33:44.589 [main] INFO  Controlador.Boletin1_4 - Directorio:f7
2026-10-05 12:33:44.589 [main] INFO  Controlador.Boletin1_4 - Fichero:30221e04eab700111ea3fa60e5cdf6c3
2026-10-05 12:33:44.589 [main] INFO  Controlador.Boletin1_4 - Fichero:7065ca4a69bd001111faea14e11e7656
2026-10-05 12:33:44.589 [main] INFO  Controlador.Boletin1_4 - Directorio:f8
2026-10-05 12:33:44.590 [main] INFO  Controlador.Boletin1_4 - Fichero:f01cab545db600111283a34d65b74646
2026-10-05 12:33:44.590 [main] INFO  Controlador.Boletin1_4 - Directorio:fa
2026-10-05 12:33:44.590 [main] INFO  Controlador.Boletin1_4 - Fichero:102c105a62bd001111faea14e11e7656
2026-10-05 12:33:44.590 [main] INFO  Controlador.Boletin1_4 - Fichero:80a5ec6fa6c00011116883df672a67b1
2026-10-05 12:33:44.590 [main] INFO  Controlador.Boletin1_4 - Directorio:fb
2026-10-05 12:33:44.590 [main] INFO  Controlador.Boletin1_4 - Fichero:707cb353a3c00011116883df672a67b1
2026-10-05 12:33:44.590 [main] INFO  Controlador.Boletin1_4 - Fichero:90b37413a8c00011116883df672a67b1
2026-10-05 12:33:44.590 [main] INFO  Controlador.Boletin1_4 - Directorio:fc
2026-10-05 12:33:44.590 [main] INFO  Controlador.Boletin1_4 - Fichero:10168cca60b600111283a34d65b74646
2026-10-05 12:33:44.590 [main] INFO  Controlador.Boletin1_4 - Fichero:f04a294bedb500111289d348c836e07d
2026-10-05 12:33:44.590 [main] INFO  Controlador.Boletin1_4 - Directorio:fd
2026-10-05 12:33:44.592 [main] INFO  Controlador.Boletin1_4 - Fichero:508ee820f6b500111289d348c836e07d
2026-10-05 12:33:44.592 [main] INFO  Controlador.Boletin1_4 - Directorio:fe
2026-10-05 12:33:44.592 [main] INFO  Controlador.Boletin1_4 - Fichero:00ed3ee6f3b500111289d348c836e07d
2026-10-05 12:33:44.592 [main] INFO  Controlador.Boletin1_4 - Fichero:7092e81e60b600111283a34d65b74646
2026-10-05 12:33:44.592 [main] INFO  Controlador.Boletin1_4 - Fichero:80efb196f3b500111289d348c836e07d
2026-10-05 12:33:44.592 [main] INFO  Controlador.Boletin1_4 - Directorio:.projects
2026-10-05 12:33:44.592 [main] INFO  Controlador.Boletin1_4 - Directorio:.org.eclipse.egit.core.cmp
2026-10-05 12:33:44.593 [main] INFO  Controlador.Boletin1_4 - Fichero:.location
2026-10-05 12:33:44.593 [main] INFO  Controlador.Boletin1_4 - Fichero:.markers.snap
2026-10-05 12:33:44.593 [main] INFO  Controlador.Boletin1_4 - Fichero:.syncinfo.snap
2026-10-05 12:33:44.593 [main] INFO  Controlador.Boletin1_4 - Directorio:Biblioteca
2026-10-05 12:33:44.593 [main] INFO  Controlador.Boletin1_4 - Directorio:.indexes
2026-10-05 12:33:44.593 [main] INFO  Controlador.Boletin1_4 - Directorio:e4
2026-10-05 12:33:44.593 [main] INFO  Controlador.Boletin1_4 - Directorio:b9
2026-10-05 12:33:44.593 [main] INFO  Controlador.Boletin1_4 - Directorio:22
2026-10-05 12:33:44.594 [main] INFO  Controlador.Boletin1_4 - Directorio:dd
2026-10-05 12:33:44.594 [main] INFO  Controlador.Boletin1_4 - Fichero:history.index
2026-10-05 12:33:44.594 [main] INFO  Controlador.Boletin1_4 - Fichero:properties.index
2026-10-05 12:33:44.594 [main] INFO  Controlador.Boletin1_4 - Fichero:.location
2026-10-05 12:33:44.594 [main] INFO  Controlador.Boletin1_4 - Fichero:.markers
2026-10-05 12:33:44.594 [main] INFO  Controlador.Boletin1_4 - Fichero:.markers.snap
2026-10-05 12:33:44.594 [main] INFO  Controlador.Boletin1_4 - Fichero:.syncinfo.snap
2026-10-05 12:33:44.594 [main] INFO  Controlador.Boletin1_4 - Directorio:org.eclipse.egit.core
2026-10-05 12:33:44.594 [main] INFO  Controlador.Boletin1_4 - Fichero:GitProjectData.properties
2026-10-05 12:33:44.594 [main] INFO  Controlador.Boletin1_4 - Directorio:org.eclipse.jdt.apt.core
2026-10-05 12:33:44.595 [main] INFO  Controlador.Boletin1_4 - Directorio:org.eclipse.jdt.core
2026-10-05 12:33:44.595 [main] INFO  Controlador.Boletin1_4 - Fichero:state.dat
2026-10-05 12:33:44.595 [main] INFO  Controlador.Boletin1_4 - Directorio:Comienzo
2026-10-05 12:33:44.595 [main] INFO  Controlador.Boletin1_4 - Directorio:.indexes
2026-10-05 12:33:44.595 [main] INFO  Controlador.Boletin1_4 - Fichero:properties.index
2026-10-05 12:33:44.595 [main] INFO  Controlador.Boletin1_4 - Fichero:.location
2026-10-05 12:33:44.595 [main] INFO  Controlador.Boletin1_4 - Fichero:.markers.snap
2026-10-05 12:33:44.595 [main] INFO  Controlador.Boletin1_4 - Fichero:.syncinfo.snap
2026-10-05 12:33:44.595 [main] INFO  Controlador.Boletin1_4 - Directorio:org.eclipse.egit.core
2026-10-05 12:33:44.596 [main] INFO  Controlador.Boletin1_4 - Fichero:GitProjectData.properties
2026-10-05 12:33:44.596 [main] INFO  Controlador.Boletin1_4 - Directorio:org.eclipse.jdt.core
2026-10-05 12:33:44.596 [main] INFO  Controlador.Boletin1_4 - Fichero:state.dat
2026-10-05 12:33:44.596 [main] INFO  Controlador.Boletin1_4 - Directorio:EldenRing
2026-10-05 12:33:44.596 [main] INFO  Controlador.Boletin1_4 - Directorio:.indexes
2026-10-05 12:33:44.596 [main] INFO  Controlador.Boletin1_4 - Directorio:af
2026-10-05 12:33:44.597 [main] INFO  Controlador.Boletin1_4 - Fichero:history.index
2026-10-05 12:33:44.597 [main] INFO  Controlador.Boletin1_4 - Directorio:e4
2026-10-05 12:33:44.597 [main] INFO  Controlador.Boletin1_4 - Directorio:b9
2026-10-05 12:33:44.597 [main] INFO  Controlador.Boletin1_4 - Directorio:22
2026-10-05 12:33:44.597 [main] INFO  Controlador.Boletin1_4 - Directorio:55
2026-10-05 12:33:44.597 [main] INFO  Controlador.Boletin1_4 - Fichero:history.index
2026-10-05 12:33:44.597 [main] INFO  Controlador.Boletin1_4 - Directorio:7a
2026-10-05 12:33:44.597 [main] INFO  Controlador.Boletin1_4 - Fichero:history.index
2026-10-05 12:33:44.597 [main] INFO  Controlador.Boletin1_4 - Directorio:fd
2026-10-05 12:33:44.597 [main] INFO  Controlador.Boletin1_4 - Fichero:history.index
2026-10-05 12:33:44.597 [main] INFO  Controlador.Boletin1_4 - Fichero:properties.index
2026-10-05 12:33:44.597 [main] INFO  Controlador.Boletin1_4 - Fichero:.location
2026-10-05 12:33:44.598 [main] INFO  Controlador.Boletin1_4 - Fichero:.markers
2026-10-05 12:33:44.598 [main] INFO  Controlador.Boletin1_4 - Fichero:.markers.snap
2026-10-05 12:33:44.598 [main] INFO  Controlador.Boletin1_4 - Fichero:.syncinfo.snap
2026-10-05 12:33:44.598 [main] INFO  Controlador.Boletin1_4 - Directorio:org.eclipse.egit.core
2026-10-05 12:33:44.598 [main] INFO  Controlador.Boletin1_4 - Fichero:GitProjectData.properties
2026-10-05 12:33:44.598 [main] INFO  Controlador.Boletin1_4 - Directorio:org.eclipse.jdt.apt.core
2026-10-05 12:33:44.598 [main] INFO  Controlador.Boletin1_4 - Directorio:org.eclipse.jdt.core
2026-10-05 12:33:44.599 [main] INFO  Controlador.Boletin1_4 - Fichero:state.dat
2026-10-05 12:33:44.599 [main] INFO  Controlador.Boletin1_4 - Directorio:repasoJava
2026-10-05 12:33:44.599 [main] INFO  Controlador.Boletin1_4 - Directorio:.indexes
2026-10-05 12:33:44.599 [main] INFO  Controlador.Boletin1_4 - Directorio:e4
2026-10-05 12:33:44.600 [main] INFO  Controlador.Boletin1_4 - Directorio:b9
2026-10-05 12:33:44.600 [main] INFO  Controlador.Boletin1_4 - Directorio:22
2026-10-05 12:33:44.600 [main] INFO  Controlador.Boletin1_4 - Directorio:fe
2026-10-05 12:33:44.600 [main] INFO  Controlador.Boletin1_4 - Directorio:35
2026-10-05 12:33:44.600 [main] INFO  Controlador.Boletin1_4 - Directorio:a9
2026-10-05 12:33:44.600 [main] INFO  Controlador.Boletin1_4 - Fichero:history.index
2026-10-05 12:33:44.601 [main] INFO  Controlador.Boletin1_4 - Fichero:properties.index
2026-10-05 12:33:44.601 [main] INFO  Controlador.Boletin1_4 - Fichero:.location
2026-10-05 12:33:44.601 [main] INFO  Controlador.Boletin1_4 - Fichero:.markers
2026-10-05 12:33:44.601 [main] INFO  Controlador.Boletin1_4 - Fichero:.markers.snap
2026-10-05 12:33:44.601 [main] INFO  Controlador.Boletin1_4 - Fichero:.syncinfo.snap
2026-10-05 12:33:44.601 [main] INFO  Controlador.Boletin1_4 - Directorio:org.eclipse.egit.core
2026-10-05 12:33:44.601 [main] INFO  Controlador.Boletin1_4 - Fichero:GitProjectData.properties
2026-10-05 12:33:44.601 [main] INFO  Controlador.Boletin1_4 - Directorio:org.eclipse.jdt.apt.core
2026-10-05 12:33:44.601 [main] INFO  Controlador.Boletin1_4 - Directorio:org.eclipse.jdt.core
2026-10-05 12:33:44.601 [main] INFO  Controlador.Boletin1_4 - Fichero:state.dat
2026-10-05 12:33:44.602 [main] INFO  Controlador.Boletin1_4 - Directorio:Unidad1File
2026-10-05 12:33:44.602 [main] INFO  Controlador.Boletin1_4 - Directorio:.indexes
2026-10-05 12:33:44.602 [main] INFO  Controlador.Boletin1_4 - Directorio:af
2026-10-05 12:33:44.602 [main] INFO  Controlador.Boletin1_4 - Fichero:history.index
2026-10-05 12:33:44.602 [main] INFO  Controlador.Boletin1_4 - Directorio:e4
2026-10-05 12:33:44.602 [main] INFO  Controlador.Boletin1_4 - Directorio:b9
2026-10-05 12:33:44.602 [main] INFO  Controlador.Boletin1_4 - Directorio:22
2026-10-05 12:33:44.603 [main] INFO  Controlador.Boletin1_4 - Directorio:72
2026-10-05 12:33:44.603 [main] INFO  Controlador.Boletin1_4 - Fichero:history.index
2026-10-05 12:33:44.603 [main] INFO  Controlador.Boletin1_4 - Directorio:fd
2026-10-05 12:33:44.603 [main] INFO  Controlador.Boletin1_4 - Fichero:history.index
2026-10-05 12:33:44.603 [main] INFO  Controlador.Boletin1_4 - Fichero:history.index
2026-10-05 12:33:44.603 [main] INFO  Controlador.Boletin1_4 - Fichero:properties.index
2026-10-05 12:33:44.603 [main] INFO  Controlador.Boletin1_4 - Fichero:.location
2026-10-05 12:33:44.603 [main] INFO  Controlador.Boletin1_4 - Fichero:.markers
2026-10-05 12:33:44.603 [main] INFO  Controlador.Boletin1_4 - Fichero:.markers.snap
2026-10-05 12:33:44.603 [main] INFO  Controlador.Boletin1_4 - Fichero:.syncinfo.snap
2026-10-05 12:33:44.603 [main] INFO  Controlador.Boletin1_4 - Directorio:org.eclipse.egit.core
2026-10-05 12:33:44.603 [main] INFO  Controlador.Boletin1_4 - Fichero:GitProjectData.properties
2026-10-05 12:33:44.604 [main] INFO  Controlador.Boletin1_4 - Directorio:org.eclipse.jdt.apt.core
2026-10-05 12:33:44.604 [main] INFO  Controlador.Boletin1_4 - Directorio:org.eclipse.jdt.core
2026-10-05 12:33:44.604 [main] INFO  Controlador.Boletin1_4 - Directorio:.root
2026-10-05 12:33:44.604 [main] INFO  Controlador.Boletin1_4 - Directorio:.indexes
2026-10-05 12:33:44.604 [main] INFO  Controlador.Boletin1_4 - Fichero:history.version
2026-10-05 12:33:44.604 [main] INFO  Controlador.Boletin1_4 - Fichero:properties.index
2026-10-05 12:33:44.604 [main] INFO  Controlador.Boletin1_4 - Fichero:properties.version
2026-10-05 12:33:44.604 [main] INFO  Controlador.Boletin1_4 - Fichero:.markers.snap
2026-10-05 12:33:44.604 [main] INFO  Controlador.Boletin1_4 - Fichero:13.tree
2026-10-05 12:33:44.604 [main] INFO  Controlador.Boletin1_4 - Directorio:.safetable
2026-10-05 12:33:44.604 [main] INFO  Controlador.Boletin1_4 - Fichero:org.eclipse.core.resources
2026-10-05 12:33:44.605 [main] INFO  Controlador.Boletin1_4 - Fichero:13.snap
2026-10-05 12:33:44.605 [main] INFO  Controlador.Boletin1_4 - Directorio:org.eclipse.core.runtime
2026-10-05 12:33:44.605 [main] INFO  Controlador.Boletin1_4 - Directorio:.settings
2026-10-05 12:33:44.605 [main] INFO  Controlador.Boletin1_4 - Fichero:org.eclipse.ant.ui.prefs
2026-10-05 12:33:44.605 [main] INFO  Controlador.Boletin1_4 - Fichero:org.eclipse.core.resources.prefs
2026-10-05 12:33:44.605 [main] INFO  Controlador.Boletin1_4 - Fichero:org.eclipse.core.variables.prefs
2026-10-05 12:33:44.605 [main] INFO  Controlador.Boletin1_4 - Fichero:org.eclipse.debug.core.prefs
2026-10-05 12:33:44.605 [main] INFO  Controlador.Boletin1_4 - Fichero:org.eclipse.debug.ui.prefs
2026-10-05 12:33:44.605 [main] INFO  Controlador.Boletin1_4 - Fichero:org.eclipse.e4.ui.css.swt.theme.prefs
2026-10-05 12:33:44.605 [main] INFO  Controlador.Boletin1_4 - Fichero:org.eclipse.e4.ui.workbench.renderers.swt.prefs
2026-10-05 12:33:44.605 [main] INFO  Controlador.Boletin1_4 - Fichero:org.eclipse.egit.core.prefs
2026-10-05 12:33:44.606 [main] INFO  Controlador.Boletin1_4 - Fichero:org.eclipse.jdt.core.prefs
2026-10-05 12:33:44.606 [main] INFO  Controlador.Boletin1_4 - Fichero:org.eclipse.jdt.debug.ui.prefs
2026-10-05 12:33:44.606 [main] INFO  Controlador.Boletin1_4 - Fichero:org.eclipse.jdt.junit.prefs
2026-10-05 12:33:44.606 [main] INFO  Controlador.Boletin1_4 - Fichero:org.eclipse.jdt.launching.prefs
2026-10-05 12:33:44.606 [main] INFO  Controlador.Boletin1_4 - Fichero:org.eclipse.jdt.ui.prefs
2026-10-05 12:33:44.606 [main] INFO  Controlador.Boletin1_4 - Fichero:org.eclipse.jsch.core.prefs
2026-10-05 12:33:44.606 [main] INFO  Controlador.Boletin1_4 - Fichero:org.eclipse.jst.j2ee.webservice.ui.prefs
2026-10-05 12:33:44.606 [main] INFO  Controlador.Boletin1_4 - Fichero:org.eclipse.jst.jsp.core.prefs
2026-10-05 12:33:44.606 [main] INFO  Controlador.Boletin1_4 - Fichero:org.eclipse.m2e.discovery.prefs
2026-10-05 12:33:44.606 [main] INFO  Controlador.Boletin1_4 - Fichero:org.eclipse.mylyn.context.core.prefs
2026-10-05 12:33:44.606 [main] INFO  Controlador.Boletin1_4 - Fichero:org.eclipse.mylyn.java.ui.prefs
2026-10-05 12:33:44.606 [main] INFO  Controlador.Boletin1_4 - Fichero:org.eclipse.mylyn.monitor.ui.prefs
2026-10-05 12:33:44.606 [main] INFO  Controlador.Boletin1_4 - Fichero:org.eclipse.mylyn.tasks.ui.prefs
2026-10-05 12:33:44.606 [main] INFO  Controlador.Boletin1_4 - Fichero:org.eclipse.pde.api.tools.prefs
2026-10-05 12:33:44.606 [main] INFO  Controlador.Boletin1_4 - Fichero:org.eclipse.ui.browser.prefs
2026-10-05 12:33:44.606 [main] INFO  Controlador.Boletin1_4 - Fichero:org.eclipse.ui.console.prefs
2026-10-05 12:33:44.606 [main] INFO  Controlador.Boletin1_4 - Fichero:org.eclipse.ui.ide.prefs
2026-10-05 12:33:44.606 [main] INFO  Controlador.Boletin1_4 - Fichero:org.eclipse.ui.navigator.prefs
2026-10-05 12:33:44.606 [main] INFO  Controlador.Boletin1_4 - Fichero:org.eclipse.ui.prefs
2026-10-05 12:33:44.606 [main] INFO  Controlador.Boletin1_4 - Fichero:org.eclipse.ui.workbench.prefs
2026-10-05 12:33:44.608 [main] INFO  Controlador.Boletin1_4 - Fichero:org.eclipse.wst.jsdt.ui.prefs
2026-10-05 12:33:44.608 [main] INFO  Controlador.Boletin1_4 - Fichero:org.eclipse.wst.sse.ui.prefs
2026-10-05 12:33:44.608 [main] INFO  Controlador.Boletin1_4 - Fichero:org.eclipse.wst.ws.service.policy.prefs
2026-10-05 12:33:44.608 [main] INFO  Controlador.Boletin1_4 - Fichero:org.eclipse.wst.xml.ui.prefs
2026-10-05 12:33:44.608 [main] INFO  Controlador.Boletin1_4 - Directorio:org.eclipse.debug.core
2026-10-05 12:33:44.608 [main] INFO  Controlador.Boletin1_4 - Directorio:.launches
2026-10-05 12:33:44.608 [main] INFO  Controlador.Boletin1_4 - Fichero:Boletin1_1.launch
2026-10-05 12:33:44.608 [main] INFO  Controlador.Boletin1_4 - Fichero:Boletin1_4.launch
2026-10-05 12:33:44.608 [main] INFO  Controlador.Boletin1_4 - Fichero:ClaseFile.launch
2026-10-05 12:33:44.608 [main] INFO  Controlador.Boletin1_4 - Fichero:Dia1Excepciones.launch
2026-10-05 12:33:44.608 [main] INFO  Controlador.Boletin1_4 - Fichero:GestionaEvento.launch
2026-10-05 12:33:44.608 [main] INFO  Controlador.Boletin1_4 - Directorio:org.eclipse.debug.ui
2026-10-05 12:33:44.608 [main] INFO  Controlador.Boletin1_4 - Fichero:dialog_settings.xml
2026-10-05 12:33:44.608 [main] INFO  Controlador.Boletin1_4 - Fichero:launchConfigurationHistory.xml
2026-10-05 12:33:44.609 [main] INFO  Controlador.Boletin1_4 - Directorio:org.eclipse.e4.workbench
2026-10-05 12:33:44.609 [main] INFO  Controlador.Boletin1_4 - Fichero:last_nl.properties
2026-10-05 12:33:44.609 [main] INFO  Controlador.Boletin1_4 - Fichero:workbench.xmi
2026-10-05 12:33:44.609 [main] INFO  Controlador.Boletin1_4 - Directorio:org.eclipse.eclemma.core
2026-10-05 12:33:44.609 [main] INFO  Controlador.Boletin1_4 - Directorio:.execdata
2026-10-05 12:33:44.609 [main] INFO  Controlador.Boletin1_4 - Directorio:org.eclipse.egit.core
2026-10-05 12:33:44.609 [main] INFO  Controlador.Boletin1_4 - Directorio:.org.eclipse.egit.core.cmp
2026-10-05 12:33:44.609 [main] INFO  Controlador.Boletin1_4 - Fichero:.project
2026-10-05 12:33:44.609 [main] INFO  Controlador.Boletin1_4 - Directorio:.settings
2026-10-05 12:33:44.610 [main] INFO  Controlador.Boletin1_4 - Fichero:org.eclipse.core.resources.prefs
2026-10-05 12:33:44.610 [main] INFO  Controlador.Boletin1_4 - Directorio:org.eclipse.egit.ui
2026-10-05 12:33:44.610 [main] INFO  Controlador.Boletin1_4 - Fichero:dialog_settings.xml
2026-10-05 12:33:44.610 [main] INFO  Controlador.Boletin1_4 - Directorio:org.eclipse.emf.common.ui
2026-10-05 12:33:44.610 [main] INFO  Controlador.Boletin1_4 - Directorio:org.eclipse.jdt.core
2026-10-05 12:33:44.610 [main] INFO  Controlador.Boletin1_4 - Fichero:1204385438.index
2026-10-05 12:33:44.610 [main] INFO  Controlador.Boletin1_4 - Fichero:1283376873.index
2026-10-05 12:33:44.610 [main] INFO  Controlador.Boletin1_4 - Fichero:1552631659.index
2026-10-05 12:33:44.610 [main] INFO  Controlador.Boletin1_4 - Fichero:1865797976.index
2026-10-05 12:33:44.610 [main] INFO  Controlador.Boletin1_4 - Fichero:252629216.index
2026-10-05 12:33:44.611 [main] INFO  Controlador.Boletin1_4 - Fichero:2657171946.index
2026-10-05 12:33:44.611 [main] INFO  Controlador.Boletin1_4 - Fichero:339914883.index
2026-10-05 12:33:44.611 [main] INFO  Controlador.Boletin1_4 - Fichero:3467074264.index
2026-10-05 12:33:44.611 [main] INFO  Controlador.Boletin1_4 - Fichero:3772730432.index
2026-10-05 12:33:44.611 [main] INFO  Controlador.Boletin1_4 - Fichero:assumedExternalFilesCache
2026-10-05 12:33:44.611 [main] INFO  Controlador.Boletin1_4 - Fichero:externalFilesCache
2026-10-05 12:33:44.611 [main] INFO  Controlador.Boletin1_4 - Fichero:externalLibsTimeStamps
2026-10-05 12:33:44.611 [main] INFO  Controlador.Boletin1_4 - Fichero:javaLikeNames.txt
2026-10-05 12:33:44.611 [main] INFO  Controlador.Boletin1_4 - Fichero:nonChainingJarsCache
2026-10-05 12:33:44.611 [main] INFO  Controlador.Boletin1_4 - Fichero:savedIndexNames.txt
2026-10-05 12:33:44.611 [main] INFO  Controlador.Boletin1_4 - Fichero:variablesAndContainers.dat
2026-10-05 12:33:44.611 [main] INFO  Controlador.Boletin1_4 - Directorio:org.eclipse.jdt.debug.ui
2026-10-05 12:33:44.611 [main] INFO  Controlador.Boletin1_4 - Directorio:org.eclipse.jdt.launching
2026-10-05 12:33:44.611 [main] INFO  Controlador.Boletin1_4 - Fichero:.install.xml
2026-10-05 12:33:44.611 [main] INFO  Controlador.Boletin1_4 - Fichero:libraryInfos.xml
2026-10-05 12:33:44.612 [main] INFO  Controlador.Boletin1_4 - Directorio:org.eclipse.jdt.ui
2026-10-05 12:33:44.612 [main] INFO  Controlador.Boletin1_4 - Fichero:dialog_settings.xml
2026-10-05 12:33:44.612 [main] INFO  Controlador.Boletin1_4 - Directorio:jdt-images
2026-10-05 12:33:44.612 [main] INFO  Controlador.Boletin1_4 - Fichero:0.png
2026-10-05 12:33:44.612 [main] INFO  Controlador.Boletin1_4 - Fichero:1.png
2026-10-05 12:33:44.612 [main] INFO  Controlador.Boletin1_4 - Fichero:10.png
2026-10-05 12:33:44.612 [main] INFO  Controlador.Boletin1_4 - Fichero:11.png
2026-10-05 12:33:44.612 [main] INFO  Controlador.Boletin1_4 - Fichero:12.png
2026-10-05 12:33:44.612 [main] INFO  Controlador.Boletin1_4 - Fichero:13.png
2026-10-05 12:33:44.612 [main] INFO  Controlador.Boletin1_4 - Fichero:14.png
2026-10-05 12:33:44.612 [main] INFO  Controlador.Boletin1_4 - Fichero:2.png
2026-10-05 12:33:44.612 [main] INFO  Controlador.Boletin1_4 - Fichero:3.png
2026-10-05 12:33:44.612 [main] INFO  Controlador.Boletin1_4 - Fichero:4.png
2026-10-05 12:33:44.612 [main] INFO  Controlador.Boletin1_4 - Fichero:5.png
2026-10-05 12:33:44.612 [main] INFO  Controlador.Boletin1_4 - Fichero:6.png
2026-10-05 12:33:44.612 [main] INFO  Controlador.Boletin1_4 - Fichero:7.png
2026-10-05 12:33:44.613 [main] INFO  Controlador.Boletin1_4 - Fichero:8.png
2026-10-05 12:33:44.613 [main] INFO  Controlador.Boletin1_4 - Fichero:9.png
2026-10-05 12:33:44.613 [main] INFO  Controlador.Boletin1_4 - Fichero:OpenTypeHistory.xml
2026-10-05 12:33:44.613 [main] INFO  Controlador.Boletin1_4 - Fichero:QualifiedTypeNameHistory.xml
2026-10-05 12:33:44.613 [main] INFO  Controlador.Boletin1_4 - Directorio:org.eclipse.jst.jsp.core
2026-10-05 12:33:44.613 [main] INFO  Controlador.Boletin1_4 - Directorio:jspsearch
2026-10-05 12:33:44.613 [main] INFO  Controlador.Boletin1_4 - Directorio:taglibindex
2026-10-05 12:33:44.613 [main] INFO  Controlador.Boletin1_4 - Directorio:org.eclipse.ltk.core.refactoring
2026-10-05 12:33:44.613 [main] INFO  Controlador.Boletin1_4 - Directorio:.refactorings
2026-10-05 12:33:44.614 [main] INFO  Controlador.Boletin1_4 - Directorio:Biblioteca
2026-10-05 12:33:44.614 [main] INFO  Controlador.Boletin1_4 - Directorio:2026
2026-10-05 12:33:44.614 [main] INFO  Controlador.Boletin1_4 - Directorio:10
2026-10-05 12:33:44.614 [main] INFO  Controlador.Boletin1_4 - Directorio:40
2026-10-05 12:33:44.614 [main] INFO  Controlador.Boletin1_4 - Fichero:refactorings.history
2026-10-05 12:33:44.614 [main] INFO  Controlador.Boletin1_4 - Fichero:refactorings.index
2026-10-05 12:33:44.615 [main] INFO  Controlador.Boletin1_4 - Directorio:9
2026-10-05 12:33:44.615 [main] INFO  Controlador.Boletin1_4 - Directorio:39
2026-10-05 12:33:44.615 [main] INFO  Controlador.Boletin1_4 - Fichero:refactorings.history
2026-10-05 12:33:44.615 [main] INFO  Controlador.Boletin1_4 - Fichero:refactorings.index
2026-10-05 12:33:44.615 [main] INFO  Controlador.Boletin1_4 - Directorio:EldenRing
2026-10-05 12:33:44.616 [main] INFO  Controlador.Boletin1_4 - Directorio:2026
2026-10-05 12:33:44.616 [main] INFO  Controlador.Boletin1_4 - Directorio:10
2026-10-05 12:33:44.616 [main] INFO  Controlador.Boletin1_4 - Directorio:40
2026-10-05 12:33:44.616 [main] INFO  Controlador.Boletin1_4 - Fichero:refactorings.history
2026-10-05 12:33:44.616 [main] INFO  Controlador.Boletin1_4 - Fichero:refactorings.index
2026-10-05 12:33:44.616 [main] INFO  Controlador.Boletin1_4 - Directorio:repasoJava
2026-10-05 12:33:44.616 [main] INFO  Controlador.Boletin1_4 - Directorio:2026
2026-10-05 12:33:44.617 [main] INFO  Controlador.Boletin1_4 - Directorio:9
2026-10-05 12:33:44.617 [main] INFO  Controlador.Boletin1_4 - Directorio:39
2026-10-05 12:33:44.617 [main] INFO  Controlador.Boletin1_4 - Fichero:refactorings.history
2026-10-05 12:33:44.617 [main] INFO  Controlador.Boletin1_4 - Fichero:refactorings.index
2026-10-05 12:33:44.617 [main] INFO  Controlador.Boletin1_4 - Directorio:Unidad1File
2026-10-05 12:33:44.617 [main] INFO  Controlador.Boletin1_4 - Directorio:2026
2026-10-05 12:33:44.618 [main] INFO  Controlador.Boletin1_4 - Directorio:10
2026-10-05 12:33:44.618 [main] INFO  Controlador.Boletin1_4 - Directorio:40
2026-10-05 12:33:44.618 [main] INFO  Controlador.Boletin1_4 - Fichero:refactorings.history
2026-10-05 12:33:44.619 [main] INFO  Controlador.Boletin1_4 - Fichero:refactorings.index
2026-10-05 12:33:44.619 [main] INFO  Controlador.Boletin1_4 - Directorio:org.eclipse.ltk.ui.refactoring
2026-10-05 12:33:44.619 [main] INFO  Controlador.Boletin1_4 - Fichero:dialog_settings.xml
2026-10-05 12:33:44.619 [main] INFO  Controlador.Boletin1_4 - Directorio:org.eclipse.m2e.core
2026-10-05 12:33:44.619 [main] INFO  Controlador.Boletin1_4 - Fichero:archetypesInfo.xml
2026-10-05 12:33:44.619 [main] INFO  Controlador.Boletin1_4 - Fichero:Biblioteca.lifecyclemapping
2026-10-05 12:33:44.619 [main] INFO  Controlador.Boletin1_4 - Fichero:EldenRing.lifecyclemapping
2026-10-05 12:33:44.619 [main] INFO  Controlador.Boletin1_4 - Fichero:repasoJava.lifecyclemapping
2026-10-05 12:33:44.619 [main] INFO  Controlador.Boletin1_4 - Fichero:Unidad1File.lifecyclemapping
2026-10-05 12:33:44.619 [main] INFO  Controlador.Boletin1_4 - Fichero:workspacestate.properties
2026-10-05 12:33:44.619 [main] INFO  Controlador.Boletin1_4 - Fichero:workspaceState.ser
2026-10-05 12:33:44.619 [main] INFO  Controlador.Boletin1_4 - Directorio:org.eclipse.m2e.core.ui
2026-10-05 12:33:44.620 [main] INFO  Controlador.Boletin1_4 - Fichero:dialog_settings.xml
2026-10-05 12:33:44.620 [main] INFO  Controlador.Boletin1_4 - Directorio:org.eclipse.m2e.jdt
2026-10-05 12:33:44.620 [main] INFO  Controlador.Boletin1_4 - Fichero:Biblioteca.container
2026-10-05 12:33:44.620 [main] INFO  Controlador.Boletin1_4 - Fichero:EldenRing.container
2026-10-05 12:33:44.620 [main] INFO  Controlador.Boletin1_4 - Fichero:repasoJava.container
2026-10-05 12:33:44.620 [main] INFO  Controlador.Boletin1_4 - Fichero:Unidad1File.container
2026-10-05 12:33:44.620 [main] INFO  Controlador.Boletin1_4 - Directorio:org.eclipse.m2e.launching
2026-10-05 12:33:44.620 [main] INFO  Controlador.Boletin1_4 - Directorio:launches
2026-10-05 12:33:44.621 [main] INFO  Controlador.Boletin1_4 - Directorio:org.eclipse.m2e.logback
2026-10-05 12:33:44.621 [main] INFO  Controlador.Boletin1_4 - Fichero:0.log
2026-10-05 12:33:44.621 [main] INFO  Controlador.Boletin1_4 - Fichero:logback.2.7.0.20241001-1350.xml
2026-10-05 12:33:44.621 [main] INFO  Controlador.Boletin1_4 - Fichero:logback.2.7.201.20260831-2044.xml
2026-10-05 12:33:44.621 [main] INFO  Controlador.Boletin1_4 - Directorio:org.eclipse.mylyn.context.core
2026-10-05 12:33:44.621 [main] INFO  Controlador.Boletin1_4 - Directorio:contexts
2026-10-05 12:33:44.621 [main] INFO  Controlador.Boletin1_4 - Directorio:org.eclipse.mylyn.github.ui
2026-10-05 12:33:44.621 [main] INFO  Controlador.Boletin1_4 - Fichero:avatars.ser
2026-10-05 12:33:44.621 [main] INFO  Controlador.Boletin1_4 - Directorio:org.eclipse.mylyn.tasks.ui
2026-10-05 12:33:44.622 [main] INFO  Controlador.Boletin1_4 - Directorio:org.eclipse.oomph.setup
2026-10-05 12:33:44.622 [main] INFO  Controlador.Boletin1_4 - Fichero:workspace.setup
2026-10-05 12:33:44.622 [main] INFO  Controlador.Boletin1_4 - Directorio:org.eclipse.oomph.setup.ui
2026-10-05 12:33:44.622 [main] INFO  Controlador.Boletin1_4 - Directorio:org.eclipse.pde.api.tools
2026-10-05 12:33:44.622 [main] INFO  Controlador.Boletin1_4 - Directorio:org.eclipse.pde.core
2026-10-05 12:33:44.622 [main] INFO  Controlador.Boletin1_4 - Directorio:.cache
2026-10-05 12:33:44.622 [main] INFO  Controlador.Boletin1_4 - Fichero:clean-cache.properties
2026-10-05 12:33:44.622 [main] INFO  Controlador.Boletin1_4 - Directorio:.p2
2026-10-05 12:33:44.623 [main] INFO  Controlador.Boletin1_4 - Directorio:org.eclipse.equinox.p2.engine
2026-10-05 12:33:44.623 [main] INFO  Controlador.Boletin1_4 - Directorio:profileRegistry
2026-10-05 12:33:44.623 [main] INFO  Controlador.Boletin1_4 - Directorio:org.eclipse.swt
2026-10-05 12:33:44.623 [main] INFO  Controlador.Boletin1_4 - Directorio:EBWebView
2026-10-05 12:33:44.623 [main] INFO  Controlador.Boletin1_4 - Directorio:AutoLaunchProtocolsComponent
2026-10-05 12:33:44.623 [main] INFO  Controlador.Boletin1_4 - Directorio:1.0.0.12
2026-10-05 12:33:44.624 [main] INFO  Controlador.Boletin1_4 - Fichero:manifest.json
2026-10-05 12:33:44.624 [main] INFO  Controlador.Boletin1_4 - Fichero:protocols.json
2026-10-05 12:33:44.624 [main] INFO  Controlador.Boletin1_4 - Fichero:BrowserMetrics-spare.pma
2026-10-05 12:33:44.624 [main] INFO  Controlador.Boletin1_4 - Directorio:CertificateRevocation
2026-10-05 12:33:44.624 [main] INFO  Controlador.Boletin1_4 - Directorio:6498.2025.9.4
2026-10-05 12:33:44.624 [main] INFO  Controlador.Boletin1_4 - Fichero:crl-set
2026-10-05 12:33:44.624 [main] INFO  Controlador.Boletin1_4 - Fichero:manifest.json
2026-10-05 12:33:44.624 [main] INFO  Controlador.Boletin1_4 - Directorio:component_crx_cache
2026-10-05 12:33:44.624 [main] INFO  Controlador.Boletin1_4 - Fichero:00af3f07b5abb71f6d30337e1eef62fa280f06ef19485c0cf6b72171f92ccc0a
2026-10-05 12:33:44.624 [main] INFO  Controlador.Boletin1_4 - Fichero:720517793663c90e0dbd77cb42709bac49af733f83f73320ba89859d9b0310e0
2026-10-05 12:33:44.625 [main] INFO  Controlador.Boletin1_4 - Fichero:95fd9d48e4fc245a3f3a99a3a16ecd1355050ba3f4afc555f19a97c7f9b49677
2026-10-05 12:33:44.625 [main] INFO  Controlador.Boletin1_4 - Fichero:a81d1959892ae4180554347df1b97834abba2e1a5e6b9aeba000ecea26eabecc
2026-10-05 12:33:44.625 [main] INFO  Controlador.Boletin1_4 - Fichero:bec8ead1da3c9600fe66bbcc0e7a9bed9a184c1be821b4d23570c6b7af7f0410
2026-10-05 12:33:44.625 [main] INFO  Controlador.Boletin1_4 - Fichero:cde4f808f038aaffece9680c0356ded00c81c4559e0a431acb45d1276425d9eb
2026-10-05 12:33:44.625 [main] INFO  Controlador.Boletin1_4 - Fichero:ef7bf9efb7c82e6847b572d7781e11fc7fd642a55ab79e42a3d3ba2f80d520f6
2026-10-05 12:33:44.625 [main] INFO  Controlador.Boletin1_4 - Fichero:fa29a6d5775ff340900a65b39b02fc8b4b77d403c048d8debf22f2f5d09c61a0
2026-10-05 12:33:44.625 [main] INFO  Controlador.Boletin1_4 - Fichero:metadata.json
2026-10-05 12:33:44.625 [main] INFO  Controlador.Boletin1_4 - Directorio:Crashpad
2026-10-05 12:33:44.625 [main] INFO  Controlador.Boletin1_4 - Directorio:attachments
2026-10-05 12:33:44.625 [main] INFO  Controlador.Boletin1_4 - Fichero:metadata
2026-10-05 12:33:44.625 [main] INFO  Controlador.Boletin1_4 - Directorio:reports
2026-10-05 12:33:44.626 [main] INFO  Controlador.Boletin1_4 - Fichero:settings.dat
2026-10-05 12:33:44.626 [main] INFO  Controlador.Boletin1_4 - Fichero:throttle_store.dat
2026-10-05 12:33:44.626 [main] INFO  Controlador.Boletin1_4 - Fichero:watson_metadata
2026-10-05 12:33:44.626 [main] INFO  Controlador.Boletin1_4 - Directorio:Default
2026-10-05 12:33:44.626 [main] INFO  Controlador.Boletin1_4 - Directorio:AutofillAiModelCache
2026-10-05 12:33:44.626 [main] INFO  Controlador.Boletin1_4 - Fichero:LOCK
2026-10-05 12:33:44.626 [main] INFO  Controlador.Boletin1_4 - Fichero:LOG
2026-10-05 12:33:44.626 [main] INFO  Controlador.Boletin1_4 - Fichero:LOG.old
2026-10-05 12:33:44.626 [main] INFO  Controlador.Boletin1_4 - Directorio:AutofillStrikeDatabase
2026-10-05 12:33:44.627 [main] INFO  Controlador.Boletin1_4 - Fichero:LOCK
2026-10-05 12:33:44.627 [main] INFO  Controlador.Boletin1_4 - Fichero:LOG
2026-10-05 12:33:44.627 [main] INFO  Controlador.Boletin1_4 - Fichero:LOG.old
2026-10-05 12:33:44.627 [main] INFO  Controlador.Boletin1_4 - Directorio:blob_storage
2026-10-05 12:33:44.627 [main] INFO  Controlador.Boletin1_4 - Directorio:5a70d6b3-99cb-404e-b8b8-7b0fd64d3784
2026-10-05 12:33:44.627 [main] INFO  Controlador.Boletin1_4 - Fichero:BookmarkMergedSurfaceOrdering
2026-10-05 12:33:44.627 [main] INFO  Controlador.Boletin1_4 - Directorio:BudgetDatabase
2026-10-05 12:33:44.627 [main] INFO  Controlador.Boletin1_4 - Fichero:LOCK
2026-10-05 12:33:44.627 [main] INFO  Controlador.Boletin1_4 - Fichero:LOG
2026-10-05 12:33:44.628 [main] INFO  Controlador.Boletin1_4 - Fichero:LOG.old
2026-10-05 12:33:44.628 [main] INFO  Controlador.Boletin1_4 - Directorio:Cache
2026-10-05 12:33:44.628 [main] INFO  Controlador.Boletin1_4 - Directorio:Cache_Data
2026-10-05 12:33:44.628 [main] INFO  Controlador.Boletin1_4 - Fichero:data_0
2026-10-05 12:33:44.629 [main] INFO  Controlador.Boletin1_4 - Fichero:data_1
2026-10-05 12:33:44.629 [main] INFO  Controlador.Boletin1_4 - Fichero:data_2
2026-10-05 12:33:44.629 [main] INFO  Controlador.Boletin1_4 - Fichero:data_3
2026-10-05 12:33:44.629 [main] INFO  Controlador.Boletin1_4 - Fichero:f_000003
2026-10-05 12:33:44.629 [main] INFO  Controlador.Boletin1_4 - Fichero:f_00000c
2026-10-05 12:33:44.629 [main] INFO  Controlador.Boletin1_4 - Fichero:f_00000d
2026-10-05 12:33:44.629 [main] INFO  Controlador.Boletin1_4 - Fichero:index
2026-10-05 12:33:44.629 [main] INFO  Controlador.Boletin1_4 - Directorio:No_Vary_Search
2026-10-05 12:33:44.629 [main] INFO  Controlador.Boletin1_4 - Fichero:journal.baj
2026-10-05 12:33:44.629 [main] INFO  Controlador.Boletin1_4 - Fichero:snapshot.baf
2026-10-05 12:33:44.629 [main] INFO  Controlador.Boletin1_4 - Directorio:ClientCertificates
2026-10-05 12:33:44.630 [main] INFO  Controlador.Boletin1_4 - Fichero:LOCK
2026-10-05 12:33:44.630 [main] INFO  Controlador.Boletin1_4 - Fichero:LOG
2026-10-05 12:33:44.630 [main] INFO  Controlador.Boletin1_4 - Fichero:LOG.old
2026-10-05 12:33:44.630 [main] INFO  Controlador.Boletin1_4 - Directorio:Code Cache
2026-10-05 12:33:44.630 [main] INFO  Controlador.Boletin1_4 - Directorio:js
2026-10-05 12:33:44.630 [main] INFO  Controlador.Boletin1_4 - Fichero:e4e34bcd88cba405_0
2026-10-05 12:33:44.630 [main] INFO  Controlador.Boletin1_4 - Fichero:index
2026-10-05 12:33:44.630 [main] INFO  Controlador.Boletin1_4 - Directorio:index-dir
2026-10-05 12:33:44.630 [main] INFO  Controlador.Boletin1_4 - Fichero:the-real-index
2026-10-05 12:33:44.630 [main] INFO  Controlador.Boletin1_4 - Directorio:wasm
2026-10-05 12:33:44.631 [main] INFO  Controlador.Boletin1_4 - Fichero:index
2026-10-05 12:33:44.631 [main] INFO  Controlador.Boletin1_4 - Directorio:index-dir
2026-10-05 12:33:44.631 [main] INFO  Controlador.Boletin1_4 - Fichero:the-real-index
2026-10-05 12:33:44.631 [main] INFO  Controlador.Boletin1_4 - Directorio:commerce_subscription_db
2026-10-05 12:33:44.631 [main] INFO  Controlador.Boletin1_4 - Fichero:LOCK
2026-10-05 12:33:44.631 [main] INFO  Controlador.Boletin1_4 - Fichero:LOG
2026-10-05 12:33:44.631 [main] INFO  Controlador.Boletin1_4 - Fichero:LOG.old
2026-10-05 12:33:44.631 [main] INFO  Controlador.Boletin1_4 - Fichero:DashTrackerDatabase
2026-10-05 12:33:44.631 [main] INFO  Controlador.Boletin1_4 - Fichero:DashTrackerDatabase-journal
2026-10-05 12:33:44.631 [main] INFO  Controlador.Boletin1_4 - Directorio:DawnGraphiteCache
2026-10-05 12:33:44.632 [main] INFO  Controlador.Boletin1_4 - Fichero:data_0
2026-10-05 12:33:44.632 [main] INFO  Controlador.Boletin1_4 - Fichero:data_1
2026-10-05 12:33:44.632 [main] INFO  Controlador.Boletin1_4 - Fichero:data_2
2026-10-05 12:33:44.632 [main] INFO  Controlador.Boletin1_4 - Fichero:data_3
2026-10-05 12:33:44.632 [main] INFO  Controlador.Boletin1_4 - Fichero:index
2026-10-05 12:33:44.632 [main] INFO  Controlador.Boletin1_4 - Directorio:DawnWebGPUCache
2026-10-05 12:33:44.632 [main] INFO  Controlador.Boletin1_4 - Fichero:data_0
2026-10-05 12:33:44.632 [main] INFO  Controlador.Boletin1_4 - Fichero:data_1
2026-10-05 12:33:44.632 [main] INFO  Controlador.Boletin1_4 - Fichero:data_2
2026-10-05 12:33:44.632 [main] INFO  Controlador.Boletin1_4 - Fichero:data_3
2026-10-05 12:33:44.632 [main] INFO  Controlador.Boletin1_4 - Fichero:index
2026-10-05 12:33:44.632 [main] INFO  Controlador.Boletin1_4 - Fichero:declarative_performance_observer.db
2026-10-05 12:33:44.632 [main] INFO  Controlador.Boletin1_4 - Fichero:declarative_performance_observer.db-journal
2026-10-05 12:33:44.633 [main] INFO  Controlador.Boletin1_4 - Fichero:DIPS
2026-10-05 12:33:44.633 [main] INFO  Controlador.Boletin1_4 - Fichero:DIPS-wal
2026-10-05 12:33:44.633 [main] INFO  Controlador.Boletin1_4 - Directorio:discounts_db
2026-10-05 12:33:44.633 [main] INFO  Controlador.Boletin1_4 - Fichero:LOCK
2026-10-05 12:33:44.633 [main] INFO  Controlador.Boletin1_4 - Fichero:LOG
2026-10-05 12:33:44.633 [main] INFO  Controlador.Boletin1_4 - Fichero:LOG.old
2026-10-05 12:33:44.633 [main] INFO  Controlador.Boletin1_4 - Directorio:discount_infos_db
2026-10-05 12:33:44.633 [main] INFO  Controlador.Boletin1_4 - Fichero:LOCK
2026-10-05 12:33:44.633 [main] INFO  Controlador.Boletin1_4 - Fichero:LOG
2026-10-05 12:33:44.633 [main] INFO  Controlador.Boletin1_4 - Fichero:LOG.old
2026-10-05 12:33:44.633 [main] INFO  Controlador.Boletin1_4 - Directorio:EdgeSessions
2026-10-05 12:33:44.634 [main] INFO  Controlador.Boletin1_4 - Fichero:SessionRestoreLog
2026-10-05 12:33:44.634 [main] INFO  Controlador.Boletin1_4 - Directorio:Extension Rules
2026-10-05 12:33:44.634 [main] INFO  Controlador.Boletin1_4 - Fichero:000003.log
2026-10-05 12:33:44.634 [main] INFO  Controlador.Boletin1_4 - Fichero:CURRENT
2026-10-05 12:33:44.634 [main] INFO  Controlador.Boletin1_4 - Fichero:LOCK
2026-10-05 12:33:44.634 [main] INFO  Controlador.Boletin1_4 - Fichero:LOG
2026-10-05 12:33:44.634 [main] INFO  Controlador.Boletin1_4 - Fichero:LOG.old
2026-10-05 12:33:44.634 [main] INFO  Controlador.Boletin1_4 - Fichero:MANIFEST-000001
2026-10-05 12:33:44.634 [main] INFO  Controlador.Boletin1_4 - Directorio:Extension Scripts
2026-10-05 12:33:44.634 [main] INFO  Controlador.Boletin1_4 - Fichero:000003.log
2026-10-05 12:33:44.635 [main] INFO  Controlador.Boletin1_4 - Fichero:CURRENT
2026-10-05 12:33:44.635 [main] INFO  Controlador.Boletin1_4 - Fichero:LOCK
2026-10-05 12:33:44.635 [main] INFO  Controlador.Boletin1_4 - Fichero:LOG
2026-10-05 12:33:44.635 [main] INFO  Controlador.Boletin1_4 - Fichero:LOG.old
2026-10-05 12:33:44.635 [main] INFO  Controlador.Boletin1_4 - Fichero:MANIFEST-000001
2026-10-05 12:33:44.635 [main] INFO  Controlador.Boletin1_4 - Directorio:Extension State
2026-10-05 12:33:44.635 [main] INFO  Controlador.Boletin1_4 - Fichero:000003.log
2026-10-05 12:33:44.635 [main] INFO  Controlador.Boletin1_4 - Fichero:CURRENT
2026-10-05 12:33:44.635 [main] INFO  Controlador.Boletin1_4 - Fichero:LOCK
2026-10-05 12:33:44.635 [main] INFO  Controlador.Boletin1_4 - Fichero:LOG
2026-10-05 12:33:44.635 [main] INFO  Controlador.Boletin1_4 - Fichero:LOG.old
2026-10-05 12:33:44.635 [main] INFO  Controlador.Boletin1_4 - Fichero:MANIFEST-000001
2026-10-05 12:33:44.635 [main] INFO  Controlador.Boletin1_4 - Fichero:ExtensionActivityComp
2026-10-05 12:33:44.636 [main] INFO  Controlador.Boletin1_4 - Fichero:ExtensionActivityEdge
2026-10-05 12:33:44.636 [main] INFO  Controlador.Boletin1_4 - Fichero:ExtensionActivityEdge-journal
2026-10-05 12:33:44.636 [main] INFO  Controlador.Boletin1_4 - Fichero:Favicons
2026-10-05 12:33:44.636 [main] INFO  Controlador.Boletin1_4 - Fichero:Favicons-journal
2026-10-05 12:33:44.636 [main] INFO  Controlador.Boletin1_4 - Fichero:favorites_diagnostic.log
2026-10-05 12:33:44.636 [main] INFO  Controlador.Boletin1_4 - Directorio:Feature Engagement Tracker
2026-10-05 12:33:44.636 [main] INFO  Controlador.Boletin1_4 - Directorio:AvailabilityDB
2026-10-05 12:33:44.636 [main] INFO  Controlador.Boletin1_4 - Fichero:LOCK
2026-10-05 12:33:44.636 [main] INFO  Controlador.Boletin1_4 - Fichero:LOG
2026-10-05 12:33:44.636 [main] INFO  Controlador.Boletin1_4 - Fichero:LOG.old
2026-10-05 12:33:44.636 [main] INFO  Controlador.Boletin1_4 - Directorio:EventDB
2026-10-05 12:33:44.637 [main] INFO  Controlador.Boletin1_4 - Fichero:LOCK
2026-10-05 12:33:44.637 [main] INFO  Controlador.Boletin1_4 - Fichero:LOG
2026-10-05 12:33:44.637 [main] INFO  Controlador.Boletin1_4 - Fichero:LOG.old
2026-10-05 12:33:44.637 [main] INFO  Controlador.Boletin1_4 - Directorio:GPUCache
2026-10-05 12:33:44.637 [main] INFO  Controlador.Boletin1_4 - Fichero:data_0
2026-10-05 12:33:44.637 [main] INFO  Controlador.Boletin1_4 - Fichero:data_1
2026-10-05 12:33:44.637 [main] INFO  Controlador.Boletin1_4 - Fichero:data_2
2026-10-05 12:33:44.637 [main] INFO  Controlador.Boletin1_4 - Fichero:data_3
2026-10-05 12:33:44.637 [main] INFO  Controlador.Boletin1_4 - Fichero:index
2026-10-05 12:33:44.637 [main] INFO  Controlador.Boletin1_4 - Fichero:History
2026-10-05 12:33:44.637 [main] INFO  Controlador.Boletin1_4 - Fichero:History-journal
2026-10-05 12:33:44.637 [main] INFO  Controlador.Boletin1_4 - Directorio:JumpListIconsRecentWorkspacesV2
2026-10-05 12:33:44.637 [main] INFO  Controlador.Boletin1_4 - Directorio:Local Storage
2026-10-05 12:33:44.637 [main] INFO  Controlador.Boletin1_4 - Directorio:leveldb
2026-10-05 12:33:44.638 [main] INFO  Controlador.Boletin1_4 - Fichero:000003.log
2026-10-05 12:33:44.638 [main] INFO  Controlador.Boletin1_4 - Fichero:CURRENT
2026-10-05 12:33:44.638 [main] INFO  Controlador.Boletin1_4 - Fichero:LOCK
2026-10-05 12:33:44.638 [main] INFO  Controlador.Boletin1_4 - Fichero:LOG
2026-10-05 12:33:44.638 [main] INFO  Controlador.Boletin1_4 - Fichero:LOG.old
2026-10-05 12:33:44.638 [main] INFO  Controlador.Boletin1_4 - Fichero:MANIFEST-000001
2026-10-05 12:33:44.638 [main] INFO  Controlador.Boletin1_4 - Fichero:LOCK
2026-10-05 12:33:44.638 [main] INFO  Controlador.Boletin1_4 - Fichero:LOG
2026-10-05 12:33:44.638 [main] INFO  Controlador.Boletin1_4 - Fichero:LOG.old
2026-10-05 12:33:44.639 [main] INFO  Controlador.Boletin1_4 - Fichero:Login Data
2026-10-05 12:33:44.639 [main] INFO  Controlador.Boletin1_4 - Fichero:Login Data For Account
2026-10-05 12:33:44.639 [main] INFO  Controlador.Boletin1_4 - Fichero:Login Data For Account-journal
2026-10-05 12:33:44.639 [main] INFO  Controlador.Boletin1_4 - Fichero:Login Data-journal
2026-10-05 12:33:44.639 [main] INFO  Controlador.Boletin1_4 - Directorio:Network
2026-10-05 12:33:44.639 [main] INFO  Controlador.Boletin1_4 - Fichero:Cookies
2026-10-05 12:33:44.639 [main] INFO  Controlador.Boletin1_4 - Fichero:Cookies-journal
2026-10-05 12:33:44.639 [main] INFO  Controlador.Boletin1_4 - Fichero:Device Bound Sessions
2026-10-05 12:33:44.640 [main] INFO  Controlador.Boletin1_4 - Fichero:Device Bound Sessions-journal
2026-10-05 12:33:44.640 [main] INFO  Controlador.Boletin1_4 - Fichero:Network Persistent State
2026-10-05 12:33:44.640 [main] INFO  Controlador.Boletin1_4 - Fichero:NetworkDataMigrated
2026-10-05 12:33:44.640 [main] INFO  Controlador.Boletin1_4 - Fichero:Reporting and NEL
2026-10-05 12:33:44.640 [main] INFO  Controlador.Boletin1_4 - Fichero:Reporting and NEL-journal
2026-10-05 12:33:44.640 [main] INFO  Controlador.Boletin1_4 - Fichero:SCT Auditing Pending Reports
2026-10-05 12:33:44.640 [main] INFO  Controlador.Boletin1_4 - Fichero:Sdch Dictionaries
2026-10-05 12:33:44.640 [main] INFO  Controlador.Boletin1_4 - Fichero:TransportSecurity
2026-10-05 12:33:44.640 [main] INFO  Controlador.Boletin1_4 - Fichero:Trust Tokens
2026-10-05 12:33:44.640 [main] INFO  Controlador.Boletin1_4 - Fichero:Trust Tokens-journal
2026-10-05 12:33:44.641 [main] INFO  Controlador.Boletin1_4 - Fichero:Network Action Predictor
2026-10-05 12:33:44.641 [main] INFO  Controlador.Boletin1_4 - Fichero:Network Action Predictor-journal
2026-10-05 12:33:44.641 [main] INFO  Controlador.Boletin1_4 - Directorio:optimization_guide_hint_cache_store
2026-10-05 12:33:44.641 [main] INFO  Controlador.Boletin1_4 - Fichero:LOCK
2026-10-05 12:33:44.641 [main] INFO  Controlador.Boletin1_4 - Fichero:LOG
2026-10-05 12:33:44.641 [main] INFO  Controlador.Boletin1_4 - Fichero:LOG.old
2026-10-05 12:33:44.641 [main] INFO  Controlador.Boletin1_4 - Directorio:parcel_tracking_db
2026-10-05 12:33:44.642 [main] INFO  Controlador.Boletin1_4 - Fichero:LOCK
2026-10-05 12:33:44.642 [main] INFO  Controlador.Boletin1_4 - Fichero:LOG
2026-10-05 12:33:44.642 [main] INFO  Controlador.Boletin1_4 - Fichero:LOG.old
2026-10-05 12:33:44.642 [main] INFO  Controlador.Boletin1_4 - Directorio:PersistentOriginTrials
2026-10-05 12:33:44.642 [main] INFO  Controlador.Boletin1_4 - Fichero:LOCK
2026-10-05 12:33:44.643 [main] INFO  Controlador.Boletin1_4 - Fichero:LOG
2026-10-05 12:33:44.643 [main] INFO  Controlador.Boletin1_4 - Fichero:LOG.old
2026-10-05 12:33:44.643 [main] INFO  Controlador.Boletin1_4 - Fichero:Preferences
2026-10-05 12:33:44.643 [main] INFO  Controlador.Boletin1_4 - Fichero:README
2026-10-05 12:33:44.643 [main] INFO  Controlador.Boletin1_4 - Fichero:Secure Preferences
2026-10-05 12:33:44.643 [main] INFO  Controlador.Boletin1_4 - Fichero:ServerCertificate
2026-10-05 12:33:44.643 [main] INFO  Controlador.Boletin1_4 - Fichero:ServerCertificate-journal
2026-10-05 12:33:44.643 [main] INFO  Controlador.Boletin1_4 - Directorio:Session Storage
2026-10-05 12:33:44.644 [main] INFO  Controlador.Boletin1_4 - Fichero:000003.log
2026-10-05 12:33:44.644 [main] INFO  Controlador.Boletin1_4 - Fichero:CURRENT
2026-10-05 12:33:44.644 [main] INFO  Controlador.Boletin1_4 - Fichero:LOCK
2026-10-05 12:33:44.644 [main] INFO  Controlador.Boletin1_4 - Fichero:LOG
2026-10-05 12:33:44.644 [main] INFO  Controlador.Boletin1_4 - Fichero:MANIFEST-000001
2026-10-05 12:33:44.644 [main] INFO  Controlador.Boletin1_4 - Directorio:Sessions
2026-10-05 12:33:44.644 [main] INFO  Controlador.Boletin1_4 - Fichero:settings_diagnostic.log
2026-10-05 12:33:44.644 [main] INFO  Controlador.Boletin1_4 - Directorio:Shared Dictionary
2026-10-05 12:33:44.645 [main] INFO  Controlador.Boletin1_4 - Directorio:cache
2026-10-05 12:33:44.645 [main] INFO  Controlador.Boletin1_4 - Fichero:index
2026-10-05 12:33:44.645 [main] INFO  Controlador.Boletin1_4 - Directorio:index-dir
2026-10-05 12:33:44.645 [main] INFO  Controlador.Boletin1_4 - Fichero:the-real-index
2026-10-05 12:33:44.645 [main] INFO  Controlador.Boletin1_4 - Fichero:db
2026-10-05 12:33:44.645 [main] INFO  Controlador.Boletin1_4 - Fichero:db-journal
2026-10-05 12:33:44.645 [main] INFO  Controlador.Boletin1_4 - Directorio:shared_proto_db
2026-10-05 12:33:44.646 [main] INFO  Controlador.Boletin1_4 - Fichero:000003.log
2026-10-05 12:33:44.646 [main] INFO  Controlador.Boletin1_4 - Fichero:CURRENT
2026-10-05 12:33:44.646 [main] INFO  Controlador.Boletin1_4 - Fichero:LOCK
2026-10-05 12:33:44.646 [main] INFO  Controlador.Boletin1_4 - Fichero:LOG
2026-10-05 12:33:44.646 [main] INFO  Controlador.Boletin1_4 - Fichero:LOG.old
2026-10-05 12:33:44.646 [main] INFO  Controlador.Boletin1_4 - Fichero:MANIFEST-000001
2026-10-05 12:33:44.646 [main] INFO  Controlador.Boletin1_4 - Directorio:metadata
2026-10-05 12:33:44.646 [main] INFO  Controlador.Boletin1_4 - Fichero:000003.log
2026-10-05 12:33:44.647 [main] INFO  Controlador.Boletin1_4 - Fichero:CURRENT
2026-10-05 12:33:44.647 [main] INFO  Controlador.Boletin1_4 - Fichero:LOCK
2026-10-05 12:33:44.647 [main] INFO  Controlador.Boletin1_4 - Fichero:LOG
2026-10-05 12:33:44.647 [main] INFO  Controlador.Boletin1_4 - Fichero:LOG.old
2026-10-05 12:33:44.647 [main] INFO  Controlador.Boletin1_4 - Fichero:MANIFEST-000001
2026-10-05 12:33:44.647 [main] INFO  Controlador.Boletin1_4 - Directorio:Site Characteristics Database
2026-10-05 12:33:44.647 [main] INFO  Controlador.Boletin1_4 - Fichero:000004.ldb
2026-10-05 12:33:44.647 [main] INFO  Controlador.Boletin1_4 - Fichero:000006.log
2026-10-05 12:33:44.648 [main] INFO  Controlador.Boletin1_4 - Fichero:CURRENT
2026-10-05 12:33:44.648 [main] INFO  Controlador.Boletin1_4 - Fichero:LOCK
2026-10-05 12:33:44.648 [main] INFO  Controlador.Boletin1_4 - Fichero:LOG
2026-10-05 12:33:44.648 [main] INFO  Controlador.Boletin1_4 - Fichero:LOG.old
2026-10-05 12:33:44.648 [main] INFO  Controlador.Boletin1_4 - Directorio:lost
2026-10-05 12:33:44.649 [main] INFO  Controlador.Boletin1_4 - Fichero:000003.log
2026-10-05 12:33:44.649 [main] INFO  Controlador.Boletin1_4 - Fichero:MANIFEST-000001
2026-10-05 12:33:44.649 [main] INFO  Controlador.Boletin1_4 - Fichero:MANIFEST-000001
2026-10-05 12:33:44.649 [main] INFO  Controlador.Boletin1_4 - Directorio:Sync Data
2026-10-05 12:33:44.649 [main] INFO  Controlador.Boletin1_4 - Directorio:LevelDB
2026-10-05 12:33:44.649 [main] INFO  Controlador.Boletin1_4 - Fichero:000003.log
2026-10-05 12:33:44.649 [main] INFO  Controlador.Boletin1_4 - Fichero:CURRENT
2026-10-05 12:33:44.649 [main] INFO  Controlador.Boletin1_4 - Fichero:LOCK
2026-10-05 12:33:44.650 [main] INFO  Controlador.Boletin1_4 - Fichero:LOG
2026-10-05 12:33:44.650 [main] INFO  Controlador.Boletin1_4 - Fichero:LOG.old
2026-10-05 12:33:44.650 [main] INFO  Controlador.Boletin1_4 - Fichero:MANIFEST-000001
2026-10-05 12:33:44.650 [main] INFO  Controlador.Boletin1_4 - Fichero:Top Sites
2026-10-05 12:33:44.650 [main] INFO  Controlador.Boletin1_4 - Fichero:Top Sites-journal
2026-10-05 12:33:44.650 [main] INFO  Controlador.Boletin1_4 - Fichero:Vpn Tokens
2026-10-05 12:33:44.650 [main] INFO  Controlador.Boletin1_4 - Fichero:Vpn Tokens-journal
2026-10-05 12:33:44.650 [main] INFO  Controlador.Boletin1_4 - Fichero:Web Data
2026-10-05 12:33:44.650 [main] INFO  Controlador.Boletin1_4 - Fichero:Web Data-journal
2026-10-05 12:33:44.650 [main] INFO  Controlador.Boletin1_4 - Directorio:extensions_crx_cache
2026-10-05 12:33:44.650 [main] INFO  Controlador.Boletin1_4 - Fichero:metadata.json
2026-10-05 12:33:44.650 [main] INFO  Controlador.Boletin1_4 - Directorio:GPUPersistentCache
2026-10-05 12:33:44.651 [main] INFO  Controlador.Boletin1_4 - Directorio:DawnGraphiteCache
2026-10-05 12:33:44.651 [main] INFO  Controlador.Boletin1_4 - Directorio:TLVJWQT6NJWKNBUVMWJ4BCR6DK7MJALX
2026-10-05 12:33:44.651 [main] INFO  Controlador.Boletin1_4 - Fichero:cache.db
2026-10-05 12:33:44.651 [main] INFO  Controlador.Boletin1_4 - Fichero:cache.db-wal
2026-10-05 12:33:44.651 [main] INFO  Controlador.Boletin1_4 - Fichero:cache.journal
2026-10-05 12:33:44.651 [main] INFO  Controlador.Boletin1_4 - Directorio:GrShaderCache
2026-10-05 12:33:44.652 [main] INFO  Controlador.Boletin1_4 - Fichero:data_0
2026-10-05 12:33:44.652 [main] INFO  Controlador.Boletin1_4 - Fichero:data_1
2026-10-05 12:33:44.652 [main] INFO  Controlador.Boletin1_4 - Fichero:data_2
2026-10-05 12:33:44.652 [main] INFO  Controlador.Boletin1_4 - Fichero:data_3
2026-10-05 12:33:44.652 [main] INFO  Controlador.Boletin1_4 - Fichero:f_000001
2026-10-05 12:33:44.652 [main] INFO  Controlador.Boletin1_4 - Fichero:f_000002
2026-10-05 12:33:44.652 [main] INFO  Controlador.Boletin1_4 - Fichero:f_000003
2026-10-05 12:33:44.652 [main] INFO  Controlador.Boletin1_4 - Fichero:f_000004
2026-10-05 12:33:44.652 [main] INFO  Controlador.Boletin1_4 - Fichero:f_000005
2026-10-05 12:33:44.652 [main] INFO  Controlador.Boletin1_4 - Fichero:f_000006
2026-10-05 12:33:44.652 [main] INFO  Controlador.Boletin1_4 - Fichero:f_000007
2026-10-05 12:33:44.652 [main] INFO  Controlador.Boletin1_4 - Fichero:index
2026-10-05 12:33:44.652 [main] INFO  Controlador.Boletin1_4 - Directorio:hyphen-data
2026-10-05 12:33:44.652 [main] INFO  Controlador.Boletin1_4 - Directorio:120.0.6050.0
2026-10-05 12:33:44.653 [main] INFO  Controlador.Boletin1_4 - Fichero:hyph-af.hyb
2026-10-05 12:33:44.653 [main] INFO  Controlador.Boletin1_4 - Fichero:hyph-as.hyb
2026-10-05 12:33:44.653 [main] INFO  Controlador.Boletin1_4 - Fichero:hyph-be.hyb
2026-10-05 12:33:44.653 [main] INFO  Controlador.Boletin1_4 - Fichero:hyph-bg.hyb
2026-10-05 12:33:44.653 [main] INFO  Controlador.Boletin1_4 - Fichero:hyph-bn.hyb
2026-10-05 12:33:44.653 [main] INFO  Controlador.Boletin1_4 - Fichero:hyph-cs.hyb
2026-10-05 12:33:44.653 [main] INFO  Controlador.Boletin1_4 - Fichero:hyph-cu.hyb
2026-10-05 12:33:44.653 [main] INFO  Controlador.Boletin1_4 - Fichero:hyph-cy.hyb
2026-10-05 12:33:44.653 [main] INFO  Controlador.Boletin1_4 - Fichero:hyph-da.hyb
2026-10-05 12:33:44.653 [main] INFO  Controlador.Boletin1_4 - Fichero:hyph-de-1901.hyb
2026-10-05 12:33:44.653 [main] INFO  Controlador.Boletin1_4 - Fichero:hyph-de-1996.hyb
2026-10-05 12:33:44.653 [main] INFO  Controlador.Boletin1_4 - Fichero:hyph-de-ch-1901.hyb
2026-10-05 12:33:44.653 [main] INFO  Controlador.Boletin1_4 - Fichero:hyph-el.hyb
2026-10-05 12:33:44.654 [main] INFO  Controlador.Boletin1_4 - Fichero:hyph-en-gb.hyb
2026-10-05 12:33:44.654 [main] INFO  Controlador.Boletin1_4 - Fichero:hyph-en-us.hyb
2026-10-05 12:33:44.654 [main] INFO  Controlador.Boletin1_4 - Fichero:hyph-es.hyb
2026-10-05 12:33:44.654 [main] INFO  Controlador.Boletin1_4 - Fichero:hyph-et.hyb
2026-10-05 12:33:44.654 [main] INFO  Controlador.Boletin1_4 - Fichero:hyph-eu.hyb
2026-10-05 12:33:44.654 [main] INFO  Controlador.Boletin1_4 - Fichero:hyph-fr.hyb
2026-10-05 12:33:44.654 [main] INFO  Controlador.Boletin1_4 - Fichero:hyph-ga.hyb
2026-10-05 12:33:44.654 [main] INFO  Controlador.Boletin1_4 - Fichero:hyph-gl.hyb
2026-10-05 12:33:44.654 [main] INFO  Controlador.Boletin1_4 - Fichero:hyph-gu.hyb
2026-10-05 12:33:44.654 [main] INFO  Controlador.Boletin1_4 - Fichero:hyph-hi.hyb
2026-10-05 12:33:44.654 [main] INFO  Controlador.Boletin1_4 - Fichero:hyph-hr.hyb
2026-10-05 12:33:44.654 [main] INFO  Controlador.Boletin1_4 - Fichero:hyph-hu.hyb
2026-10-05 12:33:44.654 [main] INFO  Controlador.Boletin1_4 - Fichero:hyph-hy.hyb
2026-10-05 12:33:44.655 [main] INFO  Controlador.Boletin1_4 - Fichero:hyph-it.hyb
2026-10-05 12:33:44.655 [main] INFO  Controlador.Boletin1_4 - Fichero:hyph-ka.hyb
2026-10-05 12:33:44.655 [main] INFO  Controlador.Boletin1_4 - Fichero:hyph-kn.hyb
2026-10-05 12:33:44.655 [main] INFO  Controlador.Boletin1_4 - Fichero:hyph-la.hyb
2026-10-05 12:33:44.655 [main] INFO  Controlador.Boletin1_4 - Fichero:hyph-lt.hyb
2026-10-05 12:33:44.655 [main] INFO  Controlador.Boletin1_4 - Fichero:hyph-lv.hyb
2026-10-05 12:33:44.655 [main] INFO  Controlador.Boletin1_4 - Fichero:hyph-ml.hyb
2026-10-05 12:33:44.655 [main] INFO  Controlador.Boletin1_4 - Fichero:hyph-mn-cyrl.hyb
2026-10-05 12:33:44.656 [main] INFO  Controlador.Boletin1_4 - Fichero:hyph-mr.hyb
2026-10-05 12:33:44.656 [main] INFO  Controlador.Boletin1_4 - Fichero:hyph-mul-ethi.hyb
2026-10-05 12:33:44.656 [main] INFO  Controlador.Boletin1_4 - Fichero:hyph-nb.hyb
2026-10-05 12:33:44.656 [main] INFO  Controlador.Boletin1_4 - Fichero:hyph-nl.hyb
2026-10-05 12:33:44.656 [main] INFO  Controlador.Boletin1_4 - Fichero:hyph-nn.hyb
2026-10-05 12:33:44.656 [main] INFO  Controlador.Boletin1_4 - Fichero:hyph-or.hyb
2026-10-05 12:33:44.656 [main] INFO  Controlador.Boletin1_4 - Fichero:hyph-pa.hyb
2026-10-05 12:33:44.656 [main] INFO  Controlador.Boletin1_4 - Fichero:hyph-pt.hyb
2026-10-05 12:33:44.656 [main] INFO  Controlador.Boletin1_4 - Fichero:hyph-ru.hyb
2026-10-05 12:33:44.656 [main] INFO  Controlador.Boletin1_4 - Fichero:hyph-sk.hyb
2026-10-05 12:33:44.656 [main] INFO  Controlador.Boletin1_4 - Fichero:hyph-sl.hyb
2026-10-05 12:33:44.656 [main] INFO  Controlador.Boletin1_4 - Fichero:hyph-sq.hyb
2026-10-05 12:33:44.658 [main] INFO  Controlador.Boletin1_4 - Fichero:hyph-sv.hyb
2026-10-05 12:33:44.658 [main] INFO  Controlador.Boletin1_4 - Fichero:hyph-ta.hyb
2026-10-05 12:33:44.658 [main] INFO  Controlador.Boletin1_4 - Fichero:hyph-te.hyb
2026-10-05 12:33:44.658 [main] INFO  Controlador.Boletin1_4 - Fichero:hyph-tk.hyb
2026-10-05 12:33:44.658 [main] INFO  Controlador.Boletin1_4 - Fichero:hyph-uk.hyb
2026-10-05 12:33:44.658 [main] INFO  Controlador.Boletin1_4 - Fichero:hyph-und-ethi.hyb
2026-10-05 12:33:44.658 [main] INFO  Controlador.Boletin1_4 - Fichero:manifest.json
2026-10-05 12:33:44.658 [main] INFO  Controlador.Boletin1_4 - Directorio:_metadata
2026-10-05 12:33:44.660 [main] INFO  Controlador.Boletin1_4 - Fichero:verified_contents.json
2026-10-05 12:33:44.660 [main] INFO  Controlador.Boletin1_4 - Fichero:Last Version
2026-10-05 12:33:44.660 [main] INFO  Controlador.Boletin1_4 - Fichero:Local State
2026-10-05 12:33:44.660 [main] INFO  Controlador.Boletin1_4 - Fichero:lockfile
2026-10-05 12:33:44.661 [main] INFO  Controlador.Boletin1_4 - Directorio:MEIPreload
2026-10-05 12:33:44.661 [main] INFO  Controlador.Boletin1_4 - Directorio:OriginTrials
2026-10-05 12:33:44.661 [main] INFO  Controlador.Boletin1_4 - Directorio:0.0.1.7
2026-10-05 12:33:44.661 [main] INFO  Controlador.Boletin1_4 - Fichero:manifest.json
2026-10-05 12:33:44.661 [main] INFO  Controlador.Boletin1_4 - Directorio:PKIMetadata
2026-10-05 12:33:44.661 [main] INFO  Controlador.Boletin1_4 - Directorio:46.0.0.0
2026-10-05 12:33:44.661 [main] INFO  Controlador.Boletin1_4 - Fichero:crs.pb
2026-10-05 12:33:44.661 [main] INFO  Controlador.Boletin1_4 - Fichero:ct_config.pb
2026-10-05 12:33:44.661 [main] INFO  Controlador.Boletin1_4 - Fichero:kp_pinslist.pb
2026-10-05 12:33:44.661 [main] INFO  Controlador.Boletin1_4 - Fichero:manifest.json
2026-10-05 12:33:44.662 [main] INFO  Controlador.Boletin1_4 - Directorio:ShaderCache
2026-10-05 12:33:44.662 [main] INFO  Controlador.Boletin1_4 - Fichero:data_0
2026-10-05 12:33:44.662 [main] INFO  Controlador.Boletin1_4 - Fichero:data_1
2026-10-05 12:33:44.662 [main] INFO  Controlador.Boletin1_4 - Fichero:data_2
2026-10-05 12:33:44.662 [main] INFO  Controlador.Boletin1_4 - Fichero:data_3
2026-10-05 12:33:44.662 [main] INFO  Controlador.Boletin1_4 - Fichero:index
2026-10-05 12:33:44.662 [main] INFO  Controlador.Boletin1_4 - Directorio:SmartScreen
2026-10-05 12:33:44.662 [main] INFO  Controlador.Boletin1_4 - Directorio:local
2026-10-05 12:33:44.662 [main] INFO  Controlador.Boletin1_4 - Fichero:downloadCache
2026-10-05 12:33:44.662 [main] INFO  Controlador.Boletin1_4 - Fichero:downloadCache_
2026-10-05 12:33:44.663 [main] INFO  Controlador.Boletin1_4 - Fichero:uriCache
2026-10-05 12:33:44.663 [main] INFO  Controlador.Boletin1_4 - Fichero:uriCache_
2026-10-05 12:33:44.663 [main] INFO  Controlador.Boletin1_4 - Directorio:RemoteData
2026-10-05 12:33:44.663 [main] INFO  Controlador.Boletin1_4 - Fichero:customSettings
2026-10-05 12:33:44.663 [main] INFO  Controlador.Boletin1_4 - Fichero:customSettings_F95BA787499AB4FA9EFFF472CE383A14
2026-10-05 12:33:44.663 [main] INFO  Controlador.Boletin1_4 - Fichero:edgeSettings
2026-10-05 12:33:44.663 [main] INFO  Controlador.Boletin1_4 - Fichero:edgeSettings_2.0-a82cb2897a8bf9445d68dcc2be05af89ad4b2fda1fddb2952693be7cd5353ad3
2026-10-05 12:33:44.663 [main] INFO  Controlador.Boletin1_4 - Fichero:topTraffic
2026-10-05 12:33:44.663 [main] INFO  Controlador.Boletin1_4 - Fichero:topTraffic_638004170464094982
2026-10-05 12:33:44.663 [main] INFO  Controlador.Boletin1_4 - Directorio:Speech Recognition
2026-10-05 12:33:44.663 [main] INFO  Controlador.Boletin1_4 - Directorio:1.15.0.1
2026-10-05 12:33:44.663 [main] INFO  Controlador.Boletin1_4 - Fichero:manifest.json
2026-10-05 12:33:44.663 [main] INFO  Controlador.Boletin1_4 - Fichero:Microsoft.CognitiveServices.Speech.core.dll
2026-10-05 12:33:44.664 [main] INFO  Controlador.Boletin1_4 - Directorio:Subresource Filter
2026-10-05 12:33:44.664 [main] INFO  Controlador.Boletin1_4 - Directorio:Indexed Rules
2026-10-05 12:33:44.664 [main] INFO  Controlador.Boletin1_4 - Directorio:38
2026-10-05 12:33:44.664 [main] INFO  Controlador.Boletin1_4 - Directorio:10.34.0.84
2026-10-05 12:33:44.664 [main] INFO  Controlador.Boletin1_4 - Fichero:LICENSE
2026-10-05 12:33:44.664 [main] INFO  Controlador.Boletin1_4 - Fichero:Ruleset Data
2026-10-05 12:33:44.664 [main] INFO  Controlador.Boletin1_4 - Directorio:Unindexed Rules
2026-10-05 12:33:44.665 [main] INFO  Controlador.Boletin1_4 - Directorio:10.34.0.84
2026-10-05 12:33:44.665 [main] INFO  Controlador.Boletin1_4 - Fichero:adblock_snippet.js
2026-10-05 12:33:44.665 [main] INFO  Controlador.Boletin1_4 - Fichero:Filtering Rules
2026-10-05 12:33:44.665 [main] INFO  Controlador.Boletin1_4 - Fichero:Filtering Rules-AA
2026-10-05 12:33:44.665 [main] INFO  Controlador.Boletin1_4 - Fichero:Filtering Rules-CA
2026-10-05 12:33:44.665 [main] INFO  Controlador.Boletin1_4 - Fichero:LICENSE
2026-10-05 12:33:44.665 [main] INFO  Controlador.Boletin1_4 - Fichero:manifest.json
2026-10-05 12:33:44.665 [main] INFO  Controlador.Boletin1_4 - Fichero:Part-DE
2026-10-05 12:33:44.665 [main] INFO  Controlador.Boletin1_4 - Fichero:Part-ES
2026-10-05 12:33:44.665 [main] INFO  Controlador.Boletin1_4 - Fichero:Part-FR
2026-10-05 12:33:44.665 [main] INFO  Controlador.Boletin1_4 - Fichero:Part-IT
2026-10-05 12:33:44.666 [main] INFO  Controlador.Boletin1_4 - Fichero:Part-NL
2026-10-05 12:33:44.666 [main] INFO  Controlador.Boletin1_4 - Fichero:Part-RU
2026-10-05 12:33:44.666 [main] INFO  Controlador.Boletin1_4 - Fichero:Part-ZH
2026-10-05 12:33:44.666 [main] INFO  Controlador.Boletin1_4 - Directorio:Trust Protection Lists
2026-10-05 12:33:44.666 [main] INFO  Controlador.Boletin1_4 - Directorio:TrustTokenKeyCommitments
2026-10-05 12:33:44.666 [main] INFO  Controlador.Boletin1_4 - Directorio:2026.8.3.1
2026-10-05 12:33:44.666 [main] INFO  Controlador.Boletin1_4 - Fichero:keys.json
2026-10-05 12:33:44.666 [main] INFO  Controlador.Boletin1_4 - Fichero:LICENSE
2026-10-05 12:33:44.666 [main] INFO  Controlador.Boletin1_4 - Fichero:manifest.json
2026-10-05 12:33:44.666 [main] INFO  Controlador.Boletin1_4 - Directorio:_metadata
2026-10-05 12:33:44.666 [main] INFO  Controlador.Boletin1_4 - Fichero:verified_contents.json
2026-10-05 12:33:44.666 [main] INFO  Controlador.Boletin1_4 - Fichero:Variations
2026-10-05 12:33:44.666 [main] INFO  Controlador.Boletin1_4 - Fichero:VariationsRuntimeSeedV2
2026-10-05 12:33:44.666 [main] INFO  Controlador.Boletin1_4 - Fichero:VariationsSafeSeedV2
2026-10-05 12:33:44.666 [main] INFO  Controlador.Boletin1_4 - Fichero:VariationsSeedV2
2026-10-05 12:33:44.666 [main] INFO  Controlador.Boletin1_4 - Directorio:WidevineCdm
2026-10-05 12:33:44.668 [main] INFO  Controlador.Boletin1_4 - Directorio:org.eclipse.terminal.view.ui
2026-10-05 12:33:44.668 [main] INFO  Controlador.Boletin1_4 - Directorio:.executables
2026-10-05 12:33:44.668 [main] INFO  Controlador.Boletin1_4 - Fichero:data.properties
2026-10-05 12:33:44.668 [main] INFO  Controlador.Boletin1_4 - Directorio:org.eclipse.tips.ide
2026-10-05 12:33:44.668 [main] INFO  Controlador.Boletin1_4 - Fichero:dialog_settings.xml
2026-10-05 12:33:44.668 [main] INFO  Controlador.Boletin1_4 - Directorio:org.eclipse.tm.terminal.view.ui
2026-10-05 12:33:44.668 [main] INFO  Controlador.Boletin1_4 - Directorio:.executables
2026-10-05 12:33:44.668 [main] INFO  Controlador.Boletin1_4 - Fichero:data.properties
2026-10-05 12:33:44.669 [main] INFO  Controlador.Boletin1_4 - Directorio:org.eclipse.ui.editors
2026-10-05 12:33:44.669 [main] INFO  Controlador.Boletin1_4 - Fichero:dialog_settings.xml
2026-10-05 12:33:44.669 [main] INFO  Controlador.Boletin1_4 - Directorio:org.eclipse.ui.ide
2026-10-05 12:33:44.669 [main] INFO  Controlador.Boletin1_4 - Fichero:dialog_settings.xml
2026-10-05 12:33:44.669 [main] INFO  Controlador.Boletin1_4 - Directorio:org.eclipse.ui.intro
2026-10-05 12:33:44.669 [main] INFO  Controlador.Boletin1_4 - Fichero:introstate
2026-10-05 12:33:44.669 [main] INFO  Controlador.Boletin1_4 - Directorio:org.eclipse.ui.workbench
2026-10-05 12:33:44.669 [main] INFO  Controlador.Boletin1_4 - Fichero:dialog_settings.xml
2026-10-05 12:33:44.670 [main] INFO  Controlador.Boletin1_4 - Fichero:workingsets.xml
2026-10-05 12:33:44.670 [main] INFO  Controlador.Boletin1_4 - Directorio:org.eclipse.wildwebdeveloper.xml
2026-10-05 12:33:44.670 [main] INFO  Controlador.Boletin1_4 - Fichero:system-catalog.xml
2026-10-05 12:33:44.670 [main] INFO  Controlador.Boletin1_4 - Directorio:org.eclipse.wst.common.modulecore
2026-10-05 12:33:44.670 [main] INFO  Controlador.Boletin1_4 - Directorio:org.eclipse.wst.internet.cache
2026-10-05 12:33:44.670 [main] INFO  Controlador.Boletin1_4 - Fichero:cache.xml
2026-10-05 12:33:44.670 [main] INFO  Controlador.Boletin1_4 - Directorio:org.eclipse.wst.jsdt.core
2026-10-05 12:33:44.671 [main] INFO  Controlador.Boletin1_4 - Fichero:externalLibsTimeStamps
2026-10-05 12:33:44.671 [main] INFO  Controlador.Boletin1_4 - Directorio:indexes
2026-10-05 12:33:44.671 [main] INFO  Controlador.Boletin1_4 - Directorio:libraries
2026-10-05 12:33:44.671 [main] INFO  Controlador.Boletin1_4 - Fichero:baseBrowserLibrary.js
2026-10-05 12:33:44.671 [main] INFO  Controlador.Boletin1_4 - Fichero:browserWindow.js
2026-10-05 12:33:44.671 [main] INFO  Controlador.Boletin1_4 - Fichero:dom5.js
2026-10-05 12:33:44.671 [main] INFO  Controlador.Boletin1_4 - Fichero:system.js
2026-10-05 12:33:44.671 [main] INFO  Controlador.Boletin1_4 - Fichero:xhr.js
2026-10-05 12:33:44.671 [main] INFO  Controlador.Boletin1_4 - Fichero:variablesAndContainers.dat
2026-10-05 12:33:44.671 [main] INFO  Controlador.Boletin1_4 - Directorio:org.eclipse.wst.jsdt.ui
2026-10-05 12:33:44.671 [main] INFO  Controlador.Boletin1_4 - Fichero:OpenTypeHistory.xml
2026-10-05 12:33:44.672 [main] INFO  Controlador.Boletin1_4 - Fichero:QualifiedTypeNameHistory.xml
2026-10-05 12:33:44.672 [main] INFO  Controlador.Boletin1_4 - Directorio:org.eclipse.wst.server.core
2026-10-05 12:33:44.672 [main] INFO  Controlador.Boletin1_4 - Directorio:org.eclipse.wst.sse.core
2026-10-05 12:33:44.672 [main] INFO  Controlador.Boletin1_4 - Fichero:task-tags.properties
2026-10-05 12:33:44.672 [main] INFO  Controlador.Boletin1_4 - Directorio:org.eclipse.wst.sse.ui
2026-10-05 12:33:44.672 [main] INFO  Controlador.Boletin1_4 - Fichero:dialog_settings.xml
2026-10-05 12:33:44.672 [main] INFO  Controlador.Boletin1_4 - Directorio:org.eclipse.wst.xml.core
2026-10-05 12:33:44.672 [main] INFO  Controlador.Boletin1_4 - Fichero:default_catalog.xml
2026-10-05 12:33:44.672 [main] INFO  Controlador.Boletin1_4 - Fichero:system_catalog.xml
2026-10-05 12:33:44.672 [main] INFO  Controlador.Boletin1_4 - Fichero:version.ini
2026-10-05 12:33:44.672 [main] INFO  Controlador.Boletin1_4 - Directorio:Biblioteca
2026-10-05 12:33:44.672 [main] INFO  Controlador.Boletin1_4 - Fichero:.classpath
2026-10-05 12:33:44.672 [main] INFO  Controlador.Boletin1_4 - Fichero:.gitignore
2026-10-05 12:33:44.672 [main] INFO  Controlador.Boletin1_4 - Fichero:.project
2026-10-05 12:33:44.672 [main] INFO  Controlador.Boletin1_4 - Directorio:.settings
2026-10-05 12:33:44.673 [main] INFO  Controlador.Boletin1_4 - Fichero:org.eclipse.jdt.core.prefs
2026-10-05 12:33:44.673 [main] INFO  Controlador.Boletin1_4 - Fichero:org.eclipse.m2e.core.prefs
2026-10-05 12:33:44.673 [main] INFO  Controlador.Boletin1_4 - Fichero:application-20260924.log
2026-10-05 12:33:44.673 [main] INFO  Controlador.Boletin1_4 - Fichero:application-20260928.log
2026-10-05 12:33:44.673 [main] INFO  Controlador.Boletin1_4 - Fichero:application-20261001.log
2026-10-05 12:33:44.673 [main] INFO  Controlador.Boletin1_4 - Fichero:pom.xml
2026-10-05 12:33:44.673 [main] INFO  Controlador.Boletin1_4 - Directorio:src
2026-10-05 12:33:44.673 [main] INFO  Controlador.Boletin1_4 - Directorio:main
2026-10-05 12:33:44.675 [main] INFO  Controlador.Boletin1_4 - Directorio:java
2026-10-05 12:33:44.675 [main] INFO  Controlador.Boletin1_4 - Directorio:controlador
2026-10-05 12:33:44.675 [main] INFO  Controlador.Boletin1_4 - Fichero:ClaseFile.java
2026-10-05 12:33:44.675 [main] INFO  Controlador.Boletin1_4 - Directorio:modelo
2026-10-05 12:33:44.675 [main] INFO  Controlador.Boletin1_4 - Fichero:Biblioteca.java
2026-10-05 12:33:44.675 [main] INFO  Controlador.Boletin1_4 - Fichero:Genero.java
2026-10-05 12:33:44.675 [main] INFO  Controlador.Boletin1_4 - Fichero:Libro.java
2026-10-05 12:33:44.675 [main] INFO  Controlador.Boletin1_4 - Fichero:Prestamo.java
2026-10-05 12:33:44.675 [main] INFO  Controlador.Boletin1_4 - Fichero:Usuario.java
2026-10-05 12:33:44.675 [main] INFO  Controlador.Boletin1_4 - Directorio:repositorio
2026-10-05 12:33:44.676 [main] INFO  Controlador.Boletin1_4 - Fichero:RepoBiblio.java
2026-10-05 12:33:44.676 [main] INFO  Controlador.Boletin1_4 - Directorio:resources
2026-10-05 12:33:44.676 [main] INFO  Controlador.Boletin1_4 - Fichero:log4j2.xml
2026-10-05 12:33:44.676 [main] INFO  Controlador.Boletin1_4 - Directorio:test
2026-10-05 12:33:44.676 [main] INFO  Controlador.Boletin1_4 - Directorio:java
2026-10-05 12:33:44.676 [main] INFO  Controlador.Boletin1_4 - Directorio:resources
2026-10-05 12:33:44.676 [main] INFO  Controlador.Boletin1_4 - Directorio:target
2026-10-05 12:33:44.676 [main] INFO  Controlador.Boletin1_4 - Directorio:classes
2026-10-05 12:33:44.676 [main] INFO  Controlador.Boletin1_4 - Directorio:controlador
2026-10-05 12:33:44.677 [main] INFO  Controlador.Boletin1_4 - Fichero:ClaseFile.class
2026-10-05 12:33:44.677 [main] INFO  Controlador.Boletin1_4 - Fichero:log4j2.xml
2026-10-05 12:33:44.677 [main] INFO  Controlador.Boletin1_4 - Directorio:META-INF
2026-10-05 12:33:44.677 [main] INFO  Controlador.Boletin1_4 - Fichero:MANIFEST.MF
2026-10-05 12:33:44.677 [main] INFO  Controlador.Boletin1_4 - Directorio:maven
2026-10-05 12:33:44.677 [main] INFO  Controlador.Boletin1_4 - Directorio:Biblioteca
2026-10-05 12:33:44.677 [main] INFO  Controlador.Boletin1_4 - Directorio:Biblioteca
2026-10-05 12:33:44.677 [main] INFO  Controlador.Boletin1_4 - Fichero:pom.properties
2026-10-05 12:33:44.677 [main] INFO  Controlador.Boletin1_4 - Fichero:pom.xml
2026-10-05 12:33:44.678 [main] INFO  Controlador.Boletin1_4 - Directorio:modelo
2026-10-05 12:33:44.678 [main] INFO  Controlador.Boletin1_4 - Fichero:Biblioteca.class
2026-10-05 12:33:44.678 [main] INFO  Controlador.Boletin1_4 - Fichero:Genero.class
2026-10-05 12:33:44.678 [main] INFO  Controlador.Boletin1_4 - Fichero:Libro.class
2026-10-05 12:33:44.678 [main] INFO  Controlador.Boletin1_4 - Fichero:Prestamo.class
2026-10-05 12:33:44.678 [main] INFO  Controlador.Boletin1_4 - Fichero:Usuario.class
2026-10-05 12:33:44.678 [main] INFO  Controlador.Boletin1_4 - Directorio:repositorio
2026-10-05 12:33:44.678 [main] INFO  Controlador.Boletin1_4 - Fichero:RepoBiblio.class
2026-10-05 12:33:44.678 [main] INFO  Controlador.Boletin1_4 - Directorio:test-classes
2026-10-05 12:33:44.678 [main] INFO  Controlador.Boletin1_4 - Directorio:Comienzo
2026-10-05 12:33:44.678 [main] INFO  Controlador.Boletin1_4 - Fichero:.classpath
2026-10-05 12:33:44.678 [main] INFO  Controlador.Boletin1_4 - Fichero:.project
2026-10-05 12:33:44.678 [main] INFO  Controlador.Boletin1_4 - Directorio:.settings
2026-10-05 12:33:44.679 [main] INFO  Controlador.Boletin1_4 - Fichero:org.eclipse.core.resources.prefs
2026-10-05 12:33:44.679 [main] INFO  Controlador.Boletin1_4 - Fichero:org.eclipse.jdt.core.prefs
2026-10-05 12:33:44.679 [main] INFO  Controlador.Boletin1_4 - Directorio:bin
2026-10-05 12:33:44.679 [main] INFO  Controlador.Boletin1_4 - Directorio:Excepciones
2026-10-05 12:33:44.679 [main] INFO  Controlador.Boletin1_4 - Fichero:module-info.class
2026-10-05 12:33:44.679 [main] INFO  Controlador.Boletin1_4 - Directorio:src
2026-10-05 12:33:44.679 [main] INFO  Controlador.Boletin1_4 - Directorio:Excepciones
2026-10-05 12:33:44.679 [main] INFO  Controlador.Boletin1_4 - Fichero:module-info.java
2026-10-05 12:33:44.679 [main] INFO  Controlador.Boletin1_4 - Directorio:EldenRing
2026-10-05 12:33:44.680 [main] INFO  Controlador.Boletin1_4 - Fichero:.classpath
2026-10-05 12:33:44.680 [main] INFO  Controlador.Boletin1_4 - Fichero:.project
2026-10-05 12:33:44.680 [main] INFO  Controlador.Boletin1_4 - Directorio:.settings
2026-10-05 12:33:44.680 [main] INFO  Controlador.Boletin1_4 - Fichero:org.eclipse.jdt.core.prefs
2026-10-05 12:33:44.680 [main] INFO  Controlador.Boletin1_4 - Fichero:org.eclipse.m2e.core.prefs
2026-10-05 12:33:44.680 [main] INFO  Controlador.Boletin1_4 - Fichero:pom.xml
2026-10-05 12:33:44.680 [main] INFO  Controlador.Boletin1_4 - Directorio:src
2026-10-05 12:33:44.680 [main] INFO  Controlador.Boletin1_4 - Directorio:main
2026-10-05 12:33:44.680 [main] INFO  Controlador.Boletin1_4 - Directorio:java
2026-10-05 12:33:44.680 [main] INFO  Controlador.Boletin1_4 - Directorio:Controlador
2026-10-05 12:33:44.681 [main] INFO  Controlador.Boletin1_4 - Fichero:GestionaSinLuz.java
2026-10-05 12:33:44.681 [main] INFO  Controlador.Boletin1_4 - Directorio:Modelo
2026-10-05 12:33:44.681 [main] INFO  Controlador.Boletin1_4 - Fichero:Encuentro.java
2026-10-05 12:33:44.681 [main] INFO  Controlador.Boletin1_4 - Fichero:SinLuz.java
2026-10-05 12:33:44.681 [main] INFO  Controlador.Boletin1_4 - Directorio:Repositorio
2026-10-05 12:33:44.681 [main] INFO  Controlador.Boletin1_4 - Fichero:RepositorioMapa.java
2026-10-05 12:33:44.681 [main] INFO  Controlador.Boletin1_4 - Directorio:resources
2026-10-05 12:33:44.681 [main] INFO  Controlador.Boletin1_4 - Directorio:test
2026-10-05 12:33:44.682 [main] INFO  Controlador.Boletin1_4 - Directorio:java
2026-10-05 12:33:44.682 [main] INFO  Controlador.Boletin1_4 - Directorio:resources
2026-10-05 12:33:44.682 [main] INFO  Controlador.Boletin1_4 - Directorio:target
2026-10-05 12:33:44.682 [main] INFO  Controlador.Boletin1_4 - Directorio:classes
2026-10-05 12:33:44.682 [main] INFO  Controlador.Boletin1_4 - Directorio:Controlador
2026-10-05 12:33:44.682 [main] INFO  Controlador.Boletin1_4 - Fichero:GestionaSinLuz.class
2026-10-05 12:33:44.682 [main] INFO  Controlador.Boletin1_4 - Directorio:META-INF
2026-10-05 12:33:44.682 [main] INFO  Controlador.Boletin1_4 - Fichero:MANIFEST.MF
2026-10-05 12:33:44.683 [main] INFO  Controlador.Boletin1_4 - Directorio:maven
2026-10-05 12:33:44.683 [main] INFO  Controlador.Boletin1_4 - Directorio:EldenRing
2026-10-05 12:33:44.683 [main] INFO  Controlador.Boletin1_4 - Directorio:EldenRing
2026-10-05 12:33:44.683 [main] INFO  Controlador.Boletin1_4 - Fichero:pom.properties
2026-10-05 12:33:44.683 [main] INFO  Controlador.Boletin1_4 - Fichero:pom.xml
2026-10-05 12:33:44.683 [main] INFO  Controlador.Boletin1_4 - Directorio:Modelo
2026-10-05 12:33:44.683 [main] INFO  Controlador.Boletin1_4 - Fichero:Encuentro.class
2026-10-05 12:33:44.683 [main] INFO  Controlador.Boletin1_4 - Fichero:SinLuz.class
2026-10-05 12:33:44.683 [main] INFO  Controlador.Boletin1_4 - Directorio:Repositorio
2026-10-05 12:33:44.684 [main] INFO  Controlador.Boletin1_4 - Fichero:RepositorioMapa.class
2026-10-05 12:33:44.684 [main] INFO  Controlador.Boletin1_4 - Directorio:test-classes
2026-10-05 12:33:44.684 [main] INFO  Controlador.Boletin1_4 - Fichero:ooo.txt
2026-10-05 12:33:44.684 [main] INFO  Controlador.Boletin1_4 - Directorio:repasoJava
2026-10-05 12:33:44.684 [main] INFO  Controlador.Boletin1_4 - Fichero:.classpath
2026-10-05 12:33:44.684 [main] INFO  Controlador.Boletin1_4 - Fichero:.project
2026-10-05 12:33:44.684 [main] INFO  Controlador.Boletin1_4 - Directorio:.settings
2026-10-05 12:33:44.684 [main] INFO  Controlador.Boletin1_4 - Fichero:org.eclipse.jdt.core.prefs
2026-10-05 12:33:44.684 [main] INFO  Controlador.Boletin1_4 - Fichero:org.eclipse.m2e.core.prefs
2026-10-05 12:33:44.684 [main] INFO  Controlador.Boletin1_4 - Fichero:pom.xml
2026-10-05 12:33:44.684 [main] INFO  Controlador.Boletin1_4 - Directorio:src
2026-10-05 12:33:44.685 [main] INFO  Controlador.Boletin1_4 - Directorio:main
2026-10-05 12:33:44.685 [main] INFO  Controlador.Boletin1_4 - Directorio:java
2026-10-05 12:33:44.685 [main] INFO  Controlador.Boletin1_4 - Directorio:repasoJava
2026-10-05 12:33:44.685 [main] INFO  Controlador.Boletin1_4 - Directorio:dia1
2026-10-05 12:33:44.685 [main] INFO  Controlador.Boletin1_4 - Directorio:controllers
2026-10-05 12:33:44.685 [main] INFO  Controlador.Boletin1_4 - Fichero:GestionaEvento.java
2026-10-05 12:33:44.685 [main] INFO  Controlador.Boletin1_4 - Fichero:RepasoFile.java
2026-10-05 12:33:44.685 [main] INFO  Controlador.Boletin1_4 - Fichero:Dia1Excepciones.java
2026-10-05 12:33:44.685 [main] INFO  Controlador.Boletin1_4 - Directorio:exceptions
2026-10-05 12:33:44.687 [main] INFO  Controlador.Boletin1_4 - Fichero:CrafterException.java
2026-10-05 12:33:44.687 [main] INFO  Controlador.Boletin1_4 - Directorio:models
2026-10-05 12:33:44.687 [main] INFO  Controlador.Boletin1_4 - Fichero:Concierto.java
2026-10-05 12:33:44.687 [main] INFO  Controlador.Boletin1_4 - Fichero:Estado.java
2026-10-05 12:33:44.687 [main] INFO  Controlador.Boletin1_4 - Fichero:Evento.java
2026-10-05 12:33:44.687 [main] INFO  Controlador.Boletin1_4 - Fichero:EventoDeportivo.java
2026-10-05 12:33:44.687 [main] INFO  Controlador.Boletin1_4 - Directorio:repositories
2026-10-05 12:33:44.687 [main] INFO  Controlador.Boletin1_4 - Fichero:EventoRepo.java
2026-10-05 12:33:44.687 [main] INFO  Controlador.Boletin1_4 - Directorio:resources
2026-10-05 12:33:44.687 [main] INFO  Controlador.Boletin1_4 - Directorio:test
2026-10-05 12:33:44.687 [main] INFO  Controlador.Boletin1_4 - Directorio:java
2026-10-05 12:33:44.687 [main] INFO  Controlador.Boletin1_4 - Directorio:resources
2026-10-05 12:33:44.688 [main] INFO  Controlador.Boletin1_4 - Directorio:target
2026-10-05 12:33:44.688 [main] INFO  Controlador.Boletin1_4 - Directorio:classes
2026-10-05 12:33:44.688 [main] INFO  Controlador.Boletin1_4 - Directorio:META-INF
2026-10-05 12:33:44.688 [main] INFO  Controlador.Boletin1_4 - Fichero:MANIFEST.MF
2026-10-05 12:33:44.688 [main] INFO  Controlador.Boletin1_4 - Directorio:maven
2026-10-05 12:33:44.688 [main] INFO  Controlador.Boletin1_4 - Directorio:psp
2026-10-05 12:33:44.688 [main] INFO  Controlador.Boletin1_4 - Directorio:repasoJava
2026-10-05 12:33:44.689 [main] INFO  Controlador.Boletin1_4 - Fichero:pom.properties
2026-10-05 12:33:44.689 [main] INFO  Controlador.Boletin1_4 - Fichero:pom.xml
2026-10-05 12:33:44.689 [main] INFO  Controlador.Boletin1_4 - Directorio:repasoJava
2026-10-05 12:33:44.689 [main] INFO  Controlador.Boletin1_4 - Directorio:dia1
2026-10-05 12:33:44.689 [main] INFO  Controlador.Boletin1_4 - Directorio:controllers
2026-10-05 12:33:44.689 [main] INFO  Controlador.Boletin1_4 - Fichero:GestionaEvento.class
2026-10-05 12:33:44.689 [main] INFO  Controlador.Boletin1_4 - Fichero:RepasoFile.class
2026-10-05 12:33:44.689 [main] INFO  Controlador.Boletin1_4 - Fichero:Dia1Excepciones.class
2026-10-05 12:33:44.689 [main] INFO  Controlador.Boletin1_4 - Directorio:exceptions
2026-10-05 12:33:44.690 [main] INFO  Controlador.Boletin1_4 - Fichero:CrafterException.class
2026-10-05 12:33:44.690 [main] INFO  Controlador.Boletin1_4 - Directorio:models
2026-10-05 12:33:44.690 [main] INFO  Controlador.Boletin1_4 - Fichero:Concierto.class
2026-10-05 12:33:44.690 [main] INFO  Controlador.Boletin1_4 - Fichero:Estado.class
2026-10-05 12:33:44.690 [main] INFO  Controlador.Boletin1_4 - Fichero:Evento.class
2026-10-05 12:33:44.690 [main] INFO  Controlador.Boletin1_4 - Fichero:EventoDeportivo.class
2026-10-05 12:33:44.690 [main] INFO  Controlador.Boletin1_4 - Directorio:repositories
2026-10-05 12:33:44.690 [main] INFO  Controlador.Boletin1_4 - Fichero:EventoRepo.class
2026-10-05 12:33:44.691 [main] INFO  Controlador.Boletin1_4 - Directorio:test-classes
2026-10-05 12:33:44.691 [main] INFO  Controlador.Boletin1_4 - Directorio:Unidad1File
2026-10-05 12:33:44.691 [main] INFO  Controlador.Boletin1_4 - Fichero:.classpath
2026-10-05 12:33:44.691 [main] INFO  Controlador.Boletin1_4 - Fichero:.project
2026-10-05 12:33:44.691 [main] INFO  Controlador.Boletin1_4 - Directorio:.settings
2026-10-05 12:33:44.691 [main] INFO  Controlador.Boletin1_4 - Fichero:org.eclipse.jdt.core.prefs
2026-10-05 12:33:44.691 [main] INFO  Controlador.Boletin1_4 - Fichero:org.eclipse.m2e.core.prefs
2026-10-05 12:33:44.691 [main] INFO  Controlador.Boletin1_4 - Fichero:application-20261001.log
2026-10-05 12:33:44.691 [main] INFO  Controlador.Boletin1_4 - Fichero:application-20261005.log
2026-10-05 12:33:44.691 [main] INFO  Controlador.Boletin1_4 - Fichero:pom.xml
2026-10-05 12:33:44.691 [main] INFO  Controlador.Boletin1_4 - Directorio:src
2026-10-05 12:33:44.691 [main] INFO  Controlador.Boletin1_4 - Directorio:main
2026-10-05 12:33:44.692 [main] INFO  Controlador.Boletin1_4 - Directorio:java
2026-10-05 12:33:44.692 [main] INFO  Controlador.Boletin1_4 - Directorio:Controlador
2026-10-05 12:33:44.692 [main] INFO  Controlador.Boletin1_4 - Fichero:Boletin1_1.java
2026-10-05 12:33:44.692 [main] INFO  Controlador.Boletin1_4 - Fichero:Boletin1_2.java
2026-10-05 12:33:44.692 [main] INFO  Controlador.Boletin1_4 - Fichero:Boletin1_4.java
2026-10-05 12:33:44.692 [main] INFO  Controlador.Boletin1_4 - Directorio:Excepciones
2026-10-05 12:33:44.692 [main] INFO  Controlador.Boletin1_4 - Fichero:RutaNoValidaException.java
2026-10-05 12:33:44.692 [main] INFO  Controlador.Boletin1_4 - Directorio:Modelo
2026-10-05 12:33:44.692 [main] INFO  Controlador.Boletin1_4 - Directorio:Repositorio
2026-10-05 12:33:44.692 [main] INFO  Controlador.Boletin1_4 - Directorio:resources
2026-10-05 12:33:44.693 [main] INFO  Controlador.Boletin1_4 - Fichero:log4j2.xml
2026-10-05 12:33:44.693 [main] INFO  Controlador.Boletin1_4 - Directorio:test
2026-10-05 12:33:44.693 [main] INFO  Controlador.Boletin1_4 - Directorio:java
2026-10-05 12:33:44.693 [main] INFO  Controlador.Boletin1_4 - Directorio:resources
2026-10-05 12:33:44.693 [main] INFO  Controlador.Boletin1_4 - Directorio:target
2026-10-05 12:33:44.693 [main] INFO  Controlador.Boletin1_4 - Directorio:classes
2026-10-05 12:33:44.693 [main] INFO  Controlador.Boletin1_4 - Directorio:Controlador
2026-10-05 12:33:44.693 [main] INFO  Controlador.Boletin1_4 - Fichero:Boletin1_1.class
2026-10-05 12:33:44.693 [main] INFO  Controlador.Boletin1_4 - Fichero:Boletin1_2.class
2026-10-05 12:33:44.693 [main] INFO  Controlador.Boletin1_4 - Fichero:Boletin1_4.class
2026-10-05 12:33:44.693 [main] INFO  Controlador.Boletin1_4 - Fichero:Boletin1_4_2.class
2026-10-05 12:33:44.693 [main] INFO  Controlador.Boletin1_4 - Directorio:Excepciones
2026-10-05 12:33:44.694 [main] INFO  Controlador.Boletin1_4 - Fichero:RutaNoValidaException.class
2026-10-05 12:33:44.694 [main] INFO  Controlador.Boletin1_4 - Fichero:log4j2.xml
2026-10-05 12:33:44.694 [main] INFO  Controlador.Boletin1_4 - Directorio:META-INF
2026-10-05 12:33:44.694 [main] INFO  Controlador.Boletin1_4 - Fichero:MANIFEST.MF
2026-10-05 12:33:44.694 [main] INFO  Controlador.Boletin1_4 - Directorio:maven
2026-10-05 12:33:44.694 [main] INFO  Controlador.Boletin1_4 - Directorio:Unidad1File
2026-10-05 12:33:44.694 [main] INFO  Controlador.Boletin1_4 - Directorio:Unidad1File
2026-10-05 12:33:44.694 [main] INFO  Controlador.Boletin1_4 - Fichero:pom.properties
2026-10-05 12:33:44.694 [main] INFO  Controlador.Boletin1_4 - Fichero:pom.xml
2026-10-05 12:33:44.694 [main] INFO  Controlador.Boletin1_4 - Directorio:Modelo
2026-10-05 12:33:44.694 [main] INFO  Controlador.Boletin1_4 - Directorio:Repositorio
2026-10-05 12:33:44.695 [main] INFO  Controlador.Boletin1_4 - Directorio:test-classes
2026-10-05 12:33:44.695 [main] INFO  Controlador.Boletin1_4 - Fichero:Descargas - Acceso directo.lnk
2026-10-05 12:33:44.695 [main] INFO  Controlador.Boletin1_4 - Fichero:desktop.ini
2026-10-05 12:33:44.695 [main] INFO  Controlador.Boletin1_4 - Fichero:Eclipse IDE for Enterprise Java and Web Developers - 2026-09.lnk
2026-10-05 12:33:44.695 [main] INFO  Controlador.Boletin1_4 - Fichero:Git Bash.lnk
2026-10-05 12:33:44.695 [main] INFO  Controlador.Boletin1_4 - Fichero:Manuel - Chrome.lnk
2026-10-05 12:33:44.695 [main] INFO  Controlador.Boletin1_4 - Directorio:Prueba
2026-10-05 12:33:44.695 [main] INFO  Controlador.Boletin1_4 - Fichero:fichero.txt
2026-10-05 12:33:44.695 [main] INFO  Controlador.Boletin1_4 - Directorio:Psp2
2026-10-05 12:33:44.695 [main] INFO  Controlador.Boletin1_4 - Directorio:.git
2026-10-05 12:33:44.695 [main] INFO  Controlador.Boletin1_4 - Fichero:COMMIT_EDITMSG
2026-10-05 12:33:44.695 [main] INFO  Controlador.Boletin1_4 - Fichero:config
2026-10-05 12:33:44.695 [main] INFO  Controlador.Boletin1_4 - Fichero:description
2026-10-05 12:33:44.695 [main] INFO  Controlador.Boletin1_4 - Fichero:HEAD
2026-10-05 12:33:44.695 [main] INFO  Controlador.Boletin1_4 - Directorio:hooks
2026-10-05 12:33:44.697 [main] INFO  Controlador.Boletin1_4 - Fichero:applypatch-msg.sample
2026-10-05 12:33:44.697 [main] INFO  Controlador.Boletin1_4 - Fichero:commit-msg.sample
2026-10-05 12:33:44.697 [main] INFO  Controlador.Boletin1_4 - Fichero:fsmonitor-watchman.sample
2026-10-05 12:33:44.697 [main] INFO  Controlador.Boletin1_4 - Fichero:post-update.sample
2026-10-05 12:33:44.697 [main] INFO  Controlador.Boletin1_4 - Fichero:pre-applypatch.sample
2026-10-05 12:33:44.697 [main] INFO  Controlador.Boletin1_4 - Fichero:pre-commit.sample
2026-10-05 12:33:44.697 [main] INFO  Controlador.Boletin1_4 - Fichero:pre-merge-commit.sample
2026-10-05 12:33:44.697 [main] INFO  Controlador.Boletin1_4 - Fichero:pre-push.sample
2026-10-05 12:33:44.697 [main] INFO  Controlador.Boletin1_4 - Fichero:pre-rebase.sample
2026-10-05 12:33:44.697 [main] INFO  Controlador.Boletin1_4 - Fichero:pre-receive.sample
2026-10-05 12:33:44.697 [main] INFO  Controlador.Boletin1_4 - Fichero:prepare-commit-msg.sample
2026-10-05 12:33:44.697 [main] INFO  Controlador.Boletin1_4 - Fichero:push-to-checkout.sample
2026-10-05 12:33:44.697 [main] INFO  Controlador.Boletin1_4 - Fichero:sendemail-validate.sample
2026-10-05 12:33:44.698 [main] INFO  Controlador.Boletin1_4 - Fichero:update.sample
2026-10-05 12:33:44.698 [main] INFO  Controlador.Boletin1_4 - Fichero:index
2026-10-05 12:33:44.698 [main] INFO  Controlador.Boletin1_4 - Directorio:info
2026-10-05 12:33:44.698 [main] INFO  Controlador.Boletin1_4 - Fichero:exclude
2026-10-05 12:33:44.698 [main] INFO  Controlador.Boletin1_4 - Directorio:logs
2026-10-05 12:33:44.698 [main] INFO  Controlador.Boletin1_4 - Fichero:HEAD
2026-10-05 12:33:44.698 [main] INFO  Controlador.Boletin1_4 - Directorio:refs
2026-10-05 12:33:44.698 [main] INFO  Controlador.Boletin1_4 - Directorio:heads
2026-10-05 12:33:44.698 [main] INFO  Controlador.Boletin1_4 - Fichero:main
2026-10-05 12:33:44.699 [main] INFO  Controlador.Boletin1_4 - Directorio:remotes
2026-10-05 12:33:44.699 [main] INFO  Controlador.Boletin1_4 - Directorio:origin
2026-10-05 12:33:44.699 [main] INFO  Controlador.Boletin1_4 - Fichero:main
2026-10-05 12:33:44.699 [main] INFO  Controlador.Boletin1_4 - Directorio:objects
2026-10-05 12:33:44.699 [main] INFO  Controlador.Boletin1_4 - Directorio:73
2026-10-05 12:33:44.699 [main] INFO  Controlador.Boletin1_4 - Fichero:f8743f6f6d960eee92b463621f65b5720cdd55
2026-10-05 12:33:44.699 [main] INFO  Controlador.Boletin1_4 - Directorio:a5
2026-10-05 12:33:44.699 [main] INFO  Controlador.Boletin1_4 - Fichero:df5c2c4d5d9777cb412b1d40b8ed0213112075
2026-10-05 12:33:44.699 [main] INFO  Controlador.Boletin1_4 - Directorio:e6
2026-10-05 12:33:44.700 [main] INFO  Controlador.Boletin1_4 - Fichero:9de29bb2d1d6434b8b29ae775ad8c2e48c5391
2026-10-05 12:33:44.700 [main] INFO  Controlador.Boletin1_4 - Directorio:info
2026-10-05 12:33:44.700 [main] INFO  Controlador.Boletin1_4 - Directorio:pack
2026-10-05 12:33:44.700 [main] INFO  Controlador.Boletin1_4 - Directorio:refs
2026-10-05 12:33:44.700 [main] INFO  Controlador.Boletin1_4 - Directorio:heads
2026-10-05 12:33:44.700 [main] INFO  Controlador.Boletin1_4 - Fichero:main
2026-10-05 12:33:44.700 [main] INFO  Controlador.Boletin1_4 - Directorio:remotes
2026-10-05 12:33:44.700 [main] INFO  Controlador.Boletin1_4 - Directorio:origin
2026-10-05 12:33:44.701 [main] INFO  Controlador.Boletin1_4 - Fichero:main
2026-10-05 12:33:44.701 [main] INFO  Controlador.Boletin1_4 - Directorio:tags
2026-10-05 12:33:44.701 [main] INFO  Controlador.Boletin1_4 - Fichero:.gitignore
2026-10-05 12:33:44.701 [main] INFO  Controlador.Boletin1_4 - Directorio:.metadata
2026-10-05 12:33:44.701 [main] INFO  Controlador.Boletin1_4 - Fichero:.lock
2026-10-05 12:33:44.701 [main] INFO  Controlador.Boletin1_4 - Fichero:.lock_info
2026-10-05 12:33:44.701 [main] INFO  Controlador.Boletin1_4 - Fichero:.log
2026-10-05 12:33:44.701 [main] INFO  Controlador.Boletin1_4 - Directorio:.mylyn
2026-10-05 12:33:44.701 [main] INFO  Controlador.Boletin1_4 - Directorio:contexts
2026-10-05 12:33:44.701 [main] INFO  Controlador.Boletin1_4 - Fichero:repositories.xml.zip
2026-10-05 12:33:44.701 [main] INFO  Controlador.Boletin1_4 - Directorio:.plugins
2026-10-05 12:33:44.702 [main] INFO  Controlador.Boletin1_4 - Directorio:org.eclipse.buildship.core
2026-10-05 12:33:44.702 [main] INFO  Controlador.Boletin1_4 - Directorio:gradle
2026-10-05 12:33:44.702 [main] INFO  Controlador.Boletin1_4 - Fichero:versions.json
2026-10-05 12:33:44.702 [main] INFO  Controlador.Boletin1_4 - Directorio:org.eclipse.core.resources
2026-10-05 12:33:44.702 [main] INFO  Controlador.Boletin1_4 - Directorio:.history
2026-10-05 12:33:44.702 [main] INFO  Controlador.Boletin1_4 - Directorio:13
2026-10-05 12:33:44.703 [main] INFO  Controlador.Boletin1_4 - Fichero:80181f2187c000111bf7ad4a2b15387d
2026-10-05 12:33:44.703 [main] INFO  Controlador.Boletin1_4 - Directorio:20
2026-10-05 12:33:44.703 [main] INFO  Controlador.Boletin1_4 - Fichero:10071e2187c000111bf7ad4a2b15387d
2026-10-05 12:33:44.703 [main] INFO  Controlador.Boletin1_4 - Directorio:69
2026-10-05 12:33:44.703 [main] INFO  Controlador.Boletin1_4 - Fichero:60ca1e2187c000111bf7ad4a2b15387d
2026-10-05 12:33:44.703 [main] INFO  Controlador.Boletin1_4 - Directorio:92
2026-10-05 12:33:44.703 [main] INFO  Controlador.Boletin1_4 - Fichero:30551e2187c000111bf7ad4a2b15387d
2026-10-05 12:33:44.703 [main] INFO  Controlador.Boletin1_4 - Directorio:94
2026-10-05 12:33:44.703 [main] INFO  Controlador.Boletin1_4 - Fichero:9090185487c000111bf7ad4a2b15387d
2026-10-05 12:33:44.703 [main] INFO  Controlador.Boletin1_4 - Directorio:be
2026-10-05 12:33:44.703 [main] INFO  Controlador.Boletin1_4 - Fichero:b08d1f2187c000111bf7ad4a2b15387d
2026-10-05 12:33:44.704 [main] INFO  Controlador.Boletin1_4 - Directorio:eb
2026-10-05 12:33:44.704 [main] INFO  Controlador.Boletin1_4 - Fichero:e0911d2187c000111bf7ad4a2b15387d
2026-10-05 12:33:44.704 [main] INFO  Controlador.Boletin1_4 - Directorio:fc
2026-10-05 12:33:44.704 [main] INFO  Controlador.Boletin1_4 - Fichero:20c9b33187c000111bf7ad4a2b15387d
2026-10-05 12:33:44.704 [main] INFO  Controlador.Boletin1_4 - Directorio:.projects
2026-10-05 12:33:44.704 [main] INFO  Controlador.Boletin1_4 - Directorio:.org.eclipse.egit.core.cmp
2026-10-05 12:33:44.704 [main] INFO  Controlador.Boletin1_4 - Fichero:.location
2026-10-05 12:33:44.704 [main] INFO  Controlador.Boletin1_4 - Fichero:.markers.snap
2026-10-05 12:33:44.704 [main] INFO  Controlador.Boletin1_4 - Fichero:.syncinfo.snap
2026-10-05 12:33:44.704 [main] INFO  Controlador.Boletin1_4 - Directorio:Unidad1_Multiprocesos
2026-10-05 12:33:44.705 [main] INFO  Controlador.Boletin1_4 - Directorio:.indexes
2026-10-05 12:33:44.705 [main] INFO  Controlador.Boletin1_4 - Directorio:af
2026-10-05 12:33:44.705 [main] INFO  Controlador.Boletin1_4 - Fichero:history.index
2026-10-05 12:33:44.705 [main] INFO  Controlador.Boletin1_4 - Fichero:properties.index
2026-10-05 12:33:44.705 [main] INFO  Controlador.Boletin1_4 - Fichero:.location
2026-10-05 12:33:44.705 [main] INFO  Controlador.Boletin1_4 - Fichero:.markers.snap
2026-10-05 12:33:44.705 [main] INFO  Controlador.Boletin1_4 - Fichero:.syncinfo.snap
2026-10-05 12:33:44.705 [main] INFO  Controlador.Boletin1_4 - Directorio:org.eclipse.egit.core
2026-10-05 12:33:44.705 [main] INFO  Controlador.Boletin1_4 - Fichero:GitProjectData.properties
2026-10-05 12:33:44.705 [main] INFO  Controlador.Boletin1_4 - Directorio:org.eclipse.jdt.core
2026-10-05 12:33:44.705 [main] INFO  Controlador.Boletin1_4 - Directorio:.root
2026-10-05 12:33:44.706 [main] INFO  Controlador.Boletin1_4 - Directorio:.indexes
2026-10-05 12:33:44.706 [main] INFO  Controlador.Boletin1_4 - Fichero:properties.index
2026-10-05 12:33:44.706 [main] INFO  Controlador.Boletin1_4 - Fichero:.markers.snap
2026-10-05 12:33:44.706 [main] INFO  Controlador.Boletin1_4 - Directorio:.safetable
2026-10-05 12:33:44.706 [main] INFO  Controlador.Boletin1_4 - Fichero:org.eclipse.core.resources
2026-10-05 12:33:44.706 [main] INFO  Controlador.Boletin1_4 - Fichero:0.snap
2026-10-05 12:33:44.706 [main] INFO  Controlador.Boletin1_4 - Directorio:org.eclipse.core.runtime
2026-10-05 12:33:44.706 [main] INFO  Controlador.Boletin1_4 - Directorio:.settings
2026-10-05 12:33:44.706 [main] INFO  Controlador.Boletin1_4 - Fichero:org.eclipse.core.resources.prefs
2026-10-05 12:33:44.706 [main] INFO  Controlador.Boletin1_4 - Fichero:org.eclipse.core.variables.prefs
2026-10-05 12:33:44.707 [main] INFO  Controlador.Boletin1_4 - Fichero:org.eclipse.debug.ui.prefs
2026-10-05 12:33:44.707 [main] INFO  Controlador.Boletin1_4 - Fichero:org.eclipse.egit.core.prefs
2026-10-05 12:33:44.707 [main] INFO  Controlador.Boletin1_4 - Fichero:org.eclipse.jdt.core.prefs
2026-10-05 12:33:44.707 [main] INFO  Controlador.Boletin1_4 - Fichero:org.eclipse.jdt.junit.prefs
2026-10-05 12:33:44.707 [main] INFO  Controlador.Boletin1_4 - Fichero:org.eclipse.jdt.launching.prefs
2026-10-05 12:33:44.707 [main] INFO  Controlador.Boletin1_4 - Fichero:org.eclipse.jdt.ui.prefs
2026-10-05 12:33:44.707 [main] INFO  Controlador.Boletin1_4 - Fichero:org.eclipse.jsch.core.prefs
2026-10-05 12:33:44.707 [main] INFO  Controlador.Boletin1_4 - Fichero:org.eclipse.jst.j2ee.webservice.ui.prefs
2026-10-05 12:33:44.707 [main] INFO  Controlador.Boletin1_4 - Fichero:org.eclipse.mylyn.context.core.prefs
2026-10-05 12:33:44.707 [main] INFO  Controlador.Boletin1_4 - Fichero:org.eclipse.mylyn.monitor.ui.prefs
2026-10-05 12:33:44.707 [main] INFO  Controlador.Boletin1_4 - Fichero:org.eclipse.mylyn.tasks.ui.prefs
2026-10-05 12:33:44.707 [main] INFO  Controlador.Boletin1_4 - Fichero:org.eclipse.pde.api.tools.prefs
2026-10-05 12:33:44.707 [main] INFO  Controlador.Boletin1_4 - Fichero:org.eclipse.ui.console.prefs
2026-10-05 12:33:44.707 [main] INFO  Controlador.Boletin1_4 - Fichero:org.eclipse.ui.navigator.prefs
2026-10-05 12:33:44.707 [main] INFO  Controlador.Boletin1_4 - Fichero:org.eclipse.ui.prefs
2026-10-05 12:33:44.707 [main] INFO  Controlador.Boletin1_4 - Fichero:org.eclipse.wst.jsdt.ui.prefs
2026-10-05 12:33:44.707 [main] INFO  Controlador.Boletin1_4 - Fichero:org.eclipse.wst.ws.service.policy.prefs
2026-10-05 12:33:44.707 [main] INFO  Controlador.Boletin1_4 - Directorio:org.eclipse.debug.core
2026-10-05 12:33:44.708 [main] INFO  Controlador.Boletin1_4 - Directorio:.launches
2026-10-05 12:33:44.708 [main] INFO  Controlador.Boletin1_4 - Fichero:MainPrueba.launch
2026-10-05 12:33:44.708 [main] INFO  Controlador.Boletin1_4 - Directorio:org.eclipse.debug.ui
2026-10-05 12:33:44.708 [main] INFO  Controlador.Boletin1_4 - Fichero:launchConfigurationHistory.xml
2026-10-05 12:33:44.708 [main] INFO  Controlador.Boletin1_4 - Directorio:org.eclipse.e4.workbench
2026-10-05 12:33:44.709 [main] INFO  Controlador.Boletin1_4 - Fichero:last_nl.properties
2026-10-05 12:33:44.709 [main] INFO  Controlador.Boletin1_4 - Fichero:workbench.xmi
2026-10-05 12:33:44.709 [main] INFO  Controlador.Boletin1_4 - Directorio:org.eclipse.egit.core
2026-10-05 12:33:44.709 [main] INFO  Controlador.Boletin1_4 - Directorio:.org.eclipse.egit.core.cmp
2026-10-05 12:33:44.709 [main] INFO  Controlador.Boletin1_4 - Fichero:.project
2026-10-05 12:33:44.709 [main] INFO  Controlador.Boletin1_4 - Directorio:.settings
2026-10-05 12:33:44.709 [main] INFO  Controlador.Boletin1_4 - Fichero:org.eclipse.core.resources.prefs
2026-10-05 12:33:44.709 [main] INFO  Controlador.Boletin1_4 - Directorio:org.eclipse.jdt.core
2026-10-05 12:33:44.709 [main] INFO  Controlador.Boletin1_4 - Fichero:1865797976.index
2026-10-05 12:33:44.709 [main] INFO  Controlador.Boletin1_4 - Fichero:2657171946.index
2026-10-05 12:33:44.709 [main] INFO  Controlador.Boletin1_4 - Fichero:4238424329.index
2026-10-05 12:33:44.709 [main] INFO  Controlador.Boletin1_4 - Fichero:externalLibsTimeStamps
2026-10-05 12:33:44.710 [main] INFO  Controlador.Boletin1_4 - Fichero:javaLikeNames.txt
2026-10-05 12:33:44.710 [main] INFO  Controlador.Boletin1_4 - Fichero:savedIndexNames.txt
2026-10-05 12:33:44.710 [main] INFO  Controlador.Boletin1_4 - Fichero:variablesAndContainers.dat
2026-10-05 12:33:44.710 [main] INFO  Controlador.Boletin1_4 - Directorio:org.eclipse.jdt.launching
2026-10-05 12:33:44.710 [main] INFO  Controlador.Boletin1_4 - Fichero:.install.xml
2026-10-05 12:33:44.710 [main] INFO  Controlador.Boletin1_4 - Fichero:libraryInfos.xml
2026-10-05 12:33:44.710 [main] INFO  Controlador.Boletin1_4 - Directorio:org.eclipse.jdt.ui
2026-10-05 12:33:44.710 [main] INFO  Controlador.Boletin1_4 - Directorio:org.eclipse.ltk.core.refactoring
2026-10-05 12:33:44.710 [main] INFO  Controlador.Boletin1_4 - Directorio:org.eclipse.m2e.core
2026-10-05 12:33:44.710 [main] INFO  Controlador.Boletin1_4 - Fichero:Unidad1_Multiprocesos.lifecyclemapping
2026-10-05 12:33:44.710 [main] INFO  Controlador.Boletin1_4 - Fichero:workspacestate.properties
2026-10-05 12:33:44.711 [main] INFO  Controlador.Boletin1_4 - Fichero:workspaceState.ser
2026-10-05 12:33:44.711 [main] INFO  Controlador.Boletin1_4 - Directorio:org.eclipse.m2e.core.ui
2026-10-05 12:33:44.711 [main] INFO  Controlador.Boletin1_4 - Directorio:org.eclipse.m2e.jdt
2026-10-05 12:33:44.711 [main] INFO  Controlador.Boletin1_4 - Fichero:Unidad1_Multiprocesos.container
2026-10-05 12:33:44.711 [main] INFO  Controlador.Boletin1_4 - Directorio:org.eclipse.m2e.logback
2026-10-05 12:33:44.711 [main] INFO  Controlador.Boletin1_4 - Fichero:0.log
2026-10-05 12:33:44.711 [main] INFO  Controlador.Boletin1_4 - Fichero:logback.2.7.201.20260831-2044.xml
2026-10-05 12:33:44.711 [main] INFO  Controlador.Boletin1_4 - Directorio:org.eclipse.mylyn.context.core
2026-10-05 12:33:44.711 [main] INFO  Controlador.Boletin1_4 - Directorio:contexts
2026-10-05 12:33:44.712 [main] INFO  Controlador.Boletin1_4 - Directorio:org.eclipse.mylyn.github.ui
2026-10-05 12:33:44.712 [main] INFO  Controlador.Boletin1_4 - Directorio:org.eclipse.mylyn.tasks.ui
2026-10-05 12:33:44.712 [main] INFO  Controlador.Boletin1_4 - Directorio:org.eclipse.oomph.setup
2026-10-05 12:33:44.712 [main] INFO  Controlador.Boletin1_4 - Fichero:workspace.setup
2026-10-05 12:33:44.712 [main] INFO  Controlador.Boletin1_4 - Directorio:org.eclipse.oomph.setup.ui
2026-10-05 12:33:44.712 [main] INFO  Controlador.Boletin1_4 - Directorio:org.eclipse.pde.api.tools
2026-10-05 12:33:44.712 [main] INFO  Controlador.Boletin1_4 - Directorio:org.eclipse.pde.core
2026-10-05 12:33:44.713 [main] INFO  Controlador.Boletin1_4 - Directorio:.cache
2026-10-05 12:33:44.713 [main] INFO  Controlador.Boletin1_4 - Directorio:.p2
2026-10-05 12:33:44.713 [main] INFO  Controlador.Boletin1_4 - Directorio:org.eclipse.equinox.p2.engine
2026-10-05 12:33:44.713 [main] INFO  Controlador.Boletin1_4 - Directorio:profileRegistry
2026-10-05 12:33:44.713 [main] INFO  Controlador.Boletin1_4 - Directorio:org.eclipse.swt
2026-10-05 12:33:44.713 [main] INFO  Controlador.Boletin1_4 - Directorio:EBWebView
2026-10-05 12:33:44.713 [main] INFO  Controlador.Boletin1_4 - Directorio:AutoLaunchProtocolsComponent
2026-10-05 12:33:44.714 [main] INFO  Controlador.Boletin1_4 - Directorio:1.0.0.12
2026-10-05 12:33:44.714 [main] INFO  Controlador.Boletin1_4 - Fichero:manifest.json
2026-10-05 12:33:44.714 [main] INFO  Controlador.Boletin1_4 - Fichero:protocols.json
2026-10-05 12:33:44.714 [main] INFO  Controlador.Boletin1_4 - Fichero:BrowserMetrics-spare.pma
2026-10-05 12:33:44.714 [main] INFO  Controlador.Boletin1_4 - Directorio:CertificateRevocation
2026-10-05 12:33:44.714 [main] INFO  Controlador.Boletin1_4 - Directorio:6498.2025.9.4
2026-10-05 12:33:44.714 [main] INFO  Controlador.Boletin1_4 - Fichero:crl-set
2026-10-05 12:33:44.714 [main] INFO  Controlador.Boletin1_4 - Fichero:manifest.json
2026-10-05 12:33:44.715 [main] INFO  Controlador.Boletin1_4 - Directorio:component_crx_cache
2026-10-05 12:33:44.715 [main] INFO  Controlador.Boletin1_4 - Fichero:00af3f07b5abb71f6d30337e1eef62fa280f06ef19485c0cf6b72171f92ccc0a
2026-10-05 12:33:44.715 [main] INFO  Controlador.Boletin1_4 - Fichero:720517793663c90e0dbd77cb42709bac49af733f83f73320ba89859d9b0310e0
2026-10-05 12:33:44.715 [main] INFO  Controlador.Boletin1_4 - Fichero:95fd9d48e4fc245a3f3a99a3a16ecd1355050ba3f4afc555f19a97c7f9b49677
2026-10-05 12:33:44.715 [main] INFO  Controlador.Boletin1_4 - Fichero:a81d1959892ae4180554347df1b97834abba2e1a5e6b9aeba000ecea26eabecc
2026-10-05 12:33:44.715 [main] INFO  Controlador.Boletin1_4 - Fichero:bec8ead1da3c9600fe66bbcc0e7a9bed9a184c1be821b4d23570c6b7af7f0410
2026-10-05 12:33:44.715 [main] INFO  Controlador.Boletin1_4 - Fichero:cde4f808f038aaffece9680c0356ded00c81c4559e0a431acb45d1276425d9eb
2026-10-05 12:33:44.715 [main] INFO  Controlador.Boletin1_4 - Fichero:ef7bf9efb7c82e6847b572d7781e11fc7fd642a55ab79e42a3d3ba2f80d520f6
2026-10-05 12:33:44.715 [main] INFO  Controlador.Boletin1_4 - Fichero:fa29a6d5775ff340900a65b39b02fc8b4b77d403c048d8debf22f2f5d09c61a0
2026-10-05 12:33:44.715 [main] INFO  Controlador.Boletin1_4 - Fichero:metadata.json
2026-10-05 12:33:44.715 [main] INFO  Controlador.Boletin1_4 - Directorio:Crashpad
2026-10-05 12:33:44.715 [main] INFO  Controlador.Boletin1_4 - Directorio:attachments
2026-10-05 12:33:44.716 [main] INFO  Controlador.Boletin1_4 - Fichero:metadata
2026-10-05 12:33:44.716 [main] INFO  Controlador.Boletin1_4 - Directorio:reports
2026-10-05 12:33:44.716 [main] INFO  Controlador.Boletin1_4 - Fichero:settings.dat
2026-10-05 12:33:44.716 [main] INFO  Controlador.Boletin1_4 - Fichero:throttle_store.dat
2026-10-05 12:33:44.716 [main] INFO  Controlador.Boletin1_4 - Fichero:watson_metadata
2026-10-05 12:33:44.716 [main] INFO  Controlador.Boletin1_4 - Directorio:Default
2026-10-05 12:33:44.716 [main] INFO  Controlador.Boletin1_4 - Directorio:AutofillAiModelCache
2026-10-05 12:33:44.716 [main] INFO  Controlador.Boletin1_4 - Fichero:LOCK
2026-10-05 12:33:44.716 [main] INFO  Controlador.Boletin1_4 - Fichero:LOG
2026-10-05 12:33:44.717 [main] INFO  Controlador.Boletin1_4 - Fichero:LOG.old
2026-10-05 12:33:44.717 [main] INFO  Controlador.Boletin1_4 - Directorio:AutofillStrikeDatabase
2026-10-05 12:33:44.717 [main] INFO  Controlador.Boletin1_4 - Fichero:LOCK
2026-10-05 12:33:44.717 [main] INFO  Controlador.Boletin1_4 - Fichero:LOG
2026-10-05 12:33:44.717 [main] INFO  Controlador.Boletin1_4 - Fichero:LOG.old
2026-10-05 12:33:44.717 [main] INFO  Controlador.Boletin1_4 - Directorio:blob_storage
2026-10-05 12:33:44.717 [main] INFO  Controlador.Boletin1_4 - Directorio:de7fc228-0319-4887-93a7-9163eb77e6dd
2026-10-05 12:33:44.717 [main] INFO  Controlador.Boletin1_4 - Fichero:BookmarkMergedSurfaceOrdering
2026-10-05 12:33:44.717 [main] INFO  Controlador.Boletin1_4 - Directorio:BudgetDatabase
2026-10-05 12:33:44.717 [main] INFO  Controlador.Boletin1_4 - Fichero:LOCK
2026-10-05 12:33:44.717 [main] INFO  Controlador.Boletin1_4 - Fichero:LOG
2026-10-05 12:33:44.717 [main] INFO  Controlador.Boletin1_4 - Fichero:LOG.old
2026-10-05 12:33:44.717 [main] INFO  Controlador.Boletin1_4 - Directorio:Cache
2026-10-05 12:33:44.717 [main] INFO  Controlador.Boletin1_4 - Directorio:Cache_Data
2026-10-05 12:33:44.718 [main] INFO  Controlador.Boletin1_4 - Fichero:data_0
2026-10-05 12:33:44.718 [main] INFO  Controlador.Boletin1_4 - Fichero:data_1
2026-10-05 12:33:44.718 [main] INFO  Controlador.Boletin1_4 - Fichero:data_2
2026-10-05 12:33:44.718 [main] INFO  Controlador.Boletin1_4 - Fichero:data_3
2026-10-05 12:33:44.718 [main] INFO  Controlador.Boletin1_4 - Fichero:f_000001
2026-10-05 12:33:44.718 [main] INFO  Controlador.Boletin1_4 - Fichero:f_000002
2026-10-05 12:33:44.718 [main] INFO  Controlador.Boletin1_4 - Fichero:f_000003
2026-10-05 12:33:44.718 [main] INFO  Controlador.Boletin1_4 - Fichero:index
2026-10-05 12:33:44.718 [main] INFO  Controlador.Boletin1_4 - Directorio:No_Vary_Search
2026-10-05 12:33:44.718 [main] INFO  Controlador.Boletin1_4 - Fichero:journal.baj
2026-10-05 12:33:44.718 [main] INFO  Controlador.Boletin1_4 - Fichero:snapshot.baf
2026-10-05 12:33:44.719 [main] INFO  Controlador.Boletin1_4 - Directorio:ClientCertificates
2026-10-05 12:33:44.719 [main] INFO  Controlador.Boletin1_4 - Fichero:LOCK
2026-10-05 12:33:44.719 [main] INFO  Controlador.Boletin1_4 - Fichero:LOG
2026-10-05 12:33:44.719 [main] INFO  Controlador.Boletin1_4 - Fichero:LOG.old
2026-10-05 12:33:44.719 [main] INFO  Controlador.Boletin1_4 - Directorio:Code Cache
2026-10-05 12:33:44.719 [main] INFO  Controlador.Boletin1_4 - Directorio:js
2026-10-05 12:33:44.719 [main] INFO  Controlador.Boletin1_4 - Fichero:e4e34bcd88cba405_0
2026-10-05 12:33:44.719 [main] INFO  Controlador.Boletin1_4 - Fichero:index
2026-10-05 12:33:44.719 [main] INFO  Controlador.Boletin1_4 - Directorio:index-dir
2026-10-05 12:33:44.719 [main] INFO  Controlador.Boletin1_4 - Fichero:the-real-index
2026-10-05 12:33:44.719 [main] INFO  Controlador.Boletin1_4 - Directorio:wasm
2026-10-05 12:33:44.720 [main] INFO  Controlador.Boletin1_4 - Fichero:index
2026-10-05 12:33:44.720 [main] INFO  Controlador.Boletin1_4 - Directorio:index-dir
2026-10-05 12:33:44.720 [main] INFO  Controlador.Boletin1_4 - Fichero:the-real-index
2026-10-05 12:33:44.720 [main] INFO  Controlador.Boletin1_4 - Directorio:commerce_subscription_db
2026-10-05 12:33:44.720 [main] INFO  Controlador.Boletin1_4 - Fichero:LOCK
2026-10-05 12:33:44.720 [main] INFO  Controlador.Boletin1_4 - Fichero:LOG
2026-10-05 12:33:44.720 [main] INFO  Controlador.Boletin1_4 - Fichero:LOG.old
2026-10-05 12:33:44.720 [main] INFO  Controlador.Boletin1_4 - Fichero:DashTrackerDatabase
2026-10-05 12:33:44.720 [main] INFO  Controlador.Boletin1_4 - Fichero:DashTrackerDatabase-journal
2026-10-05 12:33:44.720 [main] INFO  Controlador.Boletin1_4 - Directorio:DawnGraphiteCache
2026-10-05 12:33:44.721 [main] INFO  Controlador.Boletin1_4 - Fichero:data_0
2026-10-05 12:33:44.721 [main] INFO  Controlador.Boletin1_4 - Fichero:data_1
2026-10-05 12:33:44.721 [main] INFO  Controlador.Boletin1_4 - Fichero:data_2
2026-10-05 12:33:44.721 [main] INFO  Controlador.Boletin1_4 - Fichero:data_3
2026-10-05 12:33:44.721 [main] INFO  Controlador.Boletin1_4 - Fichero:index
2026-10-05 12:33:44.721 [main] INFO  Controlador.Boletin1_4 - Directorio:DawnWebGPUCache
2026-10-05 12:33:44.721 [main] INFO  Controlador.Boletin1_4 - Fichero:data_0
2026-10-05 12:33:44.721 [main] INFO  Controlador.Boletin1_4 - Fichero:data_1
2026-10-05 12:33:44.721 [main] INFO  Controlador.Boletin1_4 - Fichero:data_2
2026-10-05 12:33:44.721 [main] INFO  Controlador.Boletin1_4 - Fichero:data_3
2026-10-05 12:33:44.721 [main] INFO  Controlador.Boletin1_4 - Fichero:index
2026-10-05 12:33:44.721 [main] INFO  Controlador.Boletin1_4 - Fichero:declarative_performance_observer.db
2026-10-05 12:33:44.721 [main] INFO  Controlador.Boletin1_4 - Fichero:declarative_performance_observer.db-journal
2026-10-05 12:33:44.722 [main] INFO  Controlador.Boletin1_4 - Fichero:DIPS
2026-10-05 12:33:44.722 [main] INFO  Controlador.Boletin1_4 - Fichero:DIPS-wal
2026-10-05 12:33:44.722 [main] INFO  Controlador.Boletin1_4 - Directorio:discounts_db
2026-10-05 12:33:44.722 [main] INFO  Controlador.Boletin1_4 - Fichero:LOCK
2026-10-05 12:33:44.722 [main] INFO  Controlador.Boletin1_4 - Fichero:LOG
2026-10-05 12:33:44.722 [main] INFO  Controlador.Boletin1_4 - Fichero:LOG.old
2026-10-05 12:33:44.722 [main] INFO  Controlador.Boletin1_4 - Directorio:discount_infos_db
2026-10-05 12:33:44.722 [main] INFO  Controlador.Boletin1_4 - Fichero:LOCK
2026-10-05 12:33:44.722 [main] INFO  Controlador.Boletin1_4 - Fichero:LOG
2026-10-05 12:33:44.722 [main] INFO  Controlador.Boletin1_4 - Fichero:LOG.old
2026-10-05 12:33:44.722 [main] INFO  Controlador.Boletin1_4 - Directorio:EdgeSessions
2026-10-05 12:33:44.723 [main] INFO  Controlador.Boletin1_4 - Fichero:SessionRestoreLog
2026-10-05 12:33:44.723 [main] INFO  Controlador.Boletin1_4 - Directorio:Extension Rules
2026-10-05 12:33:44.723 [main] INFO  Controlador.Boletin1_4 - Fichero:000003.log
2026-10-05 12:33:44.723 [main] INFO  Controlador.Boletin1_4 - Fichero:CURRENT
2026-10-05 12:33:44.723 [main] INFO  Controlador.Boletin1_4 - Fichero:LOCK
2026-10-05 12:33:44.723 [main] INFO  Controlador.Boletin1_4 - Fichero:LOG
2026-10-05 12:33:44.723 [main] INFO  Controlador.Boletin1_4 - Fichero:MANIFEST-000001
2026-10-05 12:33:44.723 [main] INFO  Controlador.Boletin1_4 - Directorio:Extension Scripts
2026-10-05 12:33:44.723 [main] INFO  Controlador.Boletin1_4 - Fichero:000003.log
2026-10-05 12:33:44.723 [main] INFO  Controlador.Boletin1_4 - Fichero:CURRENT
2026-10-05 12:33:44.724 [main] INFO  Controlador.Boletin1_4 - Fichero:LOCK
2026-10-05 12:33:44.724 [main] INFO  Controlador.Boletin1_4 - Fichero:LOG
2026-10-05 12:33:44.724 [main] INFO  Controlador.Boletin1_4 - Fichero:MANIFEST-000001
2026-10-05 12:33:44.724 [main] INFO  Controlador.Boletin1_4 - Directorio:Extension State
2026-10-05 12:33:44.724 [main] INFO  Controlador.Boletin1_4 - Fichero:000003.log
2026-10-05 12:33:44.724 [main] INFO  Controlador.Boletin1_4 - Fichero:CURRENT
2026-10-05 12:33:44.724 [main] INFO  Controlador.Boletin1_4 - Fichero:LOCK
2026-10-05 12:33:44.724 [main] INFO  Controlador.Boletin1_4 - Fichero:LOG
2026-10-05 12:33:44.724 [main] INFO  Controlador.Boletin1_4 - Fichero:LOG.old
2026-10-05 12:33:44.724 [main] INFO  Controlador.Boletin1_4 - Fichero:MANIFEST-000001
2026-10-05 12:33:44.724 [main] INFO  Controlador.Boletin1_4 - Fichero:ExtensionActivityEdge
2026-10-05 12:33:44.724 [main] INFO  Controlador.Boletin1_4 - Fichero:ExtensionActivityEdge-journal
2026-10-05 12:33:44.724 [main] INFO  Controlador.Boletin1_4 - Fichero:Favicons
2026-10-05 12:33:44.725 [main] INFO  Controlador.Boletin1_4 - Fichero:Favicons-journal
2026-10-05 12:33:44.725 [main] INFO  Controlador.Boletin1_4 - Fichero:favorites_diagnostic.log
2026-10-05 12:33:44.725 [main] INFO  Controlador.Boletin1_4 - Directorio:Feature Engagement Tracker
2026-10-05 12:33:44.725 [main] INFO  Controlador.Boletin1_4 - Directorio:AvailabilityDB
2026-10-05 12:33:44.725 [main] INFO  Controlador.Boletin1_4 - Fichero:LOCK
2026-10-05 12:33:44.725 [main] INFO  Controlador.Boletin1_4 - Fichero:LOG
2026-10-05 12:33:44.725 [main] INFO  Controlador.Boletin1_4 - Fichero:LOG.old
2026-10-05 12:33:44.725 [main] INFO  Controlador.Boletin1_4 - Directorio:EventDB
2026-10-05 12:33:44.725 [main] INFO  Controlador.Boletin1_4 - Fichero:LOCK
2026-10-05 12:33:44.726 [main] INFO  Controlador.Boletin1_4 - Fichero:LOG
2026-10-05 12:33:44.726 [main] INFO  Controlador.Boletin1_4 - Fichero:LOG.old
2026-10-05 12:33:44.726 [main] INFO  Controlador.Boletin1_4 - Directorio:GPUCache
2026-10-05 12:33:44.726 [main] INFO  Controlador.Boletin1_4 - Fichero:data_0
2026-10-05 12:33:44.726 [main] INFO  Controlador.Boletin1_4 - Fichero:data_1
2026-10-05 12:33:44.726 [main] INFO  Controlador.Boletin1_4 - Fichero:data_2
2026-10-05 12:33:44.726 [main] INFO  Controlador.Boletin1_4 - Fichero:data_3
2026-10-05 12:33:44.726 [main] INFO  Controlador.Boletin1_4 - Fichero:index
2026-10-05 12:33:44.726 [main] INFO  Controlador.Boletin1_4 - Fichero:History
2026-10-05 12:33:44.726 [main] INFO  Controlador.Boletin1_4 - Fichero:History-journal
2026-10-05 12:33:44.726 [main] INFO  Controlador.Boletin1_4 - Directorio:JumpListIconsRecentWorkspacesV2
2026-10-05 12:33:44.727 [main] INFO  Controlador.Boletin1_4 - Directorio:Local Storage
2026-10-05 12:33:44.727 [main] INFO  Controlador.Boletin1_4 - Directorio:leveldb
2026-10-05 12:33:44.727 [main] INFO  Controlador.Boletin1_4 - Fichero:000003.log
2026-10-05 12:33:44.727 [main] INFO  Controlador.Boletin1_4 - Fichero:CURRENT
2026-10-05 12:33:44.727 [main] INFO  Controlador.Boletin1_4 - Fichero:LOCK
2026-10-05 12:33:44.727 [main] INFO  Controlador.Boletin1_4 - Fichero:LOG
2026-10-05 12:33:44.727 [main] INFO  Controlador.Boletin1_4 - Fichero:LOG.old
2026-10-05 12:33:44.727 [main] INFO  Controlador.Boletin1_4 - Fichero:MANIFEST-000001
2026-10-05 12:33:44.727 [main] INFO  Controlador.Boletin1_4 - Fichero:LOCK
2026-10-05 12:33:44.727 [main] INFO  Controlador.Boletin1_4 - Fichero:LOG
2026-10-05 12:33:44.727 [main] INFO  Controlador.Boletin1_4 - Fichero:LOG.old
2026-10-05 12:33:44.728 [main] INFO  Controlador.Boletin1_4 - Fichero:Login Data
2026-10-05 12:33:44.728 [main] INFO  Controlador.Boletin1_4 - Fichero:Login Data For Account
2026-10-05 12:33:44.728 [main] INFO  Controlador.Boletin1_4 - Fichero:Login Data For Account-journal
2026-10-05 12:33:44.728 [main] INFO  Controlador.Boletin1_4 - Fichero:Login Data-journal
2026-10-05 12:33:44.728 [main] INFO  Controlador.Boletin1_4 - Directorio:Network
2026-10-05 12:33:44.729 [main] INFO  Controlador.Boletin1_4 - Fichero:Cookies
2026-10-05 12:33:44.729 [main] INFO  Controlador.Boletin1_4 - Fichero:Cookies-journal
2026-10-05 12:33:44.729 [main] INFO  Controlador.Boletin1_4 - Fichero:Device Bound Sessions
2026-10-05 12:33:44.729 [main] INFO  Controlador.Boletin1_4 - Fichero:Device Bound Sessions-journal
2026-10-05 12:33:44.729 [main] INFO  Controlador.Boletin1_4 - Fichero:Network Persistent State
2026-10-05 12:33:44.729 [main] INFO  Controlador.Boletin1_4 - Fichero:NetworkDataMigrated
2026-10-05 12:33:44.729 [main] INFO  Controlador.Boletin1_4 - Fichero:Reporting and NEL
2026-10-05 12:33:44.729 [main] INFO  Controlador.Boletin1_4 - Fichero:Reporting and NEL-journal
2026-10-05 12:33:44.729 [main] INFO  Controlador.Boletin1_4 - Fichero:SCT Auditing Pending Reports
2026-10-05 12:33:44.729 [main] INFO  Controlador.Boletin1_4 - Fichero:Sdch Dictionaries
2026-10-05 12:33:44.729 [main] INFO  Controlador.Boletin1_4 - Fichero:TransportSecurity
2026-10-05 12:33:44.729 [main] INFO  Controlador.Boletin1_4 - Fichero:Trust Tokens
2026-10-05 12:33:44.729 [main] INFO  Controlador.Boletin1_4 - Fichero:Trust Tokens-journal
2026-10-05 12:33:44.729 [main] INFO  Controlador.Boletin1_4 - Fichero:Network Action Predictor
2026-10-05 12:33:44.729 [main] INFO  Controlador.Boletin1_4 - Fichero:Network Action Predictor-journal
2026-10-05 12:33:44.730 [main] INFO  Controlador.Boletin1_4 - Directorio:optimization_guide_hint_cache_store
2026-10-05 12:33:44.730 [main] INFO  Controlador.Boletin1_4 - Fichero:LOCK
2026-10-05 12:33:44.730 [main] INFO  Controlador.Boletin1_4 - Fichero:LOG
2026-10-05 12:33:44.730 [main] INFO  Controlador.Boletin1_4 - Fichero:LOG.old
2026-10-05 12:33:44.730 [main] INFO  Controlador.Boletin1_4 - Directorio:parcel_tracking_db
2026-10-05 12:33:44.730 [main] INFO  Controlador.Boletin1_4 - Fichero:LOCK
2026-10-05 12:33:44.730 [main] INFO  Controlador.Boletin1_4 - Fichero:LOG
2026-10-05 12:33:44.730 [main] INFO  Controlador.Boletin1_4 - Fichero:LOG.old
2026-10-05 12:33:44.730 [main] INFO  Controlador.Boletin1_4 - Directorio:PersistentOriginTrials
2026-10-05 12:33:44.731 [main] INFO  Controlador.Boletin1_4 - Fichero:LOCK
2026-10-05 12:33:44.731 [main] INFO  Controlador.Boletin1_4 - Fichero:LOG
2026-10-05 12:33:44.731 [main] INFO  Controlador.Boletin1_4 - Fichero:LOG.old
2026-10-05 12:33:44.731 [main] INFO  Controlador.Boletin1_4 - Fichero:Preferences
2026-10-05 12:33:44.731 [main] INFO  Controlador.Boletin1_4 - Fichero:README
2026-10-05 12:33:44.731 [main] INFO  Controlador.Boletin1_4 - Fichero:Secure Preferences
2026-10-05 12:33:44.731 [main] INFO  Controlador.Boletin1_4 - Fichero:ServerCertificate
2026-10-05 12:33:44.731 [main] INFO  Controlador.Boletin1_4 - Fichero:ServerCertificate-journal
2026-10-05 12:33:44.731 [main] INFO  Controlador.Boletin1_4 - Directorio:Session Storage
2026-10-05 12:33:44.731 [main] INFO  Controlador.Boletin1_4 - Fichero:000003.log
2026-10-05 12:33:44.731 [main] INFO  Controlador.Boletin1_4 - Fichero:CURRENT
2026-10-05 12:33:44.731 [main] INFO  Controlador.Boletin1_4 - Fichero:LOCK
2026-10-05 12:33:44.731 [main] INFO  Controlador.Boletin1_4 - Fichero:LOG
2026-10-05 12:33:44.731 [main] INFO  Controlador.Boletin1_4 - Fichero:MANIFEST-000001
2026-10-05 12:33:44.731 [main] INFO  Controlador.Boletin1_4 - Directorio:Sessions
2026-10-05 12:33:44.732 [main] INFO  Controlador.Boletin1_4 - Fichero:settings_diagnostic.log
2026-10-05 12:33:44.732 [main] INFO  Controlador.Boletin1_4 - Directorio:Shared Dictionary
2026-10-05 12:33:44.732 [main] INFO  Controlador.Boletin1_4 - Directorio:cache
2026-10-05 12:33:44.732 [main] INFO  Controlador.Boletin1_4 - Fichero:index
2026-10-05 12:33:44.732 [main] INFO  Controlador.Boletin1_4 - Directorio:index-dir
2026-10-05 12:33:44.732 [main] INFO  Controlador.Boletin1_4 - Fichero:the-real-index
2026-10-05 12:33:44.732 [main] INFO  Controlador.Boletin1_4 - Fichero:db
2026-10-05 12:33:44.732 [main] INFO  Controlador.Boletin1_4 - Fichero:db-journal
2026-10-05 12:33:44.732 [main] INFO  Controlador.Boletin1_4 - Directorio:shared_proto_db
2026-10-05 12:33:44.733 [main] INFO  Controlador.Boletin1_4 - Fichero:000003.log
2026-10-05 12:33:44.733 [main] INFO  Controlador.Boletin1_4 - Fichero:CURRENT
2026-10-05 12:33:44.733 [main] INFO  Controlador.Boletin1_4 - Fichero:LOCK
2026-10-05 12:33:44.733 [main] INFO  Controlador.Boletin1_4 - Fichero:LOG
2026-10-05 12:33:44.733 [main] INFO  Controlador.Boletin1_4 - Fichero:LOG.old
2026-10-05 12:33:44.733 [main] INFO  Controlador.Boletin1_4 - Fichero:MANIFEST-000001
2026-10-05 12:33:44.733 [main] INFO  Controlador.Boletin1_4 - Directorio:metadata
2026-10-05 12:33:44.733 [main] INFO  Controlador.Boletin1_4 - Fichero:000003.log
2026-10-05 12:33:44.733 [main] INFO  Controlador.Boletin1_4 - Fichero:CURRENT
2026-10-05 12:33:44.733 [main] INFO  Controlador.Boletin1_4 - Fichero:LOCK
2026-10-05 12:33:44.733 [main] INFO  Controlador.Boletin1_4 - Fichero:LOG
2026-10-05 12:33:44.733 [main] INFO  Controlador.Boletin1_4 - Fichero:LOG.old
2026-10-05 12:33:44.734 [main] INFO  Controlador.Boletin1_4 - Fichero:MANIFEST-000001
2026-10-05 12:33:44.734 [main] INFO  Controlador.Boletin1_4 - Directorio:Site Characteristics Database
2026-10-05 12:33:44.734 [main] INFO  Controlador.Boletin1_4 - Fichero:000003.log
2026-10-05 12:33:44.734 [main] INFO  Controlador.Boletin1_4 - Fichero:CURRENT
2026-10-05 12:33:44.734 [main] INFO  Controlador.Boletin1_4 - Fichero:LOCK
2026-10-05 12:33:44.734 [main] INFO  Controlador.Boletin1_4 - Fichero:LOG
2026-10-05 12:33:44.734 [main] INFO  Controlador.Boletin1_4 - Fichero:LOG.old
2026-10-05 12:33:44.734 [main] INFO  Controlador.Boletin1_4 - Fichero:MANIFEST-000001
2026-10-05 12:33:44.734 [main] INFO  Controlador.Boletin1_4 - Directorio:Sync Data
2026-10-05 12:33:44.734 [main] INFO  Controlador.Boletin1_4 - Directorio:LevelDB
2026-10-05 12:33:44.734 [main] INFO  Controlador.Boletin1_4 - Fichero:000003.log
2026-10-05 12:33:44.735 [main] INFO  Controlador.Boletin1_4 - Fichero:CURRENT
2026-10-05 12:33:44.735 [main] INFO  Controlador.Boletin1_4 - Fichero:LOCK
2026-10-05 12:33:44.735 [main] INFO  Controlador.Boletin1_4 - Fichero:LOG
2026-10-05 12:33:44.735 [main] INFO  Controlador.Boletin1_4 - Fichero:LOG.old
2026-10-05 12:33:44.735 [main] INFO  Controlador.Boletin1_4 - Fichero:MANIFEST-000001
2026-10-05 12:33:44.735 [main] INFO  Controlador.Boletin1_4 - Fichero:Top Sites
2026-10-05 12:33:44.735 [main] INFO  Controlador.Boletin1_4 - Fichero:Top Sites-journal
2026-10-05 12:33:44.735 [main] INFO  Controlador.Boletin1_4 - Fichero:Vpn Tokens
2026-10-05 12:33:44.735 [main] INFO  Controlador.Boletin1_4 - Fichero:Vpn Tokens-journal
2026-10-05 12:33:44.735 [main] INFO  Controlador.Boletin1_4 - Fichero:Web Data
2026-10-05 12:33:44.735 [main] INFO  Controlador.Boletin1_4 - Fichero:Web Data-journal
2026-10-05 12:33:44.735 [main] INFO  Controlador.Boletin1_4 - Directorio:extensions_crx_cache
2026-10-05 12:33:44.735 [main] INFO  Controlador.Boletin1_4 - Fichero:metadata.json
2026-10-05 12:33:44.736 [main] INFO  Controlador.Boletin1_4 - Directorio:GPUPersistentCache
2026-10-05 12:33:44.736 [main] INFO  Controlador.Boletin1_4 - Directorio:DawnGraphiteCache
2026-10-05 12:33:44.736 [main] INFO  Controlador.Boletin1_4 - Directorio:H6POMLZSBZPTMTLBCTMXRDH27BAKUDTA
2026-10-05 12:33:44.736 [main] INFO  Controlador.Boletin1_4 - Fichero:cache.db
2026-10-05 12:33:44.736 [main] INFO  Controlador.Boletin1_4 - Fichero:cache.db-wal
2026-10-05 12:33:44.736 [main] INFO  Controlador.Boletin1_4 - Fichero:cache.journal
2026-10-05 12:33:44.736 [main] INFO  Controlador.Boletin1_4 - Directorio:GrShaderCache
2026-10-05 12:33:44.736 [main] INFO  Controlador.Boletin1_4 - Fichero:data_0
2026-10-05 12:33:44.737 [main] INFO  Controlador.Boletin1_4 - Fichero:data_1
2026-10-05 12:33:44.737 [main] INFO  Controlador.Boletin1_4 - Fichero:data_2
2026-10-05 12:33:44.737 [main] INFO  Controlador.Boletin1_4 - Fichero:data_3
2026-10-05 12:33:44.737 [main] INFO  Controlador.Boletin1_4 - Fichero:f_000001
2026-10-05 12:33:44.737 [main] INFO  Controlador.Boletin1_4 - Fichero:f_000002
2026-10-05 12:33:44.737 [main] INFO  Controlador.Boletin1_4 - Fichero:f_000003
2026-10-05 12:33:44.737 [main] INFO  Controlador.Boletin1_4 - Fichero:f_000004
2026-10-05 12:33:44.737 [main] INFO  Controlador.Boletin1_4 - Fichero:index
2026-10-05 12:33:44.737 [main] INFO  Controlador.Boletin1_4 - Directorio:hyphen-data
2026-10-05 12:33:44.737 [main] INFO  Controlador.Boletin1_4 - Directorio:120.0.6050.0
2026-10-05 12:33:44.737 [main] INFO  Controlador.Boletin1_4 - Fichero:hyph-af.hyb
2026-10-05 12:33:44.737 [main] INFO  Controlador.Boletin1_4 - Fichero:hyph-as.hyb
2026-10-05 12:33:44.737 [main] INFO  Controlador.Boletin1_4 - Fichero:hyph-be.hyb
2026-10-05 12:33:44.737 [main] INFO  Controlador.Boletin1_4 - Fichero:hyph-bg.hyb
2026-10-05 12:33:44.737 [main] INFO  Controlador.Boletin1_4 - Fichero:hyph-bn.hyb
2026-10-05 12:33:44.737 [main] INFO  Controlador.Boletin1_4 - Fichero:hyph-cs.hyb
2026-10-05 12:33:44.738 [main] INFO  Controlador.Boletin1_4 - Fichero:hyph-cu.hyb
2026-10-05 12:33:44.738 [main] INFO  Controlador.Boletin1_4 - Fichero:hyph-cy.hyb
2026-10-05 12:33:44.738 [main] INFO  Controlador.Boletin1_4 - Fichero:hyph-da.hyb
2026-10-05 12:33:44.738 [main] INFO  Controlador.Boletin1_4 - Fichero:hyph-de-1901.hyb
2026-10-05 12:33:44.738 [main] INFO  Controlador.Boletin1_4 - Fichero:hyph-de-1996.hyb
2026-10-05 12:33:44.738 [main] INFO  Controlador.Boletin1_4 - Fichero:hyph-de-ch-1901.hyb
2026-10-05 12:33:44.738 [main] INFO  Controlador.Boletin1_4 - Fichero:hyph-el.hyb
2026-10-05 12:33:44.738 [main] INFO  Controlador.Boletin1_4 - Fichero:hyph-en-gb.hyb
2026-10-05 12:33:44.738 [main] INFO  Controlador.Boletin1_4 - Fichero:hyph-en-us.hyb
2026-10-05 12:33:44.738 [main] INFO  Controlador.Boletin1_4 - Fichero:hyph-es.hyb
2026-10-05 12:33:44.738 [main] INFO  Controlador.Boletin1_4 - Fichero:hyph-et.hyb
2026-10-05 12:33:44.738 [main] INFO  Controlador.Boletin1_4 - Fichero:hyph-eu.hyb
2026-10-05 12:33:44.738 [main] INFO  Controlador.Boletin1_4 - Fichero:hyph-fr.hyb
2026-10-05 12:33:44.738 [main] INFO  Controlador.Boletin1_4 - Fichero:hyph-ga.hyb
2026-10-05 12:33:44.738 [main] INFO  Controlador.Boletin1_4 - Fichero:hyph-gl.hyb
2026-10-05 12:33:44.738 [main] INFO  Controlador.Boletin1_4 - Fichero:hyph-gu.hyb
2026-10-05 12:33:44.738 [main] INFO  Controlador.Boletin1_4 - Fichero:hyph-hi.hyb
2026-10-05 12:33:44.738 [main] INFO  Controlador.Boletin1_4 - Fichero:hyph-hr.hyb
2026-10-05 12:33:44.738 [main] INFO  Controlador.Boletin1_4 - Fichero:hyph-hu.hyb
2026-10-05 12:33:44.739 [main] INFO  Controlador.Boletin1_4 - Fichero:hyph-hy.hyb
2026-10-05 12:33:44.739 [main] INFO  Controlador.Boletin1_4 - Fichero:hyph-it.hyb
2026-10-05 12:33:44.739 [main] INFO  Controlador.Boletin1_4 - Fichero:hyph-ka.hyb
2026-10-05 12:33:44.739 [main] INFO  Controlador.Boletin1_4 - Fichero:hyph-kn.hyb
2026-10-05 12:33:44.739 [main] INFO  Controlador.Boletin1_4 - Fichero:hyph-la.hyb
2026-10-05 12:33:44.739 [main] INFO  Controlador.Boletin1_4 - Fichero:hyph-lt.hyb
2026-10-05 12:33:44.739 [main] INFO  Controlador.Boletin1_4 - Fichero:hyph-lv.hyb
2026-10-05 12:33:44.739 [main] INFO  Controlador.Boletin1_4 - Fichero:hyph-ml.hyb
2026-10-05 12:33:44.739 [main] INFO  Controlador.Boletin1_4 - Fichero:hyph-mn-cyrl.hyb
2026-10-05 12:33:44.739 [main] INFO  Controlador.Boletin1_4 - Fichero:hyph-mr.hyb
2026-10-05 12:33:44.739 [main] INFO  Controlador.Boletin1_4 - Fichero:hyph-mul-ethi.hyb
2026-10-05 12:33:44.739 [main] INFO  Controlador.Boletin1_4 - Fichero:hyph-nb.hyb
2026-10-05 12:33:44.739 [main] INFO  Controlador.Boletin1_4 - Fichero:hyph-nl.hyb
2026-10-05 12:33:44.739 [main] INFO  Controlador.Boletin1_4 - Fichero:hyph-nn.hyb
2026-10-05 12:33:44.739 [main] INFO  Controlador.Boletin1_4 - Fichero:hyph-or.hyb
2026-10-05 12:33:44.739 [main] INFO  Controlador.Boletin1_4 - Fichero:hyph-pa.hyb
2026-10-05 12:33:44.739 [main] INFO  Controlador.Boletin1_4 - Fichero:hyph-pt.hyb
2026-10-05 12:33:44.739 [main] INFO  Controlador.Boletin1_4 - Fichero:hyph-ru.hyb
2026-10-05 12:33:44.740 [main] INFO  Controlador.Boletin1_4 - Fichero:hyph-sk.hyb
2026-10-05 12:33:44.740 [main] INFO  Controlador.Boletin1_4 - Fichero:hyph-sl.hyb
2026-10-05 12:33:44.740 [main] INFO  Controlador.Boletin1_4 - Fichero:hyph-sq.hyb
2026-10-05 12:33:44.740 [main] INFO  Controlador.Boletin1_4 - Fichero:hyph-sv.hyb
2026-10-05 12:33:44.740 [main] INFO  Controlador.Boletin1_4 - Fichero:hyph-ta.hyb
2026-10-05 12:33:44.740 [main] INFO  Controlador.Boletin1_4 - Fichero:hyph-te.hyb
2026-10-05 12:33:44.740 [main] INFO  Controlador.Boletin1_4 - Fichero:hyph-tk.hyb
2026-10-05 12:33:44.740 [main] INFO  Controlador.Boletin1_4 - Fichero:hyph-uk.hyb
2026-10-05 12:33:44.740 [main] INFO  Controlador.Boletin1_4 - Fichero:hyph-und-ethi.hyb
2026-10-05 12:33:44.740 [main] INFO  Controlador.Boletin1_4 - Fichero:manifest.json
2026-10-05 12:33:44.740 [main] INFO  Controlador.Boletin1_4 - Directorio:_metadata
2026-10-05 12:33:44.740 [main] INFO  Controlador.Boletin1_4 - Fichero:verified_contents.json
2026-10-05 12:33:44.740 [main] INFO  Controlador.Boletin1_4 - Fichero:Last Version
2026-10-05 12:33:44.741 [main] INFO  Controlador.Boletin1_4 - Fichero:Local State
2026-10-05 12:33:44.741 [main] INFO  Controlador.Boletin1_4 - Fichero:lockfile
2026-10-05 12:33:44.741 [main] INFO  Controlador.Boletin1_4 - Directorio:MEIPreload
2026-10-05 12:33:44.741 [main] INFO  Controlador.Boletin1_4 - Directorio:OriginTrials
2026-10-05 12:33:44.741 [main] INFO  Controlador.Boletin1_4 - Directorio:0.0.1.7
2026-10-05 12:33:44.741 [main] INFO  Controlador.Boletin1_4 - Fichero:manifest.json
2026-10-05 12:33:44.741 [main] INFO  Controlador.Boletin1_4 - Directorio:PKIMetadata
2026-10-05 12:33:44.741 [main] INFO  Controlador.Boletin1_4 - Directorio:46.0.0.0
2026-10-05 12:33:44.741 [main] INFO  Controlador.Boletin1_4 - Fichero:crs.pb
2026-10-05 12:33:44.741 [main] INFO  Controlador.Boletin1_4 - Fichero:ct_config.pb
2026-10-05 12:33:44.742 [main] INFO  Controlador.Boletin1_4 - Fichero:kp_pinslist.pb
2026-10-05 12:33:44.742 [main] INFO  Controlador.Boletin1_4 - Fichero:manifest.json
2026-10-05 12:33:44.742 [main] INFO  Controlador.Boletin1_4 - Directorio:ShaderCache
2026-10-05 12:33:44.742 [main] INFO  Controlador.Boletin1_4 - Fichero:data_0
2026-10-05 12:33:44.742 [main] INFO  Controlador.Boletin1_4 - Fichero:data_1
2026-10-05 12:33:44.742 [main] INFO  Controlador.Boletin1_4 - Fichero:data_2
2026-10-05 12:33:44.742 [main] INFO  Controlador.Boletin1_4 - Fichero:data_3
2026-10-05 12:33:44.742 [main] INFO  Controlador.Boletin1_4 - Fichero:index
2026-10-05 12:33:44.742 [main] INFO  Controlador.Boletin1_4 - Directorio:SmartScreen
2026-10-05 12:33:44.742 [main] INFO  Controlador.Boletin1_4 - Directorio:local
2026-10-05 12:33:44.742 [main] INFO  Controlador.Boletin1_4 - Fichero:downloadCache
2026-10-05 12:33:44.742 [main] INFO  Controlador.Boletin1_4 - Fichero:downloadCache_
2026-10-05 12:33:44.742 [main] INFO  Controlador.Boletin1_4 - Fichero:uriCache
2026-10-05 12:33:44.743 [main] INFO  Controlador.Boletin1_4 - Fichero:uriCache_
2026-10-05 12:33:44.743 [main] INFO  Controlador.Boletin1_4 - Directorio:RemoteData
2026-10-05 12:33:44.743 [main] INFO  Controlador.Boletin1_4 - Fichero:customSettings
2026-10-05 12:33:44.743 [main] INFO  Controlador.Boletin1_4 - Fichero:customSettings_F95BA787499AB4FA9EFFF472CE383A14
2026-10-05 12:33:44.743 [main] INFO  Controlador.Boletin1_4 - Fichero:edgeSettings
2026-10-05 12:33:44.743 [main] INFO  Controlador.Boletin1_4 - Fichero:edgeSettings_2.0-a82cb2897a8bf9445d68dcc2be05af89ad4b2fda1fddb2952693be7cd5353ad3
2026-10-05 12:33:44.743 [main] INFO  Controlador.Boletin1_4 - Fichero:topTraffic
2026-10-05 12:33:44.743 [main] INFO  Controlador.Boletin1_4 - Fichero:topTraffic_638004170464094982
2026-10-05 12:33:44.743 [main] INFO  Controlador.Boletin1_4 - Directorio:Speech Recognition
2026-10-05 12:33:44.743 [main] INFO  Controlador.Boletin1_4 - Directorio:1.15.0.1
2026-10-05 12:33:44.743 [main] INFO  Controlador.Boletin1_4 - Fichero:manifest.json
2026-10-05 12:33:44.743 [main] INFO  Controlador.Boletin1_4 - Fichero:Microsoft.CognitiveServices.Speech.core.dll
2026-10-05 12:33:44.743 [main] INFO  Controlador.Boletin1_4 - Directorio:Subresource Filter
2026-10-05 12:33:44.744 [main] INFO  Controlador.Boletin1_4 - Directorio:Indexed Rules
2026-10-05 12:33:44.744 [main] INFO  Controlador.Boletin1_4 - Directorio:38
2026-10-05 12:33:44.744 [main] INFO  Controlador.Boletin1_4 - Directorio:10.34.0.84
2026-10-05 12:33:44.744 [main] INFO  Controlador.Boletin1_4 - Fichero:LICENSE
2026-10-05 12:33:44.744 [main] INFO  Controlador.Boletin1_4 - Fichero:Ruleset Data
2026-10-05 12:33:44.744 [main] INFO  Controlador.Boletin1_4 - Directorio:Unindexed Rules
2026-10-05 12:33:44.744 [main] INFO  Controlador.Boletin1_4 - Directorio:10.34.0.84
2026-10-05 12:33:44.744 [main] INFO  Controlador.Boletin1_4 - Fichero:adblock_snippet.js
2026-10-05 12:33:44.745 [main] INFO  Controlador.Boletin1_4 - Fichero:Filtering Rules
2026-10-05 12:33:44.745 [main] INFO  Controlador.Boletin1_4 - Fichero:Filtering Rules-AA
2026-10-05 12:33:44.745 [main] INFO  Controlador.Boletin1_4 - Fichero:Filtering Rules-CA
2026-10-05 12:33:44.745 [main] INFO  Controlador.Boletin1_4 - Fichero:LICENSE
2026-10-05 12:33:44.745 [main] INFO  Controlador.Boletin1_4 - Fichero:manifest.json
2026-10-05 12:33:44.745 [main] INFO  Controlador.Boletin1_4 - Fichero:Part-DE
2026-10-05 12:33:44.745 [main] INFO  Controlador.Boletin1_4 - Fichero:Part-ES
2026-10-05 12:33:44.745 [main] INFO  Controlador.Boletin1_4 - Fichero:Part-FR
2026-10-05 12:33:44.745 [main] INFO  Controlador.Boletin1_4 - Fichero:Part-IT
2026-10-05 12:33:44.745 [main] INFO  Controlador.Boletin1_4 - Fichero:Part-NL
2026-10-05 12:33:44.745 [main] INFO  Controlador.Boletin1_4 - Fichero:Part-RU
2026-10-05 12:33:44.745 [main] INFO  Controlador.Boletin1_4 - Fichero:Part-ZH
2026-10-05 12:33:44.745 [main] INFO  Controlador.Boletin1_4 - Directorio:Trust Protection Lists
2026-10-05 12:33:44.745 [main] INFO  Controlador.Boletin1_4 - Directorio:TrustTokenKeyCommitments
2026-10-05 12:33:44.745 [main] INFO  Controlador.Boletin1_4 - Directorio:2026.8.3.1
2026-10-05 12:33:44.746 [main] INFO  Controlador.Boletin1_4 - Fichero:keys.json
2026-10-05 12:33:44.746 [main] INFO  Controlador.Boletin1_4 - Fichero:LICENSE
2026-10-05 12:33:44.746 [main] INFO  Controlador.Boletin1_4 - Fichero:manifest.json
2026-10-05 12:33:44.746 [main] INFO  Controlador.Boletin1_4 - Directorio:_metadata
2026-10-05 12:33:44.746 [main] INFO  Controlador.Boletin1_4 - Fichero:verified_contents.json
2026-10-05 12:33:44.746 [main] INFO  Controlador.Boletin1_4 - Fichero:Variations
2026-10-05 12:33:44.746 [main] INFO  Controlador.Boletin1_4 - Fichero:VariationsRuntimeSeedV2
2026-10-05 12:33:44.746 [main] INFO  Controlador.Boletin1_4 - Fichero:VariationsSafeSeedV2
2026-10-05 12:33:44.746 [main] INFO  Controlador.Boletin1_4 - Fichero:VariationsSeedV2
2026-10-05 12:33:44.746 [main] INFO  Controlador.Boletin1_4 - Directorio:WidevineCdm
2026-10-05 12:33:44.746 [main] INFO  Controlador.Boletin1_4 - Directorio:org.eclipse.terminal.view.ui
2026-10-05 12:33:44.746 [main] INFO  Controlador.Boletin1_4 - Directorio:.executables
2026-10-05 12:33:44.747 [main] INFO  Controlador.Boletin1_4 - Fichero:data.properties
2026-10-05 12:33:44.747 [main] INFO  Controlador.Boletin1_4 - Directorio:org.eclipse.tips.ide
2026-10-05 12:33:44.747 [main] INFO  Controlador.Boletin1_4 - Directorio:org.eclipse.ui.intro
2026-10-05 12:33:44.747 [main] INFO  Controlador.Boletin1_4 - Fichero:introstate
2026-10-05 12:33:44.747 [main] INFO  Controlador.Boletin1_4 - Directorio:org.eclipse.ui.workbench
2026-10-05 12:33:44.747 [main] INFO  Controlador.Boletin1_4 - Fichero:workingsets.xml
2026-10-05 12:33:44.747 [main] INFO  Controlador.Boletin1_4 - Directorio:org.eclipse.wst.common.modulecore
2026-10-05 12:33:44.747 [main] INFO  Controlador.Boletin1_4 - Directorio:org.eclipse.wst.jsdt.core
2026-10-05 12:33:44.747 [main] INFO  Controlador.Boletin1_4 - Fichero:externalLibsTimeStamps
2026-10-05 12:33:44.748 [main] INFO  Controlador.Boletin1_4 - Directorio:indexes
2026-10-05 12:33:44.748 [main] INFO  Controlador.Boletin1_4 - Directorio:libraries
2026-10-05 12:33:44.748 [main] INFO  Controlador.Boletin1_4 - Fichero:baseBrowserLibrary.js
2026-10-05 12:33:44.748 [main] INFO  Controlador.Boletin1_4 - Fichero:browserWindow.js
2026-10-05 12:33:44.748 [main] INFO  Controlador.Boletin1_4 - Fichero:dom5.js
2026-10-05 12:33:44.748 [main] INFO  Controlador.Boletin1_4 - Fichero:system.js
2026-10-05 12:33:44.748 [main] INFO  Controlador.Boletin1_4 - Fichero:xhr.js
2026-10-05 12:33:44.749 [main] INFO  Controlador.Boletin1_4 - Fichero:variablesAndContainers.dat
2026-10-05 12:33:44.749 [main] INFO  Controlador.Boletin1_4 - Directorio:org.eclipse.wst.jsdt.ui
2026-10-05 12:33:44.749 [main] INFO  Controlador.Boletin1_4 - Directorio:org.eclipse.wst.server.core
2026-10-05 12:33:44.749 [main] INFO  Controlador.Boletin1_4 - Directorio:org.eclipse.wst.sse.core
2026-10-05 12:33:44.749 [main] INFO  Controlador.Boletin1_4 - Fichero:task-tags.properties
2026-10-05 12:33:44.749 [main] INFO  Controlador.Boletin1_4 - Fichero:version.ini
2026-10-05 12:33:44.749 [main] INFO  Controlador.Boletin1_4 - Fichero:Readme+.txt
2026-10-05 12:33:44.749 [main] INFO  Controlador.Boletin1_4 - Directorio:Unidad1_Multiprocesos
2026-10-05 12:33:44.749 [main] INFO  Controlador.Boletin1_4 - Fichero:.classpath
2026-10-05 12:33:44.749 [main] INFO  Controlador.Boletin1_4 - Fichero:.gitignore
2026-10-05 12:33:44.750 [main] INFO  Controlador.Boletin1_4 - Fichero:.project
2026-10-05 12:33:44.750 [main] INFO  Controlador.Boletin1_4 - Directorio:.settings
2026-10-05 12:33:44.750 [main] INFO  Controlador.Boletin1_4 - Fichero:org.eclipse.jdt.core.prefs
2026-10-05 12:33:44.750 [main] INFO  Controlador.Boletin1_4 - Fichero:org.eclipse.m2e.core.prefs
2026-10-05 12:33:44.750 [main] INFO  Controlador.Boletin1_4 - Fichero:pom.xml
2026-10-05 12:33:44.750 [main] INFO  Controlador.Boletin1_4 - Directorio:src
2026-10-05 12:33:44.750 [main] INFO  Controlador.Boletin1_4 - Directorio:main
2026-10-05 12:33:44.750 [main] INFO  Controlador.Boletin1_4 - Directorio:java
2026-10-05 12:33:44.750 [main] INFO  Controlador.Boletin1_4 - Directorio:Controlador
2026-10-05 12:33:44.750 [main] INFO  Controlador.Boletin1_4 - Fichero:MainPrueba.java
2026-10-05 12:33:44.750 [main] INFO  Controlador.Boletin1_4 - Directorio:resources
2026-10-05 12:33:44.751 [main] INFO  Controlador.Boletin1_4 - Directorio:test
2026-10-05 12:33:44.751 [main] INFO  Controlador.Boletin1_4 - Directorio:java
2026-10-05 12:33:44.751 [main] INFO  Controlador.Boletin1_4 - Directorio:resources
2026-10-05 12:33:44.751 [main] INFO  Controlador.Boletin1_4 - Directorio:target
2026-10-05 12:33:44.751 [main] INFO  Controlador.Boletin1_4 - Directorio:classes
2026-10-05 12:33:44.751 [main] INFO  Controlador.Boletin1_4 - Directorio:Controlador
2026-10-05 12:33:44.751 [main] INFO  Controlador.Boletin1_4 - Fichero:MainPrueba.class
2026-10-05 12:33:44.751 [main] INFO  Controlador.Boletin1_4 - Directorio:META-INF
2026-10-05 12:33:44.752 [main] INFO  Controlador.Boletin1_4 - Fichero:MANIFEST.MF
2026-10-05 12:33:44.752 [main] INFO  Controlador.Boletin1_4 - Directorio:maven
2026-10-05 12:33:44.752 [main] INFO  Controlador.Boletin1_4 - Directorio:Unidad1_Multiprocesos
2026-10-05 12:33:44.752 [main] INFO  Controlador.Boletin1_4 - Directorio:Unidad1_Multiprocesos
2026-10-05 12:33:44.752 [main] INFO  Controlador.Boletin1_4 - Fichero:pom.properties
2026-10-05 12:33:44.752 [main] INFO  Controlador.Boletin1_4 - Fichero:pom.xml
2026-10-05 12:33:44.752 [main] INFO  Controlador.Boletin1_4 - Directorio:test-classes
2026-10-05 13:46:03.340 [main] INFO  Controlador.Boletin1_2 - Introduce la ruta del directorio
2026-10-05 13:46:09.480 [main] INFO  Controlador.Boletin1_2 - Nombre: 
2026-10-05 13:46:09.480 [main] INFO  Controlador.Boletin1_2 - Ruta tal como se ha escrito: 
2026-10-05 13:46:48.691 [main] INFO  Controlador.Boletin1_2 - Introduce la ruta del directorio
2026-10-05 13:46:53.696 [main] INFO  Controlador.Boletin1_2 - Nombre: Desktop
2026-10-05 13:46:53.697 [main] INFO  Controlador.Boletin1_2 - Ruta tal como se ha escrito: 
2026-10-05 13:47:08.886 [main] INFO  Controlador.Boletin1_2 - Introduce la ruta del directorio
2026-10-05 13:47:13.424 [main] INFO  Controlador.Boletin1_2 - Nombre: Desktop
2026-10-05 13:47:13.424 [main] INFO  Controlador.Boletin1_2 - Ruta tal como se ha escrito: Desktop
2026-10-05 13:49:01.928 [main] INFO  Controlador.Boletin1_2 - Introduce la ruta del directorio
2026-10-05 13:49:05.691 [main] INFO  Controlador.Boletin1_2 - Nombre: Desktop
2026-10-05 13:49:05.691 [main] INFO  Controlador.Boletin1_2 - Ruta tal como se ha escrito: Desktop
2026-10-05 13:49:05.692 [main] INFO  Controlador.Boletin1_2 - Ruta absoluta: C:\Users\Usuario\Desktop
2026-10-05 13:49:05.692 [main] INFO  Controlador.Boletin1_2 - Ruta canónica: C:\Users\Usuario\Desktop
2026-10-05 13:50:52.960 [main] INFO  Controlador.Boletin1_2 - Introduce la ruta del directorio
2026-10-05 13:50:56.373 [main] INFO  Controlador.Boletin1_2 - Nombre: Desktop
2026-10-05 13:50:56.373 [main] INFO  Controlador.Boletin1_2 - Ruta tal como se ha escrito: Desktop
2026-10-05 13:50:56.373 [main] INFO  Controlador.Boletin1_2 - Ruta absoluta: C:\Users\Usuario\Desktop
2026-10-05 13:50:56.374 [main] INFO  Controlador.Boletin1_2 - Ruta canónica: C:\Users\Usuario\Desktop
2026-10-05 13:50:56.374 [main] INFO  Controlador.Boletin1_2 - Directorio padre: C:\Users\Usuario
2026-10-05 21:30:25.150 [main] INFO  Controlador.Boletin1_4 - Fichero:Desktop
2026-10-05 21:33:39.498 [main] INFO  Controlador.Boletin1_2 - Introduce la ruta del directorio
2026-10-05 21:34:23.376 [main] INFO  Controlador.Boletin1_2 - Introduce la ruta del directorio
2026-10-05 21:34:42.603 [main] INFO  Controlador.Boletin1_2 - Introduce la ruta del directorio
2026-10-05 21:35:07.852 [main] INFO  Controlador.Boletin1_2 - Introduce la ruta del directorio
2026-10-05 21:37:32.171 [main] INFO  Controlador.Boletin1_2 - Introduce la ruta del directorio
2026-10-05 21:37:35.273 [main] INFO  Controlador.Boletin1_2 - Nombre: Desktop
2026-10-05 21:37:35.274 [main] INFO  Controlador.Boletin1_2 - Ruta tal como se ha escrito: Desktop
2026-10-05 21:37:35.274 [main] INFO  Controlador.Boletin1_2 - Ruta absoluta: C:\Users\Usuario\Desktop
2026-10-05 21:37:35.274 [main] INFO  Controlador.Boletin1_2 - Ruta canónica: C:\Users\Usuario\Desktop
2026-10-05 21:37:35.274 [main] INFO  Controlador.Boletin1_2 - Directorio padre: C:\Users\Usuario
2026-10-05 21:37:35.274 [main] INFO  Controlador.Boletin1_2 - Es un directorio
2026-10-05 21:37:35.275 [main] INFO  Controlador.Boletin1_2 - true
2026-10-05 21:37:35.275 [main] INFO  Controlador.Boletin1_2 - true
2026-10-05 21:37:35.275 [main] INFO  Controlador.Boletin1_2 - true
2026-10-05 21:41:06.349 [main] INFO  Controlador.Boletin1_2 - Introduce la ruta del directorio
2026-10-05 21:41:10.262 [main] INFO  Controlador.Boletin1_2 - Nombre: Desktop
2026-10-05 21:41:10.263 [main] INFO  Controlador.Boletin1_2 - Ruta tal como se ha escrito: Desktop
2026-10-05 21:41:10.263 [main] INFO  Controlador.Boletin1_2 - Ruta absoluta: C:\Users\Usuario\Desktop
2026-10-05 21:41:10.263 [main] INFO  Controlador.Boletin1_2 - Ruta canónica: C:\Users\Usuario\Desktop
2026-10-05 21:41:10.263 [main] INFO  Controlador.Boletin1_2 - Directorio padre: C:\Users\Usuario
2026-10-05 21:41:10.263 [main] INFO  Controlador.Boletin1_2 - Es un directorio
2026-10-05 21:41:10.264 [main] INFO  Controlador.Boletin1_2 - Permiso Lectura: true
2026-10-05 21:41:10.264 [main] INFO  Controlador.Boletin1_2 - Permiso de Escritura: true
2026-10-05 21:41:10.264 [main] INFO  Controlador.Boletin1_2 - Permiso de Ejecución: true
2026-10-05 21:41:10.264 [main] INFO  Controlador.Boletin1_2 - Esta oculto: false
2026-10-05 21:44:09.499 [main] INFO  Controlador.Boletin1_2 - Introduce la ruta del directorio
2026-10-05 21:44:12.955 [main] INFO  Controlador.Boletin1_2 - Nombre: Desktop
2026-10-05 21:44:12.955 [main] INFO  Controlador.Boletin1_2 - Ruta tal como se ha escrito: Desktop
2026-10-05 21:44:12.955 [main] INFO  Controlador.Boletin1_2 - Ruta absoluta: C:\Users\Usuario\Desktop
2026-10-05 21:44:12.955 [main] INFO  Controlador.Boletin1_2 - Ruta canónica: C:\Users\Usuario\Desktop
2026-10-05 21:44:12.956 [main] INFO  Controlador.Boletin1_2 - Directorio padre: C:\Users\Usuario
2026-10-05 21:44:12.956 [main] INFO  Controlador.Boletin1_2 - Es un directorio
2026-10-05 21:44:12.956 [main] INFO  Controlador.Boletin1_2 - Permiso Lectura: true
2026-10-05 21:44:12.956 [main] INFO  Controlador.Boletin1_2 - Permiso de Escritura: true
2026-10-05 21:44:12.956 [main] INFO  Controlador.Boletin1_2 - Permiso de Ejecución: true
2026-10-05 21:44:12.956 [main] INFO  Controlador.Boletin1_2 - Esta oculto: false
2026-10-05 21:44:12.956 [main] INFO  Controlador.Boletin1_2 - Tamaño en bytes: 16384
2026-10-05 21:44:12.957 [main] INFO  Controlador.Boletin1_2 - Número de elementos: 41
2026-10-05 21:44:12.957 [main] INFO  Controlador.Boletin1_2 - Fecha de ultima modificación: 1790350722512
2026-10-05 22:42:09.449 [main] INFO  Controlador.Boletin1_3 - Directorio creado: C:\Users\Usuario\miDirectorio
2026-10-05 22:42:09.451 [main] INFO  Controlador.Boletin1_3 - Fichero creado: lectura.txt
2026-10-05 22:42:09.451 [main] INFO  Controlador.Boletin1_3 - Fichero creado: normal.txt
2026-10-05 22:42:09.451 [main] INFO  Controlador.Boletin1_3 - lectura.txt marcado como solo lectura
2026-10-05 22:42:09.452 [main] INFO  Controlador.Boletin1_3 - 	lectura.txt -> lectura: sí | escritura: no | ejecución: sí
2026-10-05 22:42:09.452 [main] INFO  Controlador.Boletin1_3 - 	normal.txt -> lectura: sí | escritura: sí | ejecución: sí
2026-10-05 22:42:09.453 [main] INFO  Controlador.Boletin1_3 - normal.txt renombrado a renombrado.txt
2026-10-05 22:42:09.454 [main] INFO  Controlador.Boletin1_3 - lectura.txt borrado
2026-10-05 22:42:09.454 [main] INFO  Controlador.Boletin1_3 - Contenido final de miDirectorio:
2026-10-05 22:42:09.454 [main] INFO  Controlador.Boletin1_3 - 	renombrado.txt
