2026-10-08 08:22:56.459 [main] INFO  Controlador.ClaseFile - El fichero ya existía en la ruta especificada.
2026-10-08 08:23:05.392 [main] INFO  Controlador.Boletin1_1 - Dime la ruta del directorio
2026-10-08 08:23:10.265 [main] INFO  Controlador.Boletin1_1 - [D]AccesoDatos2
2026-10-08 08:23:10.265 [main] INFO  Controlador.Boletin1_1 - [F]Descargas - Acceso directo.lnk
2026-10-08 08:23:10.265 [main] INFO  Controlador.Boletin1_1 - [F]desktop.ini
2026-10-08 08:23:10.265 [main] INFO  Controlador.Boletin1_1 - [F]Eclipse IDE for Enterprise Java and Web Developers - 2026-09.lnk
2026-10-08 08:23:10.266 [main] INFO  Controlador.Boletin1_1 - [F]Git Bash.lnk
2026-10-08 08:23:10.266 [main] INFO  Controlador.Boletin1_1 - [F]Manuel - Chrome.lnk
2026-10-08 08:23:10.266 [main] INFO  Controlador.Boletin1_1 - [D]Prueba
2026-10-08 08:23:10.266 [main] INFO  Controlador.Boletin1_1 - [D]Psp2
2026-10-08 08:23:10.266 [main] INFO  Controlador.Boletin1_1 - Hay un total de 3 directorios y 5 ficheros
2026-10-08 08:23:20.505 [main] INFO  Controlador.Boletin1_2 - Introduce la ruta del directorio
2026-10-08 08:23:28.592 [main] INFO  Controlador.Boletin1_2 - Nombre: Desktop
2026-10-08 08:23:28.593 [main] INFO  Controlador.Boletin1_2 - Ruta tal como se ha escrito: Desktop
2026-10-08 08:23:28.593 [main] INFO  Controlador.Boletin1_2 - Ruta absoluta: C:\Users\alumno\Desktop
2026-10-08 08:23:28.593 [main] INFO  Controlador.Boletin1_2 - Ruta canónica: C:\Users\alumno\Desktop
2026-10-08 08:23:28.593 [main] INFO  Controlador.Boletin1_2 - Directorio padre: C:\Users\alumno
2026-10-08 08:23:28.593 [main] INFO  Controlador.Boletin1_2 - Es un directorio
2026-10-08 08:23:28.594 [main] INFO  Controlador.Boletin1_2 - Permiso Lectura: true
2026-10-08 08:23:28.594 [main] INFO  Controlador.Boletin1_2 - Permiso de Escritura: true
2026-10-08 08:23:28.594 [main] INFO  Controlador.Boletin1_2 - Permiso de Ejecución: true
2026-10-08 08:23:28.594 [main] INFO  Controlador.Boletin1_2 - Esta oculto: false
2026-10-08 08:23:28.594 [main] INFO  Controlador.Boletin1_2 - Tamaño en bytes: 4096
2026-10-08 08:23:28.595 [main] INFO  Controlador.Boletin1_2 - Número de elementos: 8
2026-10-08 08:23:28.595 [main] INFO  Controlador.Boletin1_2 - Fecha de ultima modificación: 1790838193895
2026-10-08 08:23:48.428 [main] INFO  Controlador.Boletin1_3 - Directorio creado: C:\Users\alumno\miDirectorio
2026-10-08 08:23:48.430 [main] INFO  Controlador.Boletin1_3 - Fichero creado: lectura.txt
2026-10-08 08:23:48.430 [main] INFO  Controlador.Boletin1_3 - Fichero creado: normal.txt
2026-10-08 08:23:48.430 [main] INFO  Controlador.Boletin1_3 - lectura.txt marcado como solo lectura
2026-10-08 08:23:48.432 [main] INFO  Controlador.Boletin1_3 - lectura.txt -> lectura: sí | escritura: no | ejecución: sí
2026-10-08 08:23:48.432 [main] INFO  Controlador.Boletin1_3 - normal.txt -> lectura: sí | escritura: sí | ejecución: sí
2026-10-08 08:23:48.432 [main] INFO  Controlador.Boletin1_3 - normal.txt renombrado a renombrado.txt
2026-10-08 08:23:48.433 [main] WARN  Controlador.Boletin1_3 - No se ha podido borrar lectura.txt
2026-10-08 08:23:48.433 [main] INFO  Controlador.Boletin1_3 - Permiso de escritura restaurado en lectura.txt
2026-10-08 08:23:48.433 [main] INFO  Controlador.Boletin1_3 - lectura.txt borrado
2026-10-08 08:23:48.433 [main] INFO  Controlador.Boletin1_3 - Contenido final de miDirectorio:
2026-10-08 08:23:48.433 [main] INFO  Controlador.Boletin1_3 - renombrado.txt
2026-10-08 08:23:57.971 [main] INFO  Controlador.Boletin1_4 - Directorio:Desktop
2026-10-08 08:23:57.973 [main] INFO  Controlador.Boletin1_4 - Directorio:AccesoDatos2
2026-10-08 08:23:57.973 [main] INFO  Controlador.Boletin1_4 - Directorio:.git
2026-10-08 08:23:57.974 [main] INFO  Controlador.Boletin1_4 - Fichero:COMMIT_EDITMSG
2026-10-08 08:23:57.974 [main] INFO  Controlador.Boletin1_4 - Fichero:config
2026-10-08 08:23:57.974 [main] INFO  Controlador.Boletin1_4 - Fichero:description
2026-10-08 08:23:57.974 [main] INFO  Controlador.Boletin1_4 - Fichero:FETCH_HEAD
2026-10-08 08:23:57.975 [main] INFO  Controlador.Boletin1_4 - Fichero:HEAD
2026-10-08 08:23:57.975 [main] INFO  Controlador.Boletin1_4 - Directorio:hooks
2026-10-08 08:23:57.975 [main] INFO  Controlador.Boletin1_4 - Fichero:applypatch-msg.sample
2026-10-08 08:23:57.975 [main] INFO  Controlador.Boletin1_4 - Fichero:commit-msg.sample
2026-10-08 08:23:57.975 [main] INFO  Controlador.Boletin1_4 - Fichero:fsmonitor-watchman.sample
2026-10-08 08:23:57.975 [main] INFO  Controlador.Boletin1_4 - Fichero:post-update.sample
2026-10-08 08:23:57.975 [main] INFO  Controlador.Boletin1_4 - Fichero:pre-applypatch.sample
2026-10-08 08:23:57.975 [main] INFO  Controlador.Boletin1_4 - Fichero:pre-commit.sample
2026-10-08 08:23:57.977 [main] INFO  Controlador.Boletin1_4 - Fichero:pre-merge-commit.sample
2026-10-08 08:23:57.977 [main] INFO  Controlador.Boletin1_4 - Fichero:pre-push.sample
2026-10-08 08:23:57.977 [main] INFO  Controlador.Boletin1_4 - Fichero:pre-rebase.sample
2026-10-08 08:23:57.977 [main] INFO  Controlador.Boletin1_4 - Fichero:pre-receive.sample
2026-10-08 08:23:57.977 [main] INFO  Controlador.Boletin1_4 - Fichero:prepare-commit-msg.sample
2026-10-08 08:23:57.977 [main] INFO  Controlador.Boletin1_4 - Fichero:push-to-checkout.sample
2026-10-08 08:23:57.977 [main] INFO  Controlador.Boletin1_4 - Fichero:sendemail-validate.sample
2026-10-08 08:23:57.978 [main] INFO  Controlador.Boletin1_4 - Fichero:update.sample
2026-10-08 08:23:57.978 [main] INFO  Controlador.Boletin1_4 - Fichero:index
2026-10-08 08:23:57.978 [main] INFO  Controlador.Boletin1_4 - Directorio:info
2026-10-08 08:23:57.978 [main] INFO  Controlador.Boletin1_4 - Fichero:exclude
2026-10-08 08:23:57.978 [main] INFO  Controlador.Boletin1_4 - Fichero:refs
2026-10-08 08:23:57.978 [main] INFO  Controlador.Boletin1_4 - Directorio:logs
2026-10-08 08:23:57.979 [main] INFO  Controlador.Boletin1_4 - Fichero:HEAD
2026-10-08 08:23:57.979 [main] INFO  Controlador.Boletin1_4 - Directorio:refs
2026-10-08 08:23:57.979 [main] INFO  Controlador.Boletin1_4 - Directorio:heads
2026-10-08 08:23:57.979 [main] INFO  Controlador.Boletin1_4 - Fichero:main
2026-10-08 08:23:57.979 [main] INFO  Controlador.Boletin1_4 - Directorio:remotes
2026-10-08 08:23:57.980 [main] INFO  Controlador.Boletin1_4 - Directorio:origin
2026-10-08 08:23:57.980 [main] INFO  Controlador.Boletin1_4 - Fichero:main
2026-10-08 08:23:57.980 [main] INFO  Controlador.Boletin1_4 - Directorio:objects
2026-10-08 08:23:57.980 [main] INFO  Controlador.Boletin1_4 - Directorio:info
2026-10-08 08:23:57.980 [main] INFO  Controlador.Boletin1_4 - Fichero:packs
2026-10-08 08:23:57.980 [main] INFO  Controlador.Boletin1_4 - Directorio:pack
2026-10-08 08:23:57.980 [main] INFO  Controlador.Boletin1_4 - Fichero:multi-pack-index
2026-10-08 08:23:57.981 [main] INFO  Controlador.Boletin1_4 - Fichero:pack-29c56932a182575ad7ec0e6e0e1ecfb877f3793e.idx
2026-10-08 08:23:57.981 [main] INFO  Controlador.Boletin1_4 - Fichero:pack-29c56932a182575ad7ec0e6e0e1ecfb877f3793e.pack
2026-10-08 08:23:57.981 [main] INFO  Controlador.Boletin1_4 - Fichero:pack-29c56932a182575ad7ec0e6e0e1ecfb877f3793e.rev
2026-10-08 08:23:57.981 [main] INFO  Controlador.Boletin1_4 - Fichero:pack-685d7c295e640061e5ad0ae826f5a6f139132ed5.idx
2026-10-08 08:23:57.981 [main] INFO  Controlador.Boletin1_4 - Fichero:pack-685d7c295e640061e5ad0ae826f5a6f139132ed5.pack
2026-10-08 08:23:57.981 [main] INFO  Controlador.Boletin1_4 - Fichero:pack-685d7c295e640061e5ad0ae826f5a6f139132ed5.rev
2026-10-08 08:23:57.982 [main] INFO  Controlador.Boletin1_4 - Fichero:ORIG_HEAD
2026-10-08 08:23:57.982 [main] INFO  Controlador.Boletin1_4 - Directorio:refs
2026-10-08 08:23:57.982 [main] INFO  Controlador.Boletin1_4 - Directorio:heads
2026-10-08 08:23:57.983 [main] INFO  Controlador.Boletin1_4 - Fichero:main
2026-10-08 08:23:57.983 [main] INFO  Controlador.Boletin1_4 - Directorio:remotes
2026-10-08 08:23:57.983 [main] INFO  Controlador.Boletin1_4 - Directorio:origin
2026-10-08 08:23:57.983 [main] INFO  Controlador.Boletin1_4 - Fichero:main
2026-10-08 08:23:57.983 [main] INFO  Controlador.Boletin1_4 - Directorio:tags
2026-10-08 08:23:57.984 [main] INFO  Controlador.Boletin1_4 - Fichero:.gitignore
2026-10-08 08:23:57.984 [main] INFO  Controlador.Boletin1_4 - Directorio:.metadata
2026-10-08 08:23:57.985 [main] INFO  Controlador.Boletin1_4 - Fichero:.bak_0.log
2026-10-08 08:23:57.985 [main] INFO  Controlador.Boletin1_4 - Fichero:.bak_1.log
2026-10-08 08:23:57.985 [main] INFO  Controlador.Boletin1_4 - Fichero:.bak_2.log
2026-10-08 08:23:57.986 [main] INFO  Controlador.Boletin1_4 - Fichero:.bak_3.log
2026-10-08 08:23:57.986 [main] INFO  Controlador.Boletin1_4 - Fichero:.lock
2026-10-08 08:23:57.986 [main] INFO  Controlador.Boletin1_4 - Fichero:.lock_info
2026-10-08 08:23:57.986 [main] INFO  Controlador.Boletin1_4 - Fichero:.log
2026-10-08 08:23:57.986 [main] INFO  Controlador.Boletin1_4 - Directorio:.mylyn
2026-10-08 08:23:57.987 [main] INFO  Controlador.Boletin1_4 - Directorio:contexts
2026-10-08 08:23:57.987 [main] INFO  Controlador.Boletin1_4 - Fichero:repositories.xml.zip
2026-10-08 08:23:57.987 [main] INFO  Controlador.Boletin1_4 - Directorio:.plugins
2026-10-08 08:23:57.988 [main] INFO  Controlador.Boletin1_4 - Directorio:org.eclipse.buildship.core
2026-10-08 08:23:57.988 [main] INFO  Controlador.Boletin1_4 - Directorio:gradle
2026-10-08 08:23:57.988 [main] INFO  Controlador.Boletin1_4 - Fichero:versions.json
2026-10-08 08:23:57.988 [main] INFO  Controlador.Boletin1_4 - Directorio:org.eclipse.core.resources
2026-10-08 08:23:57.990 [main] INFO  Controlador.Boletin1_4 - Directorio:.history
2026-10-08 08:23:57.991 [main] INFO  Controlador.Boletin1_4 - Directorio:0
2026-10-08 08:23:57.991 [main] INFO  Controlador.Boletin1_4 - Fichero:20b3adeee9b700111ea3fa60e5cdf6c3
2026-10-08 08:23:57.992 [main] INFO  Controlador.Boletin1_4 - Fichero:e0d5bce26cbd001111faea14e11e7656
2026-10-08 08:23:57.992 [main] INFO  Controlador.Boletin1_4 - Directorio:1
2026-10-08 08:23:57.992 [main] INFO  Controlador.Boletin1_4 - Directorio:10
2026-10-08 08:23:57.993 [main] INFO  Controlador.Boletin1_4 - Fichero:a05bf4175db600111283a34d65b74646
2026-10-08 08:23:57.993 [main] INFO  Controlador.Boletin1_4 - Directorio:11
2026-10-08 08:23:57.993 [main] INFO  Controlador.Boletin1_4 - Fichero:90e1fa32a7c00011116883df672a67b1
2026-10-08 08:23:57.993 [main] INFO  Controlador.Boletin1_4 - Directorio:12
2026-10-08 08:23:57.993 [main] INFO  Controlador.Boletin1_4 - Fichero:b037e867a1b500111c8884e96843f29f
2026-10-08 08:23:57.994 [main] INFO  Controlador.Boletin1_4 - Directorio:13
2026-10-08 08:23:57.994 [main] INFO  Controlador.Boletin1_4 - Fichero:603a94cc6cbd001111faea14e11e7656
2026-10-08 08:23:57.994 [main] INFO  Controlador.Boletin1_4 - Directorio:15
2026-10-08 08:23:57.995 [main] INFO  Controlador.Boletin1_4 - Fichero:10cdec6c60b600111283a34d65b74646
2026-10-08 08:23:57.995 [main] INFO  Controlador.Boletin1_4 - Fichero:600f4064a6c00011116883df672a67b1
2026-10-08 08:23:57.995 [main] INFO  Controlador.Boletin1_4 - Fichero:a0e7132f6bbd001111faea14e11e7656
2026-10-08 08:23:57.995 [main] INFO  Controlador.Boletin1_4 - Directorio:16
2026-10-08 08:23:57.996 [main] INFO  Controlador.Boletin1_4 - Fichero:10fc565aeeb500111289d348c836e07d
2026-10-08 08:23:57.996 [main] INFO  Controlador.Boletin1_4 - Fichero:308c66e391b500111f03e93714154feb
2026-10-08 08:23:57.996 [main] INFO  Controlador.Boletin1_4 - Fichero:503ebc3aa8c00011116883df672a67b1
2026-10-08 08:23:57.996 [main] INFO  Controlador.Boletin1_4 - Directorio:17
2026-10-08 08:23:57.996 [main] INFO  Controlador.Boletin1_4 - Fichero:e0e7cd4a69bd001111faea14e11e7656
2026-10-08 08:23:57.997 [main] INFO  Controlador.Boletin1_4 - Directorio:19
2026-10-08 08:23:57.997 [main] INFO  Controlador.Boletin1_4 - Fichero:90df41299ab500111b4a8e442ae3fc7d
2026-10-08 08:23:57.997 [main] INFO  Controlador.Boletin1_4 - Directorio:1a
2026-10-08 08:23:57.998 [main] INFO  Controlador.Boletin1_4 - Fichero:00ee0285a3c00011116883df672a67b1
2026-10-08 08:23:57.998 [main] INFO  Controlador.Boletin1_4 - Directorio:1d
2026-10-08 08:23:57.998 [main] INFO  Controlador.Boletin1_4 - Fichero:107c9161a4c00011116883df672a67b1
2026-10-08 08:23:57.998 [main] INFO  Controlador.Boletin1_4 - Fichero:30c67b1d6abd001111faea14e11e7656
2026-10-08 08:23:57.998 [main] INFO  Controlador.Boletin1_4 - Directorio:1e
2026-10-08 08:23:58.000 [main] INFO  Controlador.Boletin1_4 - Fichero:b0c2f8b3a4c00011116883df672a67b1
2026-10-08 08:23:58.000 [main] INFO  Controlador.Boletin1_4 - Fichero:c0340452edb500111289d348c836e07d
2026-10-08 08:23:58.000 [main] INFO  Controlador.Boletin1_4 - Directorio:1f
2026-10-08 08:23:58.001 [main] INFO  Controlador.Boletin1_4 - Fichero:505bf4165eb600111283a34d65b74646
2026-10-08 08:23:58.001 [main] INFO  Controlador.Boletin1_4 - Directorio:2
2026-10-08 08:23:58.001 [main] INFO  Controlador.Boletin1_4 - Fichero:00dfcc8f60b600111283a34d65b74646
2026-10-08 08:23:58.002 [main] INFO  Controlador.Boletin1_4 - Fichero:70b004f2f3b500111289d348c836e07d
2026-10-08 08:23:58.002 [main] INFO  Controlador.Boletin1_4 - Directorio:21
2026-10-08 08:23:58.003 [main] INFO  Controlador.Boletin1_4 - Fichero:20a094125db600111283a34d65b74646
2026-10-08 08:23:58.003 [main] INFO  Controlador.Boletin1_4 - Fichero:906c445ea7c00011116883df672a67b1
2026-10-08 08:23:58.003 [main] INFO  Controlador.Boletin1_4 - Directorio:22
2026-10-08 08:23:58.003 [main] INFO  Controlador.Boletin1_4 - Fichero:800d732169bd001111faea14e11e7656
2026-10-08 08:23:58.004 [main] INFO  Controlador.Boletin1_4 - Fichero:c0cb36a1e6b700111ea3fa60e5cdf6c3
2026-10-08 08:23:58.004 [main] INFO  Controlador.Boletin1_4 - Directorio:23
2026-10-08 08:23:58.004 [main] INFO  Controlador.Boletin1_4 - Fichero:109a6092a4c00011116883df672a67b1
2026-10-08 08:23:58.004 [main] INFO  Controlador.Boletin1_4 - Directorio:24
2026-10-08 08:23:58.005 [main] INFO  Controlador.Boletin1_4 - Fichero:10fde4e960b600111283a34d65b74646
2026-10-08 08:23:58.005 [main] INFO  Controlador.Boletin1_4 - Fichero:5054a06d60bd001111faea14e11e7656
2026-10-08 08:23:58.005 [main] INFO  Controlador.Boletin1_4 - Fichero:9060d19b99b500111b4a8e442ae3fc7d
2026-10-08 08:23:58.005 [main] INFO  Controlador.Boletin1_4 - Directorio:25
2026-10-08 08:23:58.006 [main] INFO  Controlador.Boletin1_4 - Fichero:30457781edb500111289d348c836e07d
2026-10-08 08:23:58.006 [main] INFO  Controlador.Boletin1_4 - Fichero:50cb519aa3c00011116883df672a67b1
2026-10-08 08:23:58.006 [main] INFO  Controlador.Boletin1_4 - Directorio:28
2026-10-08 08:23:58.007 [main] INFO  Controlador.Boletin1_4 - Fichero:5065e915edb500111289d348c836e07d
2026-10-08 08:23:58.007 [main] INFO  Controlador.Boletin1_4 - Fichero:e0aeeeb393b500111f03e93714154feb
2026-10-08 08:23:58.007 [main] INFO  Controlador.Boletin1_4 - Directorio:29
2026-10-08 08:23:58.007 [main] INFO  Controlador.Boletin1_4 - Fichero:505d5cb762b600111283a34d65b74646
2026-10-08 08:23:58.009 [main] INFO  Controlador.Boletin1_4 - Fichero:b00fc1b85db600111283a34d65b74646
2026-10-08 08:23:58.009 [main] INFO  Controlador.Boletin1_4 - Directorio:2a
2026-10-08 08:23:58.009 [main] INFO  Controlador.Boletin1_4 - Fichero:b087d2d069bd001111faea14e11e7656
2026-10-08 08:23:58.009 [main] INFO  Controlador.Boletin1_4 - Fichero:f0439c15a7c00011116883df672a67b1
2026-10-08 08:23:58.009 [main] INFO  Controlador.Boletin1_4 - Directorio:2c
2026-10-08 08:23:58.010 [main] INFO  Controlador.Boletin1_4 - Fichero:20c43300a7c00011116883df672a67b1
2026-10-08 08:23:58.010 [main] INFO  Controlador.Boletin1_4 - Fichero:4087d2f0a2c00011116883df672a67b1
2026-10-08 08:23:58.010 [main] INFO  Controlador.Boletin1_4 - Directorio:2d
2026-10-08 08:23:58.011 [main] INFO  Controlador.Boletin1_4 - Fichero:101443b796c00011116883df672a67b1
2026-10-08 08:23:58.011 [main] INFO  Controlador.Boletin1_4 - Fichero:30504eb393b500111f03e93714154feb
2026-10-08 08:23:58.011 [main] INFO  Controlador.Boletin1_4 - Fichero:a0bbe34888b500111036c3a5db28e8e1
2026-10-08 08:23:58.011 [main] INFO  Controlador.Boletin1_4 - Directorio:3
2026-10-08 08:23:58.011 [main] INFO  Controlador.Boletin1_4 - Fichero:2013c6a0e7b700111ea3fa60e5cdf6c3
2026-10-08 08:23:58.011 [main] INFO  Controlador.Boletin1_4 - Fichero:90293d836bbd001111faea14e11e7656
2026-10-08 08:23:58.011 [main] INFO  Controlador.Boletin1_4 - Directorio:31
2026-10-08 08:23:58.012 [main] INFO  Controlador.Boletin1_4 - Fichero:005d32bda4c00011116883df672a67b1
2026-10-08 08:23:58.012 [main] INFO  Controlador.Boletin1_4 - Fichero:3090afe5f1b500111289d348c836e07d
2026-10-08 08:23:58.013 [main] INFO  Controlador.Boletin1_4 - Fichero:c0d0919ca1b500111c8884e96843f29f
2026-10-08 08:23:58.013 [main] INFO  Controlador.Boletin1_4 - Directorio:32
2026-10-08 08:23:58.013 [main] INFO  Controlador.Boletin1_4 - Fichero:40a08a5aa4c00011116883df672a67b1
2026-10-08 08:23:58.013 [main] INFO  Controlador.Boletin1_4 - Fichero:a0244dd096c00011116883df672a67b1
2026-10-08 08:23:58.014 [main] INFO  Controlador.Boletin1_4 - Directorio:33
2026-10-08 08:23:58.014 [main] INFO  Controlador.Boletin1_4 - Fichero:f0cc33b8a7c00011116883df672a67b1
2026-10-08 08:23:58.014 [main] INFO  Controlador.Boletin1_4 - Directorio:34
2026-10-08 08:23:58.014 [main] INFO  Controlador.Boletin1_4 - Fichero:40cf958a62b600111283a34d65b74646
2026-10-08 08:23:58.014 [main] INFO  Controlador.Boletin1_4 - Directorio:35
2026-10-08 08:23:58.015 [main] INFO  Controlador.Boletin1_4 - Fichero:601aaecf62b600111283a34d65b74646
2026-10-08 08:23:58.015 [main] INFO  Controlador.Boletin1_4 - Fichero:b0ac6dd35db600111283a34d65b74646
2026-10-08 08:23:58.015 [main] INFO  Controlador.Boletin1_4 - Directorio:36
2026-10-08 08:23:58.015 [main] INFO  Controlador.Boletin1_4 - Fichero:50e056fcebb500111289d348c836e07d
2026-10-08 08:23:58.016 [main] INFO  Controlador.Boletin1_4 - Directorio:37
2026-10-08 08:23:58.016 [main] INFO  Controlador.Boletin1_4 - Fichero:d0adec5e62bd001111faea14e11e7656
2026-10-08 08:23:58.016 [main] INFO  Controlador.Boletin1_4 - Directorio:39
2026-10-08 08:23:58.016 [main] INFO  Controlador.Boletin1_4 - Fichero:6005310ff2b500111289d348c836e07d
2026-10-08 08:23:58.017 [main] INFO  Controlador.Boletin1_4 - Fichero:9060744af2b500111289d348c836e07d
2026-10-08 08:23:58.017 [main] INFO  Controlador.Boletin1_4 - Directorio:3d
2026-10-08 08:23:58.017 [main] INFO  Controlador.Boletin1_4 - Fichero:e0d4db5291b500111f03e93714154feb
2026-10-08 08:23:58.017 [main] INFO  Controlador.Boletin1_4 - Directorio:3e
2026-10-08 08:23:58.017 [main] INFO  Controlador.Boletin1_4 - Fichero:20e6520e60bd001111faea14e11e7656
2026-10-08 08:23:58.017 [main] INFO  Controlador.Boletin1_4 - Fichero:a0ea851d5fb600111283a34d65b74646
2026-10-08 08:23:58.018 [main] INFO  Controlador.Boletin1_4 - Directorio:40
2026-10-08 08:23:58.018 [main] INFO  Controlador.Boletin1_4 - Fichero:e0138979e0b700111a4bc7a62a8a0322
2026-10-08 08:23:58.018 [main] INFO  Controlador.Boletin1_4 - Directorio:41
2026-10-08 08:23:58.018 [main] INFO  Controlador.Boletin1_4 - Fichero:6011510e60bd001111faea14e11e7656
2026-10-08 08:23:58.018 [main] INFO  Controlador.Boletin1_4 - Fichero:60fa47a9e0b700111a4bc7a62a8a0322
2026-10-08 08:23:58.019 [main] INFO  Controlador.Boletin1_4 - Fichero:709c63c0f3b500111289d348c836e07d
2026-10-08 08:23:58.019 [main] INFO  Controlador.Boletin1_4 - Directorio:42
2026-10-08 08:23:58.019 [main] INFO  Controlador.Boletin1_4 - Fichero:a075f3a1a5c00011116883df672a67b1
2026-10-08 08:23:58.020 [main] INFO  Controlador.Boletin1_4 - Fichero:c0acfa716bbd001111faea14e11e7656
2026-10-08 08:23:58.020 [main] INFO  Controlador.Boletin1_4 - Directorio:43
2026-10-08 08:23:58.020 [main] INFO  Controlador.Boletin1_4 - Fichero:d0a0937d89b500111f03e93714154feb
2026-10-08 08:23:58.020 [main] INFO  Controlador.Boletin1_4 - Directorio:44
2026-10-08 08:23:58.020 [main] INFO  Controlador.Boletin1_4 - Fichero:f0366c2e60bd001111faea14e11e7656
2026-10-08 08:23:58.020 [main] INFO  Controlador.Boletin1_4 - Fichero:f0cb9d3461bd001111faea14e11e7656
2026-10-08 08:23:58.021 [main] INFO  Controlador.Boletin1_4 - Directorio:45
2026-10-08 08:23:58.021 [main] INFO  Controlador.Boletin1_4 - Fichero:80a22a9aa6b500111c8884e96843f29f
2026-10-08 08:23:58.021 [main] INFO  Controlador.Boletin1_4 - Directorio:47
2026-10-08 08:23:58.021 [main] INFO  Controlador.Boletin1_4 - Fichero:e00b81d2a7c00011116883df672a67b1
2026-10-08 08:23:58.021 [main] INFO  Controlador.Boletin1_4 - Directorio:48
2026-10-08 08:23:58.023 [main] INFO  Controlador.Boletin1_4 - Fichero:f04705e85db600111283a34d65b74646
2026-10-08 08:23:58.023 [main] INFO  Controlador.Boletin1_4 - Directorio:49
2026-10-08 08:23:58.023 [main] INFO  Controlador.Boletin1_4 - Fichero:60f00675a2c00011116883df672a67b1
2026-10-08 08:23:58.023 [main] INFO  Controlador.Boletin1_4 - Directorio:4a
2026-10-08 08:23:58.024 [main] INFO  Controlador.Boletin1_4 - Fichero:a021b457e6b700111ea3fa60e5cdf6c3
2026-10-08 08:23:58.024 [main] INFO  Controlador.Boletin1_4 - Directorio:4c
2026-10-08 08:23:58.024 [main] INFO  Controlador.Boletin1_4 - Fichero:e0e0a14beeb500111289d348c836e07d
2026-10-08 08:23:58.024 [main] INFO  Controlador.Boletin1_4 - Directorio:4d
2026-10-08 08:23:58.025 [main] INFO  Controlador.Boletin1_4 - Fichero:000a4c5968bd001111faea14e11e7656
2026-10-08 08:23:58.025 [main] INFO  Controlador.Boletin1_4 - Fichero:60c9f9ed5db600111283a34d65b74646
2026-10-08 08:23:58.025 [main] INFO  Controlador.Boletin1_4 - Directorio:4f
2026-10-08 08:23:58.025 [main] INFO  Controlador.Boletin1_4 - Fichero:60a7081690b500111f03e93714154feb
2026-10-08 08:23:58.025 [main] INFO  Controlador.Boletin1_4 - Directorio:5
2026-10-08 08:23:58.026 [main] INFO  Controlador.Boletin1_4 - Fichero:d0bd948a62b600111283a34d65b74646
2026-10-08 08:23:58.026 [main] INFO  Controlador.Boletin1_4 - Fichero:e0b936136bbd001111faea14e11e7656
2026-10-08 08:23:58.026 [main] INFO  Controlador.Boletin1_4 - Directorio:50
2026-10-08 08:23:58.026 [main] INFO  Controlador.Boletin1_4 - Fichero:20373c1a60bd001111faea14e11e7656
2026-10-08 08:23:58.027 [main] INFO  Controlador.Boletin1_4 - Fichero:3063ca1fedb500111289d348c836e07d
2026-10-08 08:23:58.027 [main] INFO  Controlador.Boletin1_4 - Fichero:a0d2763b5eb600111283a34d65b74646
2026-10-08 08:23:58.027 [main] INFO  Controlador.Boletin1_4 - Directorio:51
2026-10-08 08:23:58.027 [main] INFO  Controlador.Boletin1_4 - Fichero:5020adca6bbd001111faea14e11e7656
2026-10-08 08:23:58.027 [main] INFO  Controlador.Boletin1_4 - Fichero:50a9233ceeb500111289d348c836e07d
2026-10-08 08:23:58.027 [main] INFO  Controlador.Boletin1_4 - Directorio:52
2026-10-08 08:23:58.028 [main] INFO  Controlador.Boletin1_4 - Fichero:7086584694b500111f03e93714154feb
2026-10-08 08:23:58.028 [main] INFO  Controlador.Boletin1_4 - Fichero:c0a247e6f7b500111289d348c836e07d
2026-10-08 08:23:58.028 [main] INFO  Controlador.Boletin1_4 - Fichero:e0792e4aa6c00011116883df672a67b1
2026-10-08 08:23:58.028 [main] INFO  Controlador.Boletin1_4 - Directorio:53
2026-10-08 08:23:58.028 [main] INFO  Controlador.Boletin1_4 - Fichero:a0d102c05db600111283a34d65b74646
2026-10-08 08:23:58.028 [main] INFO  Controlador.Boletin1_4 - Directorio:55
2026-10-08 08:23:58.028 [main] INFO  Controlador.Boletin1_4 - Fichero:105cf87f9ab500111b4a8e442ae3fc7d
2026-10-08 08:23:58.029 [main] INFO  Controlador.Boletin1_4 - Directorio:56
2026-10-08 08:23:58.029 [main] INFO  Controlador.Boletin1_4 - Fichero:70a14c36a3c00011116883df672a67b1
2026-10-08 08:23:58.029 [main] INFO  Controlador.Boletin1_4 - Fichero:a0ad510e60bd001111faea14e11e7656
2026-10-08 08:23:58.029 [main] INFO  Controlador.Boletin1_4 - Fichero:b0dab8e0e9b700111ea3fa60e5cdf6c3
2026-10-08 08:23:58.029 [main] INFO  Controlador.Boletin1_4 - Directorio:58
2026-10-08 08:23:58.030 [main] INFO  Controlador.Boletin1_4 - Fichero:a094d1296abd001111faea14e11e7656
2026-10-08 08:23:58.030 [main] INFO  Controlador.Boletin1_4 - Directorio:59
2026-10-08 08:23:58.030 [main] INFO  Controlador.Boletin1_4 - Fichero:a0d61bcdeab700111ea3fa60e5cdf6c3
2026-10-08 08:23:58.030 [main] INFO  Controlador.Boletin1_4 - Directorio:5a
2026-10-08 08:23:58.032 [main] INFO  Controlador.Boletin1_4 - Fichero:6073514df3b500111289d348c836e07d
2026-10-08 08:23:58.032 [main] INFO  Controlador.Boletin1_4 - Directorio:5b
2026-10-08 08:23:58.032 [main] INFO  Controlador.Boletin1_4 - Fichero:30278cdba6b500111c8884e96843f29f
2026-10-08 08:23:58.032 [main] INFO  Controlador.Boletin1_4 - Fichero:a0398dba5cb600111283a34d65b74646
2026-10-08 08:23:58.032 [main] INFO  Controlador.Boletin1_4 - Directorio:5e
2026-10-08 08:23:58.033 [main] INFO  Controlador.Boletin1_4 - Fichero:b02f3802e0b700111a4bc7a62a8a0322
2026-10-08 08:23:58.033 [main] INFO  Controlador.Boletin1_4 - Fichero:c072543a9ab500111b4a8e442ae3fc7d
2026-10-08 08:23:58.033 [main] INFO  Controlador.Boletin1_4 - Fichero:d03cc8bd61bd001111faea14e11e7656
2026-10-08 08:23:58.033 [main] INFO  Controlador.Boletin1_4 - Directorio:5f
2026-10-08 08:23:58.033 [main] INFO  Controlador.Boletin1_4 - Fichero:e0385f5395b50011195ec22c99f244dc
2026-10-08 08:23:58.033 [main] INFO  Controlador.Boletin1_4 - Directorio:6
2026-10-08 08:23:58.034 [main] INFO  Controlador.Boletin1_4 - Fichero:100f275c6bbd001111faea14e11e7656
2026-10-08 08:23:58.034 [main] INFO  Controlador.Boletin1_4 - Fichero:803b2fac96c00011116883df672a67b1
2026-10-08 08:23:58.034 [main] INFO  Controlador.Boletin1_4 - Fichero:d065673ff2b500111289d348c836e07d
2026-10-08 08:23:58.034 [main] INFO  Controlador.Boletin1_4 - Fichero:f03250586abd001111faea14e11e7656
2026-10-08 08:23:58.034 [main] INFO  Controlador.Boletin1_4 - Directorio:60
2026-10-08 08:23:58.034 [main] INFO  Controlador.Boletin1_4 - Fichero:4059e1956bbd001111faea14e11e7656
2026-10-08 08:23:58.036 [main] INFO  Controlador.Boletin1_4 - Fichero:808e5e0292b500111f03e93714154feb
2026-10-08 08:23:58.036 [main] INFO  Controlador.Boletin1_4 - Fichero:c0ecec0ceab700111ea3fa60e5cdf6c3
2026-10-08 08:23:58.036 [main] INFO  Controlador.Boletin1_4 - Directorio:62
2026-10-08 08:23:58.036 [main] INFO  Controlador.Boletin1_4 - Fichero:b0227dd1a2c00011116883df672a67b1
2026-10-08 08:23:58.036 [main] INFO  Controlador.Boletin1_4 - Fichero:d0ac014fa6c00011116883df672a67b1
2026-10-08 08:23:58.036 [main] INFO  Controlador.Boletin1_4 - Directorio:64
2026-10-08 08:23:58.037 [main] INFO  Controlador.Boletin1_4 - Fichero:1065c4fce1b700111a4bc7a62a8a0322
2026-10-08 08:23:58.037 [main] INFO  Controlador.Boletin1_4 - Directorio:65
2026-10-08 08:23:58.037 [main] INFO  Controlador.Boletin1_4 - Fichero:40a9cb59e1b700111a4bc7a62a8a0322
2026-10-08 08:23:58.037 [main] INFO  Controlador.Boletin1_4 - Fichero:603b6a7a8bb500111f03e93714154feb
2026-10-08 08:23:58.037 [main] INFO  Controlador.Boletin1_4 - Directorio:66
2026-10-08 08:23:58.037 [main] INFO  Controlador.Boletin1_4 - Fichero:e0ddd83960bd001111faea14e11e7656
2026-10-08 08:23:58.038 [main] INFO  Controlador.Boletin1_4 - Fichero:f047854888b500111036c3a5db28e8e1
2026-10-08 08:23:58.038 [main] INFO  Controlador.Boletin1_4 - Directorio:67
2026-10-08 08:23:58.038 [main] INFO  Controlador.Boletin1_4 - Fichero:00cf9a8e5db600111283a34d65b74646
2026-10-08 08:23:58.038 [main] INFO  Controlador.Boletin1_4 - Fichero:70a814a6f6b500111289d348c836e07d
2026-10-08 08:23:58.038 [main] INFO  Controlador.Boletin1_4 - Fichero:80d0ce2c92b500111f03e93714154feb
2026-10-08 08:23:58.038 [main] INFO  Controlador.Boletin1_4 - Directorio:6a
2026-10-08 08:23:58.038 [main] INFO  Controlador.Boletin1_4 - Directorio:6b
2026-10-08 08:23:58.039 [main] INFO  Controlador.Boletin1_4 - Fichero:4070f63b6cbd001111faea14e11e7656
2026-10-08 08:23:58.039 [main] INFO  Controlador.Boletin1_4 - Fichero:40df63b9e5b700111a4bc7a62a8a0322
2026-10-08 08:23:58.039 [main] INFO  Controlador.Boletin1_4 - Fichero:505080aa90b500111f03e93714154feb
2026-10-08 08:23:58.039 [main] INFO  Controlador.Boletin1_4 - Fichero:70ebd1d069bd001111faea14e11e7656
2026-10-08 08:23:58.040 [main] INFO  Controlador.Boletin1_4 - Directorio:6c
2026-10-08 08:23:58.040 [main] INFO  Controlador.Boletin1_4 - Fichero:504930f06cbd001111faea14e11e7656
2026-10-08 08:23:58.040 [main] INFO  Controlador.Boletin1_4 - Fichero:600e8fba5cb600111283a34d65b74646
2026-10-08 08:23:58.040 [main] INFO  Controlador.Boletin1_4 - Directorio:6d
2026-10-08 08:23:58.042 [main] INFO  Controlador.Boletin1_4 - Fichero:0060c232e1b700111a4bc7a62a8a0322
2026-10-08 08:23:58.042 [main] INFO  Controlador.Boletin1_4 - Fichero:60ce21f0edb500111289d348c836e07d
2026-10-08 08:23:58.042 [main] INFO  Controlador.Boletin1_4 - Fichero:a09eb6c06bbd001111faea14e11e7656
2026-10-08 08:23:58.042 [main] INFO  Controlador.Boletin1_4 - Fichero:f07f895f94b500111f03e93714154feb
2026-10-08 08:23:58.043 [main] INFO  Controlador.Boletin1_4 - Directorio:6e
2026-10-08 08:23:58.043 [main] INFO  Controlador.Boletin1_4 - Fichero:50f9ce4a69bd001111faea14e11e7656
2026-10-08 08:23:58.043 [main] INFO  Controlador.Boletin1_4 - Directorio:6f
2026-10-08 08:23:58.043 [main] INFO  Controlador.Boletin1_4 - Fichero:90d252d962b600111283a34d65b74646
2026-10-08 08:23:58.043 [main] INFO  Controlador.Boletin1_4 - Fichero:c0fb510e60bd001111faea14e11e7656
2026-10-08 08:23:58.043 [main] INFO  Controlador.Boletin1_4 - Directorio:7
2026-10-08 08:23:58.044 [main] INFO  Controlador.Boletin1_4 - Fichero:303a13afe6b700111ea3fa60e5cdf6c3
2026-10-08 08:23:58.044 [main] INFO  Controlador.Boletin1_4 - Directorio:70
2026-10-08 08:23:58.044 [main] INFO  Controlador.Boletin1_4 - Fichero:50177e29e1b700111a4bc7a62a8a0322
2026-10-08 08:23:58.044 [main] INFO  Controlador.Boletin1_4 - Directorio:71
2026-10-08 08:23:58.044 [main] INFO  Controlador.Boletin1_4 - Fichero:c0aed2d069bd001111faea14e11e7656
2026-10-08 08:23:58.045 [main] INFO  Controlador.Boletin1_4 - Fichero:f087a5f3a3c00011116883df672a67b1
2026-10-08 08:23:58.045 [main] INFO  Controlador.Boletin1_4 - Directorio:72
2026-10-08 08:23:58.045 [main] INFO  Controlador.Boletin1_4 - Fichero:8079713a83c00011116883df672a67b1
2026-10-08 08:23:58.045 [main] INFO  Controlador.Boletin1_4 - Fichero:d0b2450ba5c00011116883df672a67b1
2026-10-08 08:23:58.045 [main] INFO  Controlador.Boletin1_4 - Directorio:73
2026-10-08 08:23:58.045 [main] INFO  Controlador.Boletin1_4 - Fichero:00dae01565bd001111faea14e11e7656
2026-10-08 08:23:58.045 [main] INFO  Controlador.Boletin1_4 - Fichero:10eec13365bd001111faea14e11e7656
2026-10-08 08:23:58.045 [main] INFO  Controlador.Boletin1_4 - Directorio:74
2026-10-08 08:23:58.046 [main] INFO  Controlador.Boletin1_4 - Fichero:c06d90a0a6c00011116883df672a67b1
2026-10-08 08:23:58.046 [main] INFO  Controlador.Boletin1_4 - Directorio:75
2026-10-08 08:23:58.046 [main] INFO  Controlador.Boletin1_4 - Fichero:508c6f4360bd001111faea14e11e7656
2026-10-08 08:23:58.046 [main] INFO  Controlador.Boletin1_4 - Directorio:76
2026-10-08 08:23:58.046 [main] INFO  Controlador.Boletin1_4 - Fichero:6000957d89b500111f03e93714154feb
2026-10-08 08:23:58.047 [main] INFO  Controlador.Boletin1_4 - Fichero:e03dfe2166bd001111faea14e11e7656
2026-10-08 08:23:58.047 [main] INFO  Controlador.Boletin1_4 - Directorio:77
2026-10-08 08:23:58.047 [main] INFO  Controlador.Boletin1_4 - Fichero:308b947d89b500111f03e93714154feb
2026-10-08 08:23:58.047 [main] INFO  Controlador.Boletin1_4 - Directorio:78
2026-10-08 08:23:58.048 [main] INFO  Controlador.Boletin1_4 - Fichero:607a279c9ab500111b4a8e442ae3fc7d
2026-10-08 08:23:58.048 [main] INFO  Controlador.Boletin1_4 - Directorio:79
2026-10-08 08:23:58.048 [main] INFO  Controlador.Boletin1_4 - Fichero:20ed720d5fb600111283a34d65b74646
2026-10-08 08:23:58.048 [main] INFO  Controlador.Boletin1_4 - Directorio:7a
2026-10-08 08:23:58.048 [main] INFO  Controlador.Boletin1_4 - Fichero:00e3005f6bbd001111faea14e11e7656
2026-10-08 08:23:58.048 [main] INFO  Controlador.Boletin1_4 - Fichero:40554ac089b500111f03e93714154feb
2026-10-08 08:23:58.050 [main] INFO  Controlador.Boletin1_4 - Directorio:7b
2026-10-08 08:23:58.050 [main] INFO  Controlador.Boletin1_4 - Fichero:2028d1d069bd001111faea14e11e7656
2026-10-08 08:23:58.050 [main] INFO  Controlador.Boletin1_4 - Fichero:4005f596eeb500111289d348c836e07d
2026-10-08 08:23:58.050 [main] INFO  Controlador.Boletin1_4 - Directorio:7d
2026-10-08 08:23:58.050 [main] INFO  Controlador.Boletin1_4 - Fichero:f0ee937d89b500111f03e93714154feb
2026-10-08 08:23:58.050 [main] INFO  Controlador.Boletin1_4 - Directorio:7e
2026-10-08 08:23:58.050 [main] INFO  Controlador.Boletin1_4 - Fichero:3077aec6a7c00011116883df672a67b1
2026-10-08 08:23:58.051 [main] INFO  Controlador.Boletin1_4 - Directorio:7f
2026-10-08 08:23:58.051 [main] INFO  Controlador.Boletin1_4 - Directorio:8
2026-10-08 08:23:58.051 [main] INFO  Controlador.Boletin1_4 - Fichero:2029d830a5b500111c8884e96843f29f
2026-10-08 08:23:58.051 [main] INFO  Controlador.Boletin1_4 - Directorio:81
2026-10-08 08:23:58.051 [main] INFO  Controlador.Boletin1_4 - Fichero:10b41a2990b500111f03e93714154feb
2026-10-08 08:23:58.051 [main] INFO  Controlador.Boletin1_4 - Directorio:82
2026-10-08 08:23:58.051 [main] INFO  Controlador.Boletin1_4 - Fichero:d022520e60bd001111faea14e11e7656
2026-10-08 08:23:58.053 [main] INFO  Controlador.Boletin1_4 - Fichero:d0530f31a7b500111c8884e96843f29f
2026-10-08 08:23:58.053 [main] INFO  Controlador.Boletin1_4 - Fichero:d0612b75edb500111289d348c836e07d
2026-10-08 08:23:58.053 [main] INFO  Controlador.Boletin1_4 - Directorio:83
2026-10-08 08:23:58.054 [main] INFO  Controlador.Boletin1_4 - Fichero:101981b5e0b700111a4bc7a62a8a0322
2026-10-08 08:23:58.054 [main] INFO  Controlador.Boletin1_4 - Directorio:84
2026-10-08 08:23:58.054 [main] INFO  Controlador.Boletin1_4 - Fichero:f0cfa8e7e5b700111a4bc7a62a8a0322
2026-10-08 08:23:58.054 [main] INFO  Controlador.Boletin1_4 - Directorio:86
2026-10-08 08:23:58.055 [main] INFO  Controlador.Boletin1_4 - Fichero:608b33cfa3c00011116883df672a67b1
2026-10-08 08:23:58.055 [main] INFO  Controlador.Boletin1_4 - Fichero:8012d2d069bd001111faea14e11e7656
2026-10-08 08:23:58.055 [main] INFO  Controlador.Boletin1_4 - Fichero:b024699df3b500111289d348c836e07d
2026-10-08 08:23:58.055 [main] INFO  Controlador.Boletin1_4 - Directorio:88
2026-10-08 08:23:58.055 [main] INFO  Controlador.Boletin1_4 - Directorio:89
2026-10-08 08:23:58.056 [main] INFO  Controlador.Boletin1_4 - Fichero:90364b2f60b600111283a34d65b74646
2026-10-08 08:23:58.056 [main] INFO  Controlador.Boletin1_4 - Directorio:8a
2026-10-08 08:23:58.056 [main] INFO  Controlador.Boletin1_4 - Fichero:1025717496b50011195ec22c99f244dc
2026-10-08 08:23:58.056 [main] INFO  Controlador.Boletin1_4 - Fichero:5088d6a291b500111f03e93714154feb
2026-10-08 08:23:58.056 [main] INFO  Controlador.Boletin1_4 - Directorio:8b
2026-10-08 08:23:58.056 [main] INFO  Controlador.Boletin1_4 - Directorio:8c
2026-10-08 08:23:58.057 [main] INFO  Controlador.Boletin1_4 - Fichero:70bb941ce1b700111a4bc7a62a8a0322
2026-10-08 08:23:58.057 [main] INFO  Controlador.Boletin1_4 - Directorio:8d
2026-10-08 08:23:58.057 [main] INFO  Controlador.Boletin1_4 - Fichero:b025b9cf98b500111b4a8e442ae3fc7d
2026-10-08 08:23:58.057 [main] INFO  Controlador.Boletin1_4 - Fichero:b07c08fa5db600111283a34d65b74646
2026-10-08 08:23:58.057 [main] INFO  Controlador.Boletin1_4 - Directorio:8f
2026-10-08 08:23:58.057 [main] INFO  Controlador.Boletin1_4 - Fichero:0098520e60bd001111faea14e11e7656
2026-10-08 08:23:58.058 [main] INFO  Controlador.Boletin1_4 - Fichero:00c1478ea5c00011116883df672a67b1
2026-10-08 08:23:58.058 [main] INFO  Controlador.Boletin1_4 - Directorio:9
2026-10-08 08:23:58.058 [main] INFO  Controlador.Boletin1_4 - Fichero:601d968a62b600111283a34d65b74646
2026-10-08 08:23:58.058 [main] INFO  Controlador.Boletin1_4 - Fichero:b0aeac0bf4b500111289d348c836e07d
2026-10-08 08:23:58.059 [main] INFO  Controlador.Boletin1_4 - Fichero:d0bbbbc962b600111283a34d65b74646
2026-10-08 08:23:58.059 [main] INFO  Controlador.Boletin1_4 - Directorio:90
2026-10-08 08:23:58.059 [main] INFO  Controlador.Boletin1_4 - Directorio:91
2026-10-08 08:23:58.059 [main] INFO  Controlador.Boletin1_4 - Fichero:306656d7eab700111ea3fa60e5cdf6c3
2026-10-08 08:23:58.060 [main] INFO  Controlador.Boletin1_4 - Fichero:90a122a7ecb500111289d348c836e07d
2026-10-08 08:23:58.060 [main] INFO  Controlador.Boletin1_4 - Fichero:c090dacd8fb500111f03e93714154feb
2026-10-08 08:23:58.060 [main] INFO  Controlador.Boletin1_4 - Fichero:f03c054cf6b500111289d348c836e07d
2026-10-08 08:23:58.060 [main] INFO  Controlador.Boletin1_4 - Directorio:92
2026-10-08 08:23:58.060 [main] INFO  Controlador.Boletin1_4 - Fichero:3084553a9ab500111b4a8e442ae3fc7d
2026-10-08 08:23:58.062 [main] INFO  Controlador.Boletin1_4 - Fichero:b029ca70a5c00011116883df672a67b1
2026-10-08 08:23:58.062 [main] INFO  Controlador.Boletin1_4 - Directorio:94
2026-10-08 08:23:58.062 [main] INFO  Controlador.Boletin1_4 - Fichero:3006b7b36cbd001111faea14e11e7656
2026-10-08 08:23:58.062 [main] INFO  Controlador.Boletin1_4 - Fichero:f095c800e7b700111ea3fa60e5cdf6c3
2026-10-08 08:23:58.062 [main] INFO  Controlador.Boletin1_4 - Directorio:97
2026-10-08 08:23:58.063 [main] INFO  Controlador.Boletin1_4 - Fichero:f0c3e95b94b500111f03e93714154feb
2026-10-08 08:23:58.063 [main] INFO  Controlador.Boletin1_4 - Directorio:98
2026-10-08 08:23:58.063 [main] INFO  Controlador.Boletin1_4 - Fichero:00bffec561bd001111faea14e11e7656
2026-10-08 08:23:58.063 [main] INFO  Controlador.Boletin1_4 - Fichero:80731aacecb500111289d348c836e07d
2026-10-08 08:23:58.063 [main] INFO  Controlador.Boletin1_4 - Directorio:9a
2026-10-08 08:23:58.063 [main] INFO  Controlador.Boletin1_4 - Fichero:c08db97e8ab500111f03e93714154feb
2026-10-08 08:23:58.064 [main] INFO  Controlador.Boletin1_4 - Directorio:9b
2026-10-08 08:23:58.064 [main] INFO  Controlador.Boletin1_4 - Fichero:30a68eb190b500111f03e93714154feb
2026-10-08 08:23:58.064 [main] INFO  Controlador.Boletin1_4 - Fichero:406c0e4c6bbd001111faea14e11e7656
2026-10-08 08:23:58.064 [main] INFO  Controlador.Boletin1_4 - Directorio:9c
2026-10-08 08:23:58.065 [main] INFO  Controlador.Boletin1_4 - Fichero:40bcd4c2a3c00011116883df672a67b1
2026-10-08 08:23:58.065 [main] INFO  Controlador.Boletin1_4 - Directorio:9d
2026-10-08 08:23:58.065 [main] INFO  Controlador.Boletin1_4 - Fichero:2064947d89b500111f03e93714154feb
2026-10-08 08:23:58.065 [main] INFO  Controlador.Boletin1_4 - Directorio:9e
2026-10-08 08:23:58.065 [main] INFO  Controlador.Boletin1_4 - Fichero:60893529a4c00011116883df672a67b1
2026-10-08 08:23:58.066 [main] INFO  Controlador.Boletin1_4 - Directorio:9f
2026-10-08 08:23:58.066 [main] INFO  Controlador.Boletin1_4 - Fichero:508f6bf589b500111f03e93714154feb
2026-10-08 08:23:58.066 [main] INFO  Controlador.Boletin1_4 - Fichero:a07d6b406cbd001111faea14e11e7656
2026-10-08 08:23:58.067 [main] INFO  Controlador.Boletin1_4 - Directorio:a0
2026-10-08 08:23:58.067 [main] INFO  Controlador.Boletin1_4 - Fichero:7059effca4c00011116883df672a67b1
2026-10-08 08:23:58.067 [main] INFO  Controlador.Boletin1_4 - Fichero:8047eeb090b500111f03e93714154feb
2026-10-08 08:23:58.067 [main] INFO  Controlador.Boletin1_4 - Fichero:80d76b8f95b50011195ec22c99f244dc
2026-10-08 08:23:58.067 [main] INFO  Controlador.Boletin1_4 - Fichero:e0a62040f6b500111289d348c836e07d
2026-10-08 08:23:58.068 [main] INFO  Controlador.Boletin1_4 - Directorio:a2
2026-10-08 08:23:58.068 [main] INFO  Controlador.Boletin1_4 - Fichero:a0fb842761bd001111faea14e11e7656
2026-10-08 08:23:58.068 [main] INFO  Controlador.Boletin1_4 - Directorio:a3
2026-10-08 08:23:58.068 [main] INFO  Controlador.Boletin1_4 - Fichero:90ebdf16f3b500111289d348c836e07d
2026-10-08 08:23:58.068 [main] INFO  Controlador.Boletin1_4 - Directorio:a4
2026-10-08 08:23:58.069 [main] INFO  Controlador.Boletin1_4 - Fichero:40de6dfe8fb500111f03e93714154feb
2026-10-08 08:23:58.069 [main] INFO  Controlador.Boletin1_4 - Directorio:a5
2026-10-08 08:23:58.069 [main] INFO  Controlador.Boletin1_4 - Fichero:80c076695db600111283a34d65b74646
2026-10-08 08:23:58.070 [main] INFO  Controlador.Boletin1_4 - Fichero:80c49d27f2b500111289d348c836e07d
2026-10-08 08:23:58.070 [main] INFO  Controlador.Boletin1_4 - Directorio:a7
2026-10-08 08:23:58.070 [main] INFO  Controlador.Boletin1_4 - Fichero:500bac508bb500111f03e93714154feb
2026-10-08 08:23:58.071 [main] INFO  Controlador.Boletin1_4 - Fichero:e0fdbd6566bd001111faea14e11e7656
2026-10-08 08:23:58.071 [main] INFO  Controlador.Boletin1_4 - Directorio:aa
2026-10-08 08:23:58.071 [main] INFO  Controlador.Boletin1_4 - Fichero:004fe29ba6c00011116883df672a67b1
2026-10-08 08:23:58.071 [main] INFO  Controlador.Boletin1_4 - Fichero:30665e8165bd001111faea14e11e7656
2026-10-08 08:23:58.071 [main] INFO  Controlador.Boletin1_4 - Directorio:ac
2026-10-08 08:23:58.073 [main] INFO  Controlador.Boletin1_4 - Fichero:6093a08a62bd001111faea14e11e7656
2026-10-08 08:23:58.073 [main] INFO  Controlador.Boletin1_4 - Fichero:806b968a62b600111283a34d65b74646
2026-10-08 08:23:58.073 [main] INFO  Controlador.Boletin1_4 - Directorio:ad
2026-10-08 08:23:58.073 [main] INFO  Controlador.Boletin1_4 - Fichero:50ecae2f5eb600111283a34d65b74646
2026-10-08 08:23:58.073 [main] INFO  Controlador.Boletin1_4 - Fichero:d04b300ca3c00011116883df672a67b1
2026-10-08 08:23:58.074 [main] INFO  Controlador.Boletin1_4 - Fichero:f069b46483c00011116883df672a67b1
2026-10-08 08:23:58.074 [main] INFO  Controlador.Boletin1_4 - Directorio:ae
2026-10-08 08:23:58.074 [main] INFO  Controlador.Boletin1_4 - Fichero:b0d089a16bbd001111faea14e11e7656
2026-10-08 08:23:58.074 [main] INFO  Controlador.Boletin1_4 - Directorio:af
2026-10-08 08:23:58.075 [main] INFO  Controlador.Boletin1_4 - Fichero:b03eb8c1edb500111289d348c836e07d
2026-10-08 08:23:58.075 [main] INFO  Controlador.Boletin1_4 - Directorio:b
2026-10-08 08:23:58.075 [main] INFO  Controlador.Boletin1_4 - Directorio:b2
2026-10-08 08:23:58.075 [main] INFO  Controlador.Boletin1_4 - Fichero:10180a0ea7c00011116883df672a67b1
2026-10-08 08:23:58.076 [main] INFO  Controlador.Boletin1_4 - Fichero:a0680b63e2b700111a4bc7a62a8a0322
2026-10-08 08:23:58.076 [main] INFO  Controlador.Boletin1_4 - Fichero:a07ac535a4c00011116883df672a67b1
2026-10-08 08:23:58.076 [main] INFO  Controlador.Boletin1_4 - Directorio:b3
2026-10-08 08:23:58.076 [main] INFO  Controlador.Boletin1_4 - Fichero:504de050a5c00011116883df672a67b1
2026-10-08 08:23:58.076 [main] INFO  Controlador.Boletin1_4 - Fichero:9004937d89b500111f03e93714154feb
2026-10-08 08:23:58.076 [main] INFO  Controlador.Boletin1_4 - Directorio:b5
2026-10-08 08:23:58.077 [main] INFO  Controlador.Boletin1_4 - Fichero:d0be3513e1b700111a4bc7a62a8a0322
2026-10-08 08:23:58.077 [main] INFO  Controlador.Boletin1_4 - Directorio:b7
2026-10-08 08:23:58.077 [main] INFO  Controlador.Boletin1_4 - Fichero:c0a1b2a191b500111f03e93714154feb
2026-10-08 08:23:58.077 [main] INFO  Controlador.Boletin1_4 - Fichero:f07f801666bd001111faea14e11e7656
2026-10-08 08:23:58.077 [main] INFO  Controlador.Boletin1_4 - Directorio:b8
2026-10-08 08:23:58.078 [main] INFO  Controlador.Boletin1_4 - Fichero:b0f38de3e9b700111ea3fa60e5cdf6c3
2026-10-08 08:23:58.078 [main] INFO  Controlador.Boletin1_4 - Fichero:d06e20f0edb500111289d348c836e07d
2026-10-08 08:23:58.078 [main] INFO  Controlador.Boletin1_4 - Directorio:b9
2026-10-08 08:23:58.078 [main] INFO  Controlador.Boletin1_4 - Fichero:00e8103c6abd001111faea14e11e7656
2026-10-08 08:23:58.078 [main] INFO  Controlador.Boletin1_4 - Directorio:bb
2026-10-08 08:23:58.078 [main] INFO  Controlador.Boletin1_4 - Fichero:90e604a6a2c00011116883df672a67b1
2026-10-08 08:23:58.079 [main] INFO  Controlador.Boletin1_4 - Directorio:bc
2026-10-08 08:23:58.079 [main] INFO  Controlador.Boletin1_4 - Fichero:70ddc159edb500111289d348c836e07d
2026-10-08 08:23:58.079 [main] INFO  Controlador.Boletin1_4 - Fichero:a08828fde2b700111a4bc7a62a8a0322
2026-10-08 08:23:58.079 [main] INFO  Controlador.Boletin1_4 - Directorio:bd
2026-10-08 08:23:58.079 [main] INFO  Controlador.Boletin1_4 - Fichero:401044d38fb500111f03e93714154feb
2026-10-08 08:23:58.080 [main] INFO  Controlador.Boletin1_4 - Directorio:be
2026-10-08 08:23:58.080 [main] INFO  Controlador.Boletin1_4 - Fichero:009153919ab500111b4a8e442ae3fc7d
2026-10-08 08:23:58.080 [main] INFO  Controlador.Boletin1_4 - Fichero:20ec3030a7c00011116883df672a67b1
2026-10-08 08:23:58.080 [main] INFO  Controlador.Boletin1_4 - Directorio:c
2026-10-08 08:23:58.080 [main] INFO  Controlador.Boletin1_4 - Fichero:7032ebb260b600111283a34d65b74646
2026-10-08 08:23:58.081 [main] INFO  Controlador.Boletin1_4 - Fichero:c0b9464765bd001111faea14e11e7656
2026-10-08 08:23:58.081 [main] INFO  Controlador.Boletin1_4 - Fichero:e0463faa6bbd001111faea14e11e7656
2026-10-08 08:23:58.081 [main] INFO  Controlador.Boletin1_4 - Directorio:c0
2026-10-08 08:23:58.081 [main] INFO  Controlador.Boletin1_4 - Fichero:a0771c836abd001111faea14e11e7656
2026-10-08 08:23:58.081 [main] INFO  Controlador.Boletin1_4 - Directorio:c1
2026-10-08 08:23:58.082 [main] INFO  Controlador.Boletin1_4 - Fichero:70ea9d9e62bd001111faea14e11e7656
2026-10-08 08:23:58.082 [main] INFO  Controlador.Boletin1_4 - Directorio:c2
2026-10-08 08:23:58.083 [main] INFO  Controlador.Boletin1_4 - Fichero:c0c8a56e91b500111f03e93714154feb
2026-10-08 08:23:58.083 [main] INFO  Controlador.Boletin1_4 - Directorio:c3
2026-10-08 08:23:58.083 [main] INFO  Controlador.Boletin1_4 - Fichero:6098c175a3c00011116883df672a67b1
2026-10-08 08:23:58.083 [main] INFO  Controlador.Boletin1_4 - Fichero:90aed24de6b700111ea3fa60e5cdf6c3
2026-10-08 08:23:58.083 [main] INFO  Controlador.Boletin1_4 - Fichero:e03ca0f08fb500111f03e93714154feb
2026-10-08 08:23:58.084 [main] INFO  Controlador.Boletin1_4 - Directorio:c4
2026-10-08 08:23:58.084 [main] INFO  Controlador.Boletin1_4 - Fichero:e0a4fa6960bd001111faea14e11e7656
2026-10-08 08:23:58.084 [main] INFO  Controlador.Boletin1_4 - Directorio:c6
2026-10-08 08:23:58.084 [main] INFO  Controlador.Boletin1_4 - Fichero:0048e93f9ab500111b4a8e442ae3fc7d
2026-10-08 08:23:58.084 [main] INFO  Controlador.Boletin1_4 - Directorio:c7
2026-10-08 08:23:58.084 [main] INFO  Controlador.Boletin1_4 - Fichero:8019cca662b600111283a34d65b74646
2026-10-08 08:23:58.084 [main] INFO  Controlador.Boletin1_4 - Fichero:d08af4b06cbd001111faea14e11e7656
2026-10-08 08:23:58.084 [main] INFO  Controlador.Boletin1_4 - Directorio:c9
2026-10-08 08:23:58.086 [main] INFO  Controlador.Boletin1_4 - Fichero:308fe7106abd001111faea14e11e7656
2026-10-08 08:23:58.086 [main] INFO  Controlador.Boletin1_4 - Directorio:ca
2026-10-08 08:23:58.086 [main] INFO  Controlador.Boletin1_4 - Fichero:00196f32f6b500111289d348c836e07d
2026-10-08 08:23:58.086 [main] INFO  Controlador.Boletin1_4 - Fichero:50ab1543f3b500111289d348c836e07d
2026-10-08 08:23:58.087 [main] INFO  Controlador.Boletin1_4 - Fichero:60bd40d16abd001111faea14e11e7656
2026-10-08 08:23:58.087 [main] INFO  Controlador.Boletin1_4 - Directorio:cb
2026-10-08 08:23:58.087 [main] INFO  Controlador.Boletin1_4 - Fichero:10d44ad6f1b500111289d348c836e07d
2026-10-08 08:23:58.087 [main] INFO  Controlador.Boletin1_4 - Fichero:50b41ef192b500111f03e93714154feb
2026-10-08 08:23:58.087 [main] INFO  Controlador.Boletin1_4 - Directorio:cc
2026-10-08 08:23:58.088 [main] INFO  Controlador.Boletin1_4 - Fichero:50760277eeb500111289d348c836e07d
2026-10-08 08:23:58.088 [main] INFO  Controlador.Boletin1_4 - Fichero:d0d49db991b500111f03e93714154feb
2026-10-08 08:23:58.088 [main] INFO  Controlador.Boletin1_4 - Directorio:cd
2026-10-08 08:23:58.088 [main] INFO  Controlador.Boletin1_4 - Directorio:ce
2026-10-08 08:23:58.088 [main] INFO  Controlador.Boletin1_4 - Fichero:90c8473a9ab500111b4a8e442ae3fc7d
2026-10-08 08:23:58.088 [main] INFO  Controlador.Boletin1_4 - Directorio:d
2026-10-08 08:23:58.088 [main] INFO  Controlador.Boletin1_4 - Fichero:70c2665a60bd001111faea14e11e7656
2026-10-08 08:23:58.089 [main] INFO  Controlador.Boletin1_4 - Fichero:a0208ba79ab500111b4a8e442ae3fc7d
2026-10-08 08:23:58.089 [main] INFO  Controlador.Boletin1_4 - Fichero:e0100aea69bd001111faea14e11e7656
2026-10-08 08:23:58.089 [main] INFO  Controlador.Boletin1_4 - Directorio:d0
2026-10-08 08:23:58.090 [main] INFO  Controlador.Boletin1_4 - Fichero:205324475eb600111283a34d65b74646
2026-10-08 08:23:58.090 [main] INFO  Controlador.Boletin1_4 - Directorio:d1
2026-10-08 08:23:58.090 [main] INFO  Controlador.Boletin1_4 - Fichero:50e4b90ae3b700111a4bc7a62a8a0322
2026-10-08 08:23:58.090 [main] INFO  Controlador.Boletin1_4 - Directorio:d4
2026-10-08 08:23:58.090 [main] INFO  Controlador.Boletin1_4 - Fichero:00aa006deeb500111289d348c836e07d
2026-10-08 08:23:58.090 [main] INFO  Controlador.Boletin1_4 - Directorio:d5
2026-10-08 08:23:58.091 [main] INFO  Controlador.Boletin1_4 - Fichero:20cfd97d6cbd001111faea14e11e7656
2026-10-08 08:23:58.091 [main] INFO  Controlador.Boletin1_4 - Fichero:a0acf56ca6c00011116883df672a67b1
2026-10-08 08:23:58.091 [main] INFO  Controlador.Boletin1_4 - Fichero:b0e6c3f76abd001111faea14e11e7656
2026-10-08 08:23:58.091 [main] INFO  Controlador.Boletin1_4 - Directorio:d6
2026-10-08 08:23:58.091 [main] INFO  Controlador.Boletin1_4 - Fichero:902483578bb500111f03e93714154feb
2026-10-08 08:23:58.093 [main] INFO  Controlador.Boletin1_4 - Fichero:e0577dcee9b700111ea3fa60e5cdf6c3
2026-10-08 08:23:58.093 [main] INFO  Controlador.Boletin1_4 - Directorio:d7
2026-10-08 08:23:58.093 [main] INFO  Controlador.Boletin1_4 - Directorio:d9
2026-10-08 08:23:58.093 [main] INFO  Controlador.Boletin1_4 - Fichero:105a958a62b600111283a34d65b74646
2026-10-08 08:23:58.093 [main] INFO  Controlador.Boletin1_4 - Fichero:5076bbe26cbd001111faea14e11e7656
2026-10-08 08:23:58.093 [main] INFO  Controlador.Boletin1_4 - Fichero:b09b9d92a7c00011116883df672a67b1
2026-10-08 08:23:58.094 [main] INFO  Controlador.Boletin1_4 - Directorio:da
2026-10-08 08:23:58.094 [main] INFO  Controlador.Boletin1_4 - Fichero:203318b8eab700111ea3fa60e5cdf6c3
2026-10-08 08:23:58.094 [main] INFO  Controlador.Boletin1_4 - Fichero:80c82ed65db600111283a34d65b74646
2026-10-08 08:23:58.094 [main] INFO  Controlador.Boletin1_4 - Directorio:db
2026-10-08 08:23:58.095 [main] INFO  Controlador.Boletin1_4 - Fichero:b021fd5b90b500111f03e93714154feb
2026-10-08 08:23:58.095 [main] INFO  Controlador.Boletin1_4 - Directorio:dc
2026-10-08 08:23:58.095 [main] INFO  Controlador.Boletin1_4 - Fichero:40c0bde26cbd001111faea14e11e7656
2026-10-08 08:23:58.095 [main] INFO  Controlador.Boletin1_4 - Directorio:dd
2026-10-08 08:23:58.095 [main] INFO  Controlador.Boletin1_4 - Fichero:b0d572d1dfb700111a4bc7a62a8a0322
2026-10-08 08:23:58.095 [main] INFO  Controlador.Boletin1_4 - Directorio:de
2026-10-08 08:23:58.096 [main] INFO  Controlador.Boletin1_4 - Fichero:605f67de96c00011116883df672a67b1
2026-10-08 08:23:58.096 [main] INFO  Controlador.Boletin1_4 - Directorio:df
2026-10-08 08:23:58.096 [main] INFO  Controlador.Boletin1_4 - Directorio:e
2026-10-08 08:23:58.096 [main] INFO  Controlador.Boletin1_4 - Fichero:d0db687a8bb500111f03e93714154feb
2026-10-08 08:23:58.096 [main] INFO  Controlador.Boletin1_4 - Directorio:e0
2026-10-08 08:23:58.097 [main] INFO  Controlador.Boletin1_4 - Fichero:10e02ecd92b500111f03e93714154feb
2026-10-08 08:23:58.097 [main] INFO  Controlador.Boletin1_4 - Fichero:700e9ce0eab700111ea3fa60e5cdf6c3
2026-10-08 08:23:58.097 [main] INFO  Controlador.Boletin1_4 - Directorio:e2
2026-10-08 08:23:58.097 [main] INFO  Controlador.Boletin1_4 - Fichero:7039832b5db600111283a34d65b74646
2026-10-08 08:23:58.098 [main] INFO  Controlador.Boletin1_4 - Fichero:f0be852761bd001111faea14e11e7656
2026-10-08 08:23:58.098 [main] INFO  Controlador.Boletin1_4 - Directorio:e3
2026-10-08 08:23:58.098 [main] INFO  Controlador.Boletin1_4 - Fichero:20092c7665bd001111faea14e11e7656
2026-10-08 08:23:58.098 [main] INFO  Controlador.Boletin1_4 - Directorio:e5
2026-10-08 08:23:58.098 [main] INFO  Controlador.Boletin1_4 - Fichero:40fa9d9bf6b500111289d348c836e07d
2026-10-08 08:23:58.098 [main] INFO  Controlador.Boletin1_4 - Directorio:e7
2026-10-08 08:23:58.098 [main] INFO  Controlador.Boletin1_4 - Fichero:200afeb9eab700111ea3fa60e5cdf6c3
2026-10-08 08:23:58.099 [main] INFO  Controlador.Boletin1_4 - Fichero:30a8958a62b600111283a34d65b74646
2026-10-08 08:23:58.099 [main] INFO  Controlador.Boletin1_4 - Directorio:e8
2026-10-08 08:23:58.099 [main] INFO  Controlador.Boletin1_4 - Fichero:403cc85e6abd001111faea14e11e7656
2026-10-08 08:23:58.099 [main] INFO  Controlador.Boletin1_4 - Directorio:ea
2026-10-08 08:23:58.099 [main] INFO  Controlador.Boletin1_4 - Fichero:207914ec64bd001111faea14e11e7656
2026-10-08 08:23:58.099 [main] INFO  Controlador.Boletin1_4 - Fichero:209ee70262b600111283a34d65b74646
2026-10-08 08:23:58.099 [main] INFO  Controlador.Boletin1_4 - Fichero:60c06b0fa6c00011116883df672a67b1
2026-10-08 08:23:58.101 [main] INFO  Controlador.Boletin1_4 - Fichero:a00c2905f4b500111289d348c836e07d
2026-10-08 08:23:58.101 [main] INFO  Controlador.Boletin1_4 - Directorio:eb
2026-10-08 08:23:58.101 [main] INFO  Controlador.Boletin1_4 - Fichero:e06c8399a5c00011116883df672a67b1
2026-10-08 08:23:58.101 [main] INFO  Controlador.Boletin1_4 - Directorio:ec
2026-10-08 08:23:58.101 [main] INFO  Controlador.Boletin1_4 - Fichero:f07f798deeb500111289d348c836e07d
2026-10-08 08:23:58.101 [main] INFO  Controlador.Boletin1_4 - Directorio:ee
2026-10-08 08:23:58.102 [main] INFO  Controlador.Boletin1_4 - Fichero:50452fcea4c00011116883df672a67b1
2026-10-08 08:23:58.102 [main] INFO  Controlador.Boletin1_4 - Directorio:ef
2026-10-08 08:23:58.102 [main] INFO  Controlador.Boletin1_4 - Fichero:3027473260bd001111faea14e11e7656
2026-10-08 08:23:58.102 [main] INFO  Controlador.Boletin1_4 - Directorio:f
2026-10-08 08:23:58.102 [main] INFO  Controlador.Boletin1_4 - Fichero:600b4aac62b600111283a34d65b74646
2026-10-08 08:23:58.102 [main] INFO  Controlador.Boletin1_4 - Directorio:f0
2026-10-08 08:23:58.103 [main] INFO  Controlador.Boletin1_4 - Directorio:f1
2026-10-08 08:23:58.103 [main] INFO  Controlador.Boletin1_4 - Fichero:509dd1d069bd001111faea14e11e7656
2026-10-08 08:23:58.103 [main] INFO  Controlador.Boletin1_4 - Fichero:c048253d6bbd001111faea14e11e7656
2026-10-08 08:23:58.103 [main] INFO  Controlador.Boletin1_4 - Directorio:f2
2026-10-08 08:23:58.103 [main] INFO  Controlador.Boletin1_4 - Fichero:005fac84a2c00011116883df672a67b1
2026-10-08 08:23:58.103 [main] INFO  Controlador.Boletin1_4 - Fichero:3069d873a7c00011116883df672a67b1
2026-10-08 08:23:58.103 [main] INFO  Controlador.Boletin1_4 - Fichero:40b6a3f891b500111f03e93714154feb
2026-10-08 08:23:58.103 [main] INFO  Controlador.Boletin1_4 - Fichero:70fe61df92b500111f03e93714154feb
2026-10-08 08:23:58.103 [main] INFO  Controlador.Boletin1_4 - Fichero:b0129e1669bd001111faea14e11e7656
2026-10-08 08:23:58.103 [main] INFO  Controlador.Boletin1_4 - Directorio:f3
2026-10-08 08:23:58.103 [main] INFO  Controlador.Boletin1_4 - Fichero:00aa931ce1b700111a4bc7a62a8a0322
2026-10-08 08:23:58.103 [main] INFO  Controlador.Boletin1_4 - Directorio:f4
2026-10-08 08:23:58.104 [main] INFO  Controlador.Boletin1_4 - Fichero:005938a0edb500111289d348c836e07d
2026-10-08 08:23:58.104 [main] INFO  Controlador.Boletin1_4 - Directorio:f6
2026-10-08 08:23:58.104 [main] INFO  Controlador.Boletin1_4 - Fichero:2003c3b66bbd001111faea14e11e7656
2026-10-08 08:23:58.104 [main] INFO  Controlador.Boletin1_4 - Fichero:a0f76e4e83c00011116883df672a67b1
2026-10-08 08:23:58.105 [main] INFO  Controlador.Boletin1_4 - Fichero:b01024ceeeb500111289d348c836e07d
2026-10-08 08:23:58.105 [main] INFO  Controlador.Boletin1_4 - Fichero:d04d376fa6b500111c8884e96843f29f
2026-10-08 08:23:58.105 [main] INFO  Controlador.Boletin1_4 - Directorio:f7
2026-10-08 08:23:58.105 [main] INFO  Controlador.Boletin1_4 - Fichero:30221e04eab700111ea3fa60e5cdf6c3
2026-10-08 08:23:58.105 [main] INFO  Controlador.Boletin1_4 - Fichero:7065ca4a69bd001111faea14e11e7656
2026-10-08 08:23:58.105 [main] INFO  Controlador.Boletin1_4 - Directorio:f8
2026-10-08 08:23:58.106 [main] INFO  Controlador.Boletin1_4 - Fichero:f01cab545db600111283a34d65b74646
2026-10-08 08:23:58.106 [main] INFO  Controlador.Boletin1_4 - Directorio:fa
2026-10-08 08:23:58.106 [main] INFO  Controlador.Boletin1_4 - Fichero:102c105a62bd001111faea14e11e7656
2026-10-08 08:23:58.106 [main] INFO  Controlador.Boletin1_4 - Fichero:80a5ec6fa6c00011116883df672a67b1
2026-10-08 08:23:58.106 [main] INFO  Controlador.Boletin1_4 - Directorio:fb
2026-10-08 08:23:58.107 [main] INFO  Controlador.Boletin1_4 - Fichero:707cb353a3c00011116883df672a67b1
2026-10-08 08:23:58.107 [main] INFO  Controlador.Boletin1_4 - Fichero:90b37413a8c00011116883df672a67b1
2026-10-08 08:23:58.107 [main] INFO  Controlador.Boletin1_4 - Directorio:fc
2026-10-08 08:23:58.107 [main] INFO  Controlador.Boletin1_4 - Fichero:10168cca60b600111283a34d65b74646
2026-10-08 08:23:58.108 [main] INFO  Controlador.Boletin1_4 - Fichero:f04a294bedb500111289d348c836e07d
2026-10-08 08:23:58.108 [main] INFO  Controlador.Boletin1_4 - Directorio:fd
2026-10-08 08:23:58.108 [main] INFO  Controlador.Boletin1_4 - Fichero:508ee820f6b500111289d348c836e07d
2026-10-08 08:23:58.108 [main] INFO  Controlador.Boletin1_4 - Directorio:fe
2026-10-08 08:23:58.109 [main] INFO  Controlador.Boletin1_4 - Fichero:00ed3ee6f3b500111289d348c836e07d
2026-10-08 08:23:58.109 [main] INFO  Controlador.Boletin1_4 - Fichero:7092e81e60b600111283a34d65b74646
2026-10-08 08:23:58.109 [main] INFO  Controlador.Boletin1_4 - Fichero:80efb196f3b500111289d348c836e07d
2026-10-08 08:23:58.109 [main] INFO  Controlador.Boletin1_4 - Directorio:.projects
2026-10-08 08:23:58.109 [main] INFO  Controlador.Boletin1_4 - Directorio:.org.eclipse.egit.core.cmp
2026-10-08 08:23:58.110 [main] INFO  Controlador.Boletin1_4 - Fichero:.location
2026-10-08 08:23:58.110 [main] INFO  Controlador.Boletin1_4 - Fichero:.markers.snap
2026-10-08 08:23:58.110 [main] INFO  Controlador.Boletin1_4 - Fichero:.syncinfo.snap
2026-10-08 08:23:58.110 [main] INFO  Controlador.Boletin1_4 - Directorio:Biblioteca
2026-10-08 08:23:58.110 [main] INFO  Controlador.Boletin1_4 - Directorio:.indexes
2026-10-08 08:23:58.110 [main] INFO  Controlador.Boletin1_4 - Fichero:properties.index
2026-10-08 08:23:58.110 [main] INFO  Controlador.Boletin1_4 - Fichero:.location
2026-10-08 08:23:58.110 [main] INFO  Controlador.Boletin1_4 - Fichero:.markers.snap
2026-10-08 08:23:58.110 [main] INFO  Controlador.Boletin1_4 - Fichero:.syncinfo.snap
2026-10-08 08:23:58.110 [main] INFO  Controlador.Boletin1_4 - Directorio:org.eclipse.egit.core
2026-10-08 08:23:58.110 [main] INFO  Controlador.Boletin1_4 - Fichero:GitProjectData.properties
2026-10-08 08:23:58.110 [main] INFO  Controlador.Boletin1_4 - Directorio:org.eclipse.jdt.apt.core
2026-10-08 08:23:58.110 [main] INFO  Controlador.Boletin1_4 - Directorio:org.eclipse.jdt.core
2026-10-08 08:23:58.112 [main] INFO  Controlador.Boletin1_4 - Directorio:Comienzo
2026-10-08 08:23:58.112 [main] INFO  Controlador.Boletin1_4 - Directorio:.indexes
2026-10-08 08:23:58.112 [main] INFO  Controlador.Boletin1_4 - Fichero:properties.index
2026-10-08 08:23:58.112 [main] INFO  Controlador.Boletin1_4 - Fichero:.location
2026-10-08 08:23:58.112 [main] INFO  Controlador.Boletin1_4 - Directorio:org.eclipse.egit.core
2026-10-08 08:23:58.112 [main] INFO  Controlador.Boletin1_4 - Fichero:GitProjectData.properties
2026-10-08 08:23:58.112 [main] INFO  Controlador.Boletin1_4 - Directorio:org.eclipse.jdt.core
2026-10-08 08:23:58.112 [main] INFO  Controlador.Boletin1_4 - Fichero:state.dat
2026-10-08 08:23:58.112 [main] INFO  Controlador.Boletin1_4 - Directorio:EldenRing
2026-10-08 08:23:58.112 [main] INFO  Controlador.Boletin1_4 - Directorio:.indexes
2026-10-08 08:23:58.112 [main] INFO  Controlador.Boletin1_4 - Fichero:properties.index
2026-10-08 08:23:58.112 [main] INFO  Controlador.Boletin1_4 - Fichero:.location
2026-10-08 08:23:58.112 [main] INFO  Controlador.Boletin1_4 - Fichero:.markers.snap
2026-10-08 08:23:58.112 [main] INFO  Controlador.Boletin1_4 - Fichero:.syncinfo.snap
2026-10-08 08:23:58.112 [main] INFO  Controlador.Boletin1_4 - Directorio:org.eclipse.egit.core
2026-10-08 08:23:58.113 [main] INFO  Controlador.Boletin1_4 - Fichero:GitProjectData.properties
2026-10-08 08:23:58.113 [main] INFO  Controlador.Boletin1_4 - Directorio:org.eclipse.jdt.core
2026-10-08 08:23:58.113 [main] INFO  Controlador.Boletin1_4 - Directorio:repasoJava
2026-10-08 08:23:58.113 [main] INFO  Controlador.Boletin1_4 - Directorio:.indexes
2026-10-08 08:23:58.113 [main] INFO  Controlador.Boletin1_4 - Fichero:properties.index
2026-10-08 08:23:58.113 [main] INFO  Controlador.Boletin1_4 - Fichero:.location
2026-10-08 08:23:58.113 [main] INFO  Controlador.Boletin1_4 - Fichero:.markers.snap
2026-10-08 08:23:58.113 [main] INFO  Controlador.Boletin1_4 - Fichero:.syncinfo.snap
2026-10-08 08:23:58.113 [main] INFO  Controlador.Boletin1_4 - Directorio:org.eclipse.egit.core
2026-10-08 08:23:58.114 [main] INFO  Controlador.Boletin1_4 - Fichero:GitProjectData.properties
2026-10-08 08:23:58.114 [main] INFO  Controlador.Boletin1_4 - Directorio:org.eclipse.jdt.apt.core
2026-10-08 08:23:58.114 [main] INFO  Controlador.Boletin1_4 - Directorio:org.eclipse.jdt.core
2026-10-08 08:23:58.114 [main] INFO  Controlador.Boletin1_4 - Directorio:Unidad1File
2026-10-08 08:23:58.114 [main] INFO  Controlador.Boletin1_4 - Directorio:.indexes
2026-10-08 08:23:58.114 [main] INFO  Controlador.Boletin1_4 - Fichero:properties.index
2026-10-08 08:23:58.114 [main] INFO  Controlador.Boletin1_4 - Fichero:.location
2026-10-08 08:23:58.114 [main] INFO  Controlador.Boletin1_4 - Fichero:.markers.snap
2026-10-08 08:23:58.115 [main] INFO  Controlador.Boletin1_4 - Fichero:.syncinfo.snap
2026-10-08 08:23:58.115 [main] INFO  Controlador.Boletin1_4 - Directorio:org.eclipse.egit.core
2026-10-08 08:23:58.115 [main] INFO  Controlador.Boletin1_4 - Fichero:GitProjectData.properties
2026-10-08 08:23:58.115 [main] INFO  Controlador.Boletin1_4 - Directorio:org.eclipse.jdt.core
2026-10-08 08:23:58.115 [main] INFO  Controlador.Boletin1_4 - Directorio:.root
2026-10-08 08:23:58.115 [main] INFO  Controlador.Boletin1_4 - Directorio:.indexes
2026-10-08 08:23:58.115 [main] INFO  Controlador.Boletin1_4 - Fichero:history.version
2026-10-08 08:23:58.115 [main] INFO  Controlador.Boletin1_4 - Fichero:properties.index
2026-10-08 08:23:58.117 [main] INFO  Controlador.Boletin1_4 - Fichero:properties.version
2026-10-08 08:23:58.117 [main] INFO  Controlador.Boletin1_4 - Fichero:.markers.snap
2026-10-08 08:23:58.117 [main] INFO  Controlador.Boletin1_4 - Fichero:14.tree
2026-10-08 08:23:58.117 [main] INFO  Controlador.Boletin1_4 - Directorio:.safetable
2026-10-08 08:23:58.117 [main] INFO  Controlador.Boletin1_4 - Fichero:org.eclipse.core.resources
2026-10-08 08:23:58.117 [main] INFO  Controlador.Boletin1_4 - Fichero:18.snap
2026-10-08 08:23:58.117 [main] INFO  Controlador.Boletin1_4 - Directorio:org.eclipse.core.runtime
2026-10-08 08:23:58.117 [main] INFO  Controlador.Boletin1_4 - Directorio:.settings
2026-10-08 08:23:58.118 [main] INFO  Controlador.Boletin1_4 - Fichero:org.eclipse.ant.ui.prefs
2026-10-08 08:23:58.118 [main] INFO  Controlador.Boletin1_4 - Fichero:org.eclipse.core.resources.prefs
2026-10-08 08:23:58.118 [main] INFO  Controlador.Boletin1_4 - Fichero:org.eclipse.core.variables.prefs
2026-10-08 08:23:58.118 [main] INFO  Controlador.Boletin1_4 - Fichero:org.eclipse.debug.core.prefs
2026-10-08 08:23:58.118 [main] INFO  Controlador.Boletin1_4 - Fichero:org.eclipse.debug.ui.prefs
2026-10-08 08:23:58.118 [main] INFO  Controlador.Boletin1_4 - Fichero:org.eclipse.e4.ui.css.swt.theme.prefs
2026-10-08 08:23:58.118 [main] INFO  Controlador.Boletin1_4 - Fichero:org.eclipse.e4.ui.workbench.renderers.swt.prefs
2026-10-08 08:23:58.118 [main] INFO  Controlador.Boletin1_4 - Fichero:org.eclipse.egit.core.prefs
2026-10-08 08:23:58.118 [main] INFO  Controlador.Boletin1_4 - Fichero:org.eclipse.jdt.core.prefs
2026-10-08 08:23:58.118 [main] INFO  Controlador.Boletin1_4 - Fichero:org.eclipse.jdt.debug.ui.prefs
2026-10-08 08:23:58.118 [main] INFO  Controlador.Boletin1_4 - Fichero:org.eclipse.jdt.junit.prefs
2026-10-08 08:23:58.118 [main] INFO  Controlador.Boletin1_4 - Fichero:org.eclipse.jdt.launching.prefs
2026-10-08 08:23:58.118 [main] INFO  Controlador.Boletin1_4 - Fichero:org.eclipse.jdt.ui.prefs
2026-10-08 08:23:58.119 [main] INFO  Controlador.Boletin1_4 - Fichero:org.eclipse.jsch.core.prefs
2026-10-08 08:23:58.119 [main] INFO  Controlador.Boletin1_4 - Fichero:org.eclipse.jst.j2ee.webservice.ui.prefs
2026-10-08 08:23:58.119 [main] INFO  Controlador.Boletin1_4 - Fichero:org.eclipse.jst.jsp.core.prefs
2026-10-08 08:23:58.119 [main] INFO  Controlador.Boletin1_4 - Fichero:org.eclipse.m2e.discovery.prefs
2026-10-08 08:23:58.119 [main] INFO  Controlador.Boletin1_4 - Fichero:org.eclipse.mylyn.context.core.prefs
2026-10-08 08:23:58.119 [main] INFO  Controlador.Boletin1_4 - Fichero:org.eclipse.mylyn.java.ui.prefs
2026-10-08 08:23:58.119 [main] INFO  Controlador.Boletin1_4 - Fichero:org.eclipse.mylyn.monitor.ui.prefs
2026-10-08 08:23:58.119 [main] INFO  Controlador.Boletin1_4 - Fichero:org.eclipse.mylyn.tasks.ui.prefs
2026-10-08 08:23:58.119 [main] INFO  Controlador.Boletin1_4 - Fichero:org.eclipse.pde.api.tools.prefs
2026-10-08 08:23:58.119 [main] INFO  Controlador.Boletin1_4 - Fichero:org.eclipse.ui.browser.prefs
2026-10-08 08:23:58.119 [main] INFO  Controlador.Boletin1_4 - Fichero:org.eclipse.ui.console.prefs
2026-10-08 08:23:58.119 [main] INFO  Controlador.Boletin1_4 - Fichero:org.eclipse.ui.ide.prefs
2026-10-08 08:23:58.119 [main] INFO  Controlador.Boletin1_4 - Fichero:org.eclipse.ui.navigator.prefs
2026-10-08 08:23:58.120 [main] INFO  Controlador.Boletin1_4 - Fichero:org.eclipse.ui.prefs
2026-10-08 08:23:58.120 [main] INFO  Controlador.Boletin1_4 - Fichero:org.eclipse.ui.workbench.prefs
2026-10-08 08:23:58.120 [main] INFO  Controlador.Boletin1_4 - Fichero:org.eclipse.wst.jsdt.ui.prefs
2026-10-08 08:23:58.120 [main] INFO  Controlador.Boletin1_4 - Fichero:org.eclipse.wst.sse.ui.prefs
2026-10-08 08:23:58.120 [main] INFO  Controlador.Boletin1_4 - Fichero:org.eclipse.wst.ws.service.policy.prefs
2026-10-08 08:23:58.120 [main] INFO  Controlador.Boletin1_4 - Fichero:org.eclipse.wst.xml.ui.prefs
2026-10-08 08:23:58.120 [main] INFO  Controlador.Boletin1_4 - Directorio:org.eclipse.debug.core
2026-10-08 08:23:58.120 [main] INFO  Controlador.Boletin1_4 - Directorio:.launches
2026-10-08 08:23:58.120 [main] INFO  Controlador.Boletin1_4 - Fichero:Boletin1_1.launch
2026-10-08 08:23:58.121 [main] INFO  Controlador.Boletin1_4 - Fichero:Boletin1_2.launch
2026-10-08 08:23:58.121 [main] INFO  Controlador.Boletin1_4 - Fichero:Boletin1_3.launch
2026-10-08 08:23:58.121 [main] INFO  Controlador.Boletin1_4 - Fichero:Boletin1_4.launch
2026-10-08 08:23:58.121 [main] INFO  Controlador.Boletin1_4 - Fichero:ClaseFile (1).launch
2026-10-08 08:23:58.121 [main] INFO  Controlador.Boletin1_4 - Fichero:ClaseFile.launch
2026-10-08 08:23:58.121 [main] INFO  Controlador.Boletin1_4 - Fichero:Dia1Excepciones.launch
2026-10-08 08:23:58.121 [main] INFO  Controlador.Boletin1_4 - Fichero:GestionaEvento.launch
2026-10-08 08:23:58.121 [main] INFO  Controlador.Boletin1_4 - Directorio:org.eclipse.debug.ui
2026-10-08 08:23:58.121 [main] INFO  Controlador.Boletin1_4 - Fichero:dialog_settings.xml
2026-10-08 08:23:58.121 [main] INFO  Controlador.Boletin1_4 - Fichero:launchConfigurationHistory.xml
2026-10-08 08:23:58.121 [main] INFO  Controlador.Boletin1_4 - Directorio:org.eclipse.e4.workbench
2026-10-08 08:23:58.121 [main] INFO  Controlador.Boletin1_4 - Fichero:last_nl.properties
2026-10-08 08:23:58.121 [main] INFO  Controlador.Boletin1_4 - Fichero:workbench.xmi
2026-10-08 08:23:58.121 [main] INFO  Controlador.Boletin1_4 - Directorio:org.eclipse.eclemma.core
2026-10-08 08:23:58.121 [main] INFO  Controlador.Boletin1_4 - Directorio:.execdata
2026-10-08 08:23:58.123 [main] INFO  Controlador.Boletin1_4 - Directorio:org.eclipse.egit.core
2026-10-08 08:23:58.123 [main] INFO  Controlador.Boletin1_4 - Directorio:.org.eclipse.egit.core.cmp
2026-10-08 08:23:58.123 [main] INFO  Controlador.Boletin1_4 - Fichero:.project
2026-10-08 08:23:58.123 [main] INFO  Controlador.Boletin1_4 - Directorio:.settings
2026-10-08 08:23:58.123 [main] INFO  Controlador.Boletin1_4 - Fichero:org.eclipse.core.resources.prefs
2026-10-08 08:23:58.123 [main] INFO  Controlador.Boletin1_4 - Directorio:org.eclipse.egit.ui
2026-10-08 08:23:58.124 [main] INFO  Controlador.Boletin1_4 - Fichero:dialog_settings.xml
2026-10-08 08:23:58.124 [main] INFO  Controlador.Boletin1_4 - Directorio:org.eclipse.emf.common.ui
2026-10-08 08:23:58.124 [main] INFO  Controlador.Boletin1_4 - Directorio:org.eclipse.jdt.core
2026-10-08 08:23:58.124 [main] INFO  Controlador.Boletin1_4 - Fichero:1204385438.index
2026-10-08 08:23:58.124 [main] INFO  Controlador.Boletin1_4 - Fichero:1283376873.index
2026-10-08 08:23:58.124 [main] INFO  Controlador.Boletin1_4 - Fichero:1552631659.index
2026-10-08 08:23:58.124 [main] INFO  Controlador.Boletin1_4 - Fichero:1865797976.index
2026-10-08 08:23:58.124 [main] INFO  Controlador.Boletin1_4 - Fichero:252629216.index
2026-10-08 08:23:58.124 [main] INFO  Controlador.Boletin1_4 - Fichero:2657171946.index
2026-10-08 08:23:58.125 [main] INFO  Controlador.Boletin1_4 - Fichero:339914883.index
2026-10-08 08:23:58.125 [main] INFO  Controlador.Boletin1_4 - Fichero:3772730432.index
2026-10-08 08:23:58.125 [main] INFO  Controlador.Boletin1_4 - Fichero:assumedExternalFilesCache
2026-10-08 08:23:58.125 [main] INFO  Controlador.Boletin1_4 - Fichero:externalFilesCache
2026-10-08 08:23:58.125 [main] INFO  Controlador.Boletin1_4 - Fichero:externalLibsTimeStamps
2026-10-08 08:23:58.125 [main] INFO  Controlador.Boletin1_4 - Fichero:javaLikeNames.txt
2026-10-08 08:23:58.125 [main] INFO  Controlador.Boletin1_4 - Fichero:nonChainingJarsCache
2026-10-08 08:23:58.125 [main] INFO  Controlador.Boletin1_4 - Fichero:savedIndexNames.txt
2026-10-08 08:23:58.125 [main] INFO  Controlador.Boletin1_4 - Fichero:variablesAndContainers.dat
2026-10-08 08:23:58.125 [main] INFO  Controlador.Boletin1_4 - Directorio:org.eclipse.jdt.debug.ui
2026-10-08 08:23:58.125 [main] INFO  Controlador.Boletin1_4 - Fichero:dialog_settings.xml
2026-10-08 08:23:58.125 [main] INFO  Controlador.Boletin1_4 - Directorio:org.eclipse.jdt.launching
2026-10-08 08:23:58.126 [main] INFO  Controlador.Boletin1_4 - Fichero:.install.xml
2026-10-08 08:23:58.126 [main] INFO  Controlador.Boletin1_4 - Fichero:libraryInfos.xml
2026-10-08 08:23:58.126 [main] INFO  Controlador.Boletin1_4 - Directorio:org.eclipse.jdt.ui
2026-10-08 08:23:58.126 [main] INFO  Controlador.Boletin1_4 - Fichero:dialog_settings.xml
2026-10-08 08:23:58.126 [main] INFO  Controlador.Boletin1_4 - Fichero:OpenTypeHistory.xml
2026-10-08 08:23:58.126 [main] INFO  Controlador.Boletin1_4 - Fichero:QualifiedTypeNameHistory.xml
2026-10-08 08:23:58.126 [main] INFO  Controlador.Boletin1_4 - Directorio:org.eclipse.jst.jsp.core
2026-10-08 08:23:58.126 [main] INFO  Controlador.Boletin1_4 - Directorio:jspsearch
2026-10-08 08:23:58.126 [main] INFO  Controlador.Boletin1_4 - Directorio:taglibindex
2026-10-08 08:23:58.126 [main] INFO  Controlador.Boletin1_4 - Directorio:org.eclipse.ltk.core.refactoring
2026-10-08 08:23:58.127 [main] INFO  Controlador.Boletin1_4 - Directorio:.refactorings
2026-10-08 08:23:58.127 [main] INFO  Controlador.Boletin1_4 - Directorio:Biblioteca
2026-10-08 08:23:58.127 [main] INFO  Controlador.Boletin1_4 - Directorio:2026
2026-10-08 08:23:58.127 [main] INFO  Controlador.Boletin1_4 - Directorio:10
2026-10-08 08:23:58.127 [main] INFO  Controlador.Boletin1_4 - Directorio:40
2026-10-08 08:23:58.127 [main] INFO  Controlador.Boletin1_4 - Fichero:refactorings.history
2026-10-08 08:23:58.127 [main] INFO  Controlador.Boletin1_4 - Fichero:refactorings.index
2026-10-08 08:23:58.128 [main] INFO  Controlador.Boletin1_4 - Directorio:9
2026-10-08 08:23:58.128 [main] INFO  Controlador.Boletin1_4 - Directorio:39
2026-10-08 08:23:58.128 [main] INFO  Controlador.Boletin1_4 - Fichero:refactorings.history
2026-10-08 08:23:58.128 [main] INFO  Controlador.Boletin1_4 - Fichero:refactorings.index
2026-10-08 08:23:58.128 [main] INFO  Controlador.Boletin1_4 - Directorio:EldenRing
2026-10-08 08:23:58.128 [main] INFO  Controlador.Boletin1_4 - Directorio:2026
2026-10-08 08:23:58.129 [main] INFO  Controlador.Boletin1_4 - Directorio:10
2026-10-08 08:23:58.129 [main] INFO  Controlador.Boletin1_4 - Directorio:40
2026-10-08 08:23:58.129 [main] INFO  Controlador.Boletin1_4 - Fichero:refactorings.history
2026-10-08 08:23:58.129 [main] INFO  Controlador.Boletin1_4 - Fichero:refactorings.index
2026-10-08 08:23:58.129 [main] INFO  Controlador.Boletin1_4 - Directorio:repasoJava
2026-10-08 08:23:58.129 [main] INFO  Controlador.Boletin1_4 - Directorio:2026
2026-10-08 08:23:58.129 [main] INFO  Controlador.Boletin1_4 - Directorio:9
2026-10-08 08:23:58.130 [main] INFO  Controlador.Boletin1_4 - Directorio:39
2026-10-08 08:23:58.130 [main] INFO  Controlador.Boletin1_4 - Fichero:refactorings.history
2026-10-08 08:23:58.130 [main] INFO  Controlador.Boletin1_4 - Fichero:refactorings.index
2026-10-08 08:23:58.130 [main] INFO  Controlador.Boletin1_4 - Directorio:Unidad1File
2026-10-08 08:23:58.130 [main] INFO  Controlador.Boletin1_4 - Directorio:2026
2026-10-08 08:23:58.131 [main] INFO  Controlador.Boletin1_4 - Directorio:10
2026-10-08 08:23:58.131 [main] INFO  Controlador.Boletin1_4 - Directorio:40
2026-10-08 08:23:58.131 [main] INFO  Controlador.Boletin1_4 - Fichero:refactorings.history
2026-10-08 08:23:58.131 [main] INFO  Controlador.Boletin1_4 - Fichero:refactorings.index
2026-10-08 08:23:58.131 [main] INFO  Controlador.Boletin1_4 - Directorio:org.eclipse.ltk.ui.refactoring
2026-10-08 08:23:58.131 [main] INFO  Controlador.Boletin1_4 - Fichero:dialog_settings.xml
2026-10-08 08:23:58.131 [main] INFO  Controlador.Boletin1_4 - Directorio:org.eclipse.m2e.core
2026-10-08 08:23:58.132 [main] INFO  Controlador.Boletin1_4 - Fichero:archetypesInfo.xml
2026-10-08 08:23:58.132 [main] INFO  Controlador.Boletin1_4 - Fichero:Biblioteca.lifecyclemapping
2026-10-08 08:23:58.132 [main] INFO  Controlador.Boletin1_4 - Fichero:EldenRing.lifecyclemapping
2026-10-08 08:23:58.132 [main] INFO  Controlador.Boletin1_4 - Fichero:repasoJava.lifecyclemapping
2026-10-08 08:23:58.132 [main] INFO  Controlador.Boletin1_4 - Fichero:Unidad1File.lifecyclemapping
2026-10-08 08:23:58.132 [main] INFO  Controlador.Boletin1_4 - Fichero:workspacestate.properties
2026-10-08 08:23:58.132 [main] INFO  Controlador.Boletin1_4 - Fichero:workspaceState.ser
2026-10-08 08:23:58.132 [main] INFO  Controlador.Boletin1_4 - Directorio:org.eclipse.m2e.core.ui
2026-10-08 08:23:58.132 [main] INFO  Controlador.Boletin1_4 - Fichero:dialog_settings.xml
2026-10-08 08:23:58.132 [main] INFO  Controlador.Boletin1_4 - Directorio:org.eclipse.m2e.jdt
2026-10-08 08:23:58.133 [main] INFO  Controlador.Boletin1_4 - Fichero:Biblioteca.container
2026-10-08 08:23:58.133 [main] INFO  Controlador.Boletin1_4 - Fichero:EldenRing.container
2026-10-08 08:23:58.133 [main] INFO  Controlador.Boletin1_4 - Fichero:repasoJava.container
2026-10-08 08:23:58.133 [main] INFO  Controlador.Boletin1_4 - Fichero:Unidad1File.container
2026-10-08 08:23:58.133 [main] INFO  Controlador.Boletin1_4 - Directorio:org.eclipse.m2e.launching
2026-10-08 08:23:58.133 [main] INFO  Controlador.Boletin1_4 - Directorio:launches
2026-10-08 08:23:58.133 [main] INFO  Controlador.Boletin1_4 - Directorio:org.eclipse.m2e.logback
2026-10-08 08:23:58.133 [main] INFO  Controlador.Boletin1_4 - Fichero:0.log
2026-10-08 08:23:58.133 [main] INFO  Controlador.Boletin1_4 - Fichero:logback.2.7.0.20241001-1350.xml
2026-10-08 08:23:58.133 [main] INFO  Controlador.Boletin1_4 - Fichero:logback.2.7.201.20260831-2044.xml
2026-10-08 08:23:58.133 [main] INFO  Controlador.Boletin1_4 - Directorio:org.eclipse.mylyn.context.core
2026-10-08 08:23:58.135 [main] INFO  Controlador.Boletin1_4 - Directorio:contexts
2026-10-08 08:23:58.135 [main] INFO  Controlador.Boletin1_4 - Directorio:org.eclipse.mylyn.github.ui
2026-10-08 08:23:58.135 [main] INFO  Controlador.Boletin1_4 - Fichero:avatars.ser
2026-10-08 08:23:58.135 [main] INFO  Controlador.Boletin1_4 - Directorio:org.eclipse.mylyn.tasks.ui
2026-10-08 08:23:58.135 [main] INFO  Controlador.Boletin1_4 - Directorio:org.eclipse.oomph.setup
2026-10-08 08:23:58.135 [main] INFO  Controlador.Boletin1_4 - Fichero:workspace.setup
2026-10-08 08:23:58.135 [main] INFO  Controlador.Boletin1_4 - Directorio:org.eclipse.oomph.setup.ui
2026-10-08 08:23:58.135 [main] INFO  Controlador.Boletin1_4 - Directorio:org.eclipse.pde.api.tools
2026-10-08 08:23:58.135 [main] INFO  Controlador.Boletin1_4 - Directorio:org.eclipse.pde.core
2026-10-08 08:23:58.136 [main] INFO  Controlador.Boletin1_4 - Directorio:.cache
2026-10-08 08:23:58.136 [main] INFO  Controlador.Boletin1_4 - Fichero:clean-cache.properties
2026-10-08 08:23:58.136 [main] INFO  Controlador.Boletin1_4 - Directorio:.p2
2026-10-08 08:23:58.136 [main] INFO  Controlador.Boletin1_4 - Directorio:org.eclipse.equinox.p2.engine
2026-10-08 08:23:58.136 [main] INFO  Controlador.Boletin1_4 - Directorio:profileRegistry
2026-10-08 08:23:58.136 [main] INFO  Controlador.Boletin1_4 - Directorio:org.eclipse.swt
2026-10-08 08:23:58.136 [main] INFO  Controlador.Boletin1_4 - Directorio:EBWebView
2026-10-08 08:23:58.136 [main] INFO  Controlador.Boletin1_4 - Directorio:AutoLaunchProtocolsComponent
2026-10-08 08:23:58.137 [main] INFO  Controlador.Boletin1_4 - Directorio:1.0.0.12
2026-10-08 08:23:58.137 [main] INFO  Controlador.Boletin1_4 - Fichero:manifest.json
2026-10-08 08:23:58.137 [main] INFO  Controlador.Boletin1_4 - Fichero:protocols.json
2026-10-08 08:23:58.137 [main] INFO  Controlador.Boletin1_4 - Fichero:BrowserMetrics-spare.pma
2026-10-08 08:23:58.137 [main] INFO  Controlador.Boletin1_4 - Directorio:CertificateRevocation
2026-10-08 08:23:58.137 [main] INFO  Controlador.Boletin1_4 - Directorio:6498.2025.9.4
2026-10-08 08:23:58.137 [main] INFO  Controlador.Boletin1_4 - Fichero:crl-set
2026-10-08 08:23:58.137 [main] INFO  Controlador.Boletin1_4 - Fichero:manifest.json
2026-10-08 08:23:58.137 [main] INFO  Controlador.Boletin1_4 - Directorio:component_crx_cache
2026-10-08 08:23:58.138 [main] INFO  Controlador.Boletin1_4 - Fichero:00af3f07b5abb71f6d30337e1eef62fa280f06ef19485c0cf6b72171f92ccc0a
2026-10-08 08:23:58.138 [main] INFO  Controlador.Boletin1_4 - Fichero:720517793663c90e0dbd77cb42709bac49af733f83f73320ba89859d9b0310e0
2026-10-08 08:23:58.138 [main] INFO  Controlador.Boletin1_4 - Fichero:95fd9d48e4fc245a3f3a99a3a16ecd1355050ba3f4afc555f19a97c7f9b49677
2026-10-08 08:23:58.139 [main] INFO  Controlador.Boletin1_4 - Fichero:a81d1959892ae4180554347df1b97834abba2e1a5e6b9aeba000ecea26eabecc
2026-10-08 08:23:58.139 [main] INFO  Controlador.Boletin1_4 - Fichero:bec8ead1da3c9600fe66bbcc0e7a9bed9a184c1be821b4d23570c6b7af7f0410
2026-10-08 08:23:58.139 [main] INFO  Controlador.Boletin1_4 - Fichero:cde4f808f038aaffece9680c0356ded00c81c4559e0a431acb45d1276425d9eb
2026-10-08 08:23:58.139 [main] INFO  Controlador.Boletin1_4 - Fichero:ef7bf9efb7c82e6847b572d7781e11fc7fd642a55ab79e42a3d3ba2f80d520f6
2026-10-08 08:23:58.140 [main] INFO  Controlador.Boletin1_4 - Fichero:fa29a6d5775ff340900a65b39b02fc8b4b77d403c048d8debf22f2f5d09c61a0
2026-10-08 08:23:58.140 [main] INFO  Controlador.Boletin1_4 - Fichero:metadata.json
2026-10-08 08:23:58.140 [main] INFO  Controlador.Boletin1_4 - Directorio:Crashpad
2026-10-08 08:23:58.140 [main] INFO  Controlador.Boletin1_4 - Directorio:attachments
2026-10-08 08:23:58.140 [main] INFO  Controlador.Boletin1_4 - Fichero:metadata
2026-10-08 08:23:58.140 [main] INFO  Controlador.Boletin1_4 - Directorio:reports
2026-10-08 08:23:58.140 [main] INFO  Controlador.Boletin1_4 - Fichero:settings.dat
2026-10-08 08:23:58.140 [main] INFO  Controlador.Boletin1_4 - Fichero:throttle_store.dat
2026-10-08 08:23:58.140 [main] INFO  Controlador.Boletin1_4 - Fichero:watson_metadata
2026-10-08 08:23:58.141 [main] INFO  Controlador.Boletin1_4 - Directorio:Default
2026-10-08 08:23:58.141 [main] INFO  Controlador.Boletin1_4 - Directorio:AutofillAiModelCache
2026-10-08 08:23:58.141 [main] INFO  Controlador.Boletin1_4 - Fichero:LOCK
2026-10-08 08:23:58.141 [main] INFO  Controlador.Boletin1_4 - Fichero:LOG
2026-10-08 08:23:58.141 [main] INFO  Controlador.Boletin1_4 - Fichero:LOG.old
2026-10-08 08:23:58.142 [main] INFO  Controlador.Boletin1_4 - Directorio:AutofillStrikeDatabase
2026-10-08 08:23:58.142 [main] INFO  Controlador.Boletin1_4 - Fichero:LOCK
2026-10-08 08:23:58.142 [main] INFO  Controlador.Boletin1_4 - Fichero:LOG
2026-10-08 08:23:58.142 [main] INFO  Controlador.Boletin1_4 - Fichero:LOG.old
2026-10-08 08:23:58.142 [main] INFO  Controlador.Boletin1_4 - Directorio:blob_storage
2026-10-08 08:23:58.143 [main] INFO  Controlador.Boletin1_4 - Directorio:2a861cc5-22d2-4361-be83-39d0a1d3c423
2026-10-08 08:23:58.143 [main] INFO  Controlador.Boletin1_4 - Fichero:BookmarkMergedSurfaceOrdering
2026-10-08 08:23:58.143 [main] INFO  Controlador.Boletin1_4 - Directorio:BudgetDatabase
2026-10-08 08:23:58.143 [main] INFO  Controlador.Boletin1_4 - Fichero:LOCK
2026-10-08 08:23:58.143 [main] INFO  Controlador.Boletin1_4 - Fichero:LOG
2026-10-08 08:23:58.144 [main] INFO  Controlador.Boletin1_4 - Fichero:LOG.old
2026-10-08 08:23:58.144 [main] INFO  Controlador.Boletin1_4 - Directorio:Cache
2026-10-08 08:23:58.144 [main] INFO  Controlador.Boletin1_4 - Directorio:Cache_Data
2026-10-08 08:23:58.144 [main] INFO  Controlador.Boletin1_4 - Fichero:data_0
2026-10-08 08:23:58.144 [main] INFO  Controlador.Boletin1_4 - Fichero:data_1
2026-10-08 08:23:58.144 [main] INFO  Controlador.Boletin1_4 - Fichero:data_2
2026-10-08 08:23:58.145 [main] INFO  Controlador.Boletin1_4 - Fichero:data_3
2026-10-08 08:23:58.145 [main] INFO  Controlador.Boletin1_4 - Fichero:f_000003
2026-10-08 08:23:58.145 [main] INFO  Controlador.Boletin1_4 - Fichero:f_00000c
2026-10-08 08:23:58.145 [main] INFO  Controlador.Boletin1_4 - Fichero:f_00000e
2026-10-08 08:23:58.145 [main] INFO  Controlador.Boletin1_4 - Fichero:index
2026-10-08 08:23:58.145 [main] INFO  Controlador.Boletin1_4 - Directorio:No_Vary_Search
2026-10-08 08:23:58.145 [main] INFO  Controlador.Boletin1_4 - Fichero:journal.baj
2026-10-08 08:23:58.145 [main] INFO  Controlador.Boletin1_4 - Fichero:snapshot.baf
2026-10-08 08:23:58.146 [main] INFO  Controlador.Boletin1_4 - Directorio:ClientCertificates
2026-10-08 08:23:58.146 [main] INFO  Controlador.Boletin1_4 - Fichero:LOCK
2026-10-08 08:23:58.146 [main] INFO  Controlador.Boletin1_4 - Fichero:LOG
2026-10-08 08:23:58.146 [main] INFO  Controlador.Boletin1_4 - Fichero:LOG.old
2026-10-08 08:23:58.146 [main] INFO  Controlador.Boletin1_4 - Directorio:Code Cache
2026-10-08 08:23:58.146 [main] INFO  Controlador.Boletin1_4 - Directorio:js
2026-10-08 08:23:58.147 [main] INFO  Controlador.Boletin1_4 - Fichero:e4e34bcd88cba405_0
2026-10-08 08:23:58.147 [main] INFO  Controlador.Boletin1_4 - Fichero:index
2026-10-08 08:23:58.147 [main] INFO  Controlador.Boletin1_4 - Directorio:index-dir
2026-10-08 08:23:58.147 [main] INFO  Controlador.Boletin1_4 - Fichero:the-real-index
2026-10-08 08:23:58.147 [main] INFO  Controlador.Boletin1_4 - Directorio:wasm
2026-10-08 08:23:58.147 [main] INFO  Controlador.Boletin1_4 - Fichero:index
2026-10-08 08:23:58.147 [main] INFO  Controlador.Boletin1_4 - Directorio:index-dir
2026-10-08 08:23:58.148 [main] INFO  Controlador.Boletin1_4 - Fichero:the-real-index
2026-10-08 08:23:58.148 [main] INFO  Controlador.Boletin1_4 - Directorio:commerce_subscription_db
2026-10-08 08:23:58.148 [main] INFO  Controlador.Boletin1_4 - Fichero:LOCK
2026-10-08 08:23:58.148 [main] INFO  Controlador.Boletin1_4 - Fichero:LOG
2026-10-08 08:23:58.148 [main] INFO  Controlador.Boletin1_4 - Fichero:LOG.old
2026-10-08 08:23:58.148 [main] INFO  Controlador.Boletin1_4 - Fichero:DashTrackerDatabase
2026-10-08 08:23:58.148 [main] INFO  Controlador.Boletin1_4 - Fichero:DashTrackerDatabase-journal
2026-10-08 08:23:58.148 [main] INFO  Controlador.Boletin1_4 - Directorio:DawnGraphiteCache
2026-10-08 08:23:58.149 [main] INFO  Controlador.Boletin1_4 - Fichero:data_0
2026-10-08 08:23:58.149 [main] INFO  Controlador.Boletin1_4 - Fichero:data_1
2026-10-08 08:23:58.149 [main] INFO  Controlador.Boletin1_4 - Fichero:data_2
2026-10-08 08:23:58.149 [main] INFO  Controlador.Boletin1_4 - Fichero:data_3
2026-10-08 08:23:58.149 [main] INFO  Controlador.Boletin1_4 - Fichero:index
2026-10-08 08:23:58.149 [main] INFO  Controlador.Boletin1_4 - Directorio:DawnWebGPUCache
2026-10-08 08:23:58.149 [main] INFO  Controlador.Boletin1_4 - Fichero:data_0
2026-10-08 08:23:58.150 [main] INFO  Controlador.Boletin1_4 - Fichero:data_1
2026-10-08 08:23:58.150 [main] INFO  Controlador.Boletin1_4 - Fichero:data_2
2026-10-08 08:23:58.150 [main] INFO  Controlador.Boletin1_4 - Fichero:data_3
2026-10-08 08:23:58.150 [main] INFO  Controlador.Boletin1_4 - Fichero:index
2026-10-08 08:23:58.150 [main] INFO  Controlador.Boletin1_4 - Fichero:declarative_performance_observer.db
2026-10-08 08:23:58.150 [main] INFO  Controlador.Boletin1_4 - Fichero:declarative_performance_observer.db-journal
2026-10-08 08:23:58.150 [main] INFO  Controlador.Boletin1_4 - Fichero:DIPS
2026-10-08 08:23:58.150 [main] INFO  Controlador.Boletin1_4 - Fichero:DIPS-wal
2026-10-08 08:23:58.150 [main] INFO  Controlador.Boletin1_4 - Directorio:discounts_db
2026-10-08 08:23:58.151 [main] INFO  Controlador.Boletin1_4 - Fichero:LOCK
2026-10-08 08:23:58.151 [main] INFO  Controlador.Boletin1_4 - Fichero:LOG
2026-10-08 08:23:58.151 [main] INFO  Controlador.Boletin1_4 - Fichero:LOG.old
2026-10-08 08:23:58.151 [main] INFO  Controlador.Boletin1_4 - Directorio:discount_infos_db
2026-10-08 08:23:58.151 [main] INFO  Controlador.Boletin1_4 - Fichero:LOCK
2026-10-08 08:23:58.151 [main] INFO  Controlador.Boletin1_4 - Fichero:LOG
2026-10-08 08:23:58.151 [main] INFO  Controlador.Boletin1_4 - Fichero:LOG.old
2026-10-08 08:23:58.151 [main] INFO  Controlador.Boletin1_4 - Directorio:EdgeSessions
2026-10-08 08:23:58.152 [main] INFO  Controlador.Boletin1_4 - Fichero:SessionRestoreLog
2026-10-08 08:23:58.152 [main] INFO  Controlador.Boletin1_4 - Directorio:Extension Rules
2026-10-08 08:23:58.152 [main] INFO  Controlador.Boletin1_4 - Fichero:000003.log
2026-10-08 08:23:58.152 [main] INFO  Controlador.Boletin1_4 - Fichero:CURRENT
2026-10-08 08:23:58.152 [main] INFO  Controlador.Boletin1_4 - Fichero:LOCK
2026-10-08 08:23:58.152 [main] INFO  Controlador.Boletin1_4 - Fichero:LOG
2026-10-08 08:23:58.152 [main] INFO  Controlador.Boletin1_4 - Fichero:LOG.old
2026-10-08 08:23:58.153 [main] INFO  Controlador.Boletin1_4 - Fichero:MANIFEST-000001
2026-10-08 08:23:58.153 [main] INFO  Controlador.Boletin1_4 - Directorio:Extension Scripts
2026-10-08 08:23:58.153 [main] INFO  Controlador.Boletin1_4 - Fichero:000003.log
2026-10-08 08:23:58.153 [main] INFO  Controlador.Boletin1_4 - Fichero:CURRENT
2026-10-08 08:23:58.153 [main] INFO  Controlador.Boletin1_4 - Fichero:LOCK
2026-10-08 08:23:58.153 [main] INFO  Controlador.Boletin1_4 - Fichero:LOG
2026-10-08 08:23:58.153 [main] INFO  Controlador.Boletin1_4 - Fichero:LOG.old
2026-10-08 08:23:58.153 [main] INFO  Controlador.Boletin1_4 - Fichero:MANIFEST-000001
2026-10-08 08:23:58.153 [main] INFO  Controlador.Boletin1_4 - Directorio:Extension State
2026-10-08 08:23:58.155 [main] INFO  Controlador.Boletin1_4 - Fichero:000003.log
2026-10-08 08:23:58.155 [main] INFO  Controlador.Boletin1_4 - Fichero:CURRENT
2026-10-08 08:23:58.155 [main] INFO  Controlador.Boletin1_4 - Fichero:LOCK
2026-10-08 08:23:58.155 [main] INFO  Controlador.Boletin1_4 - Fichero:LOG
2026-10-08 08:23:58.155 [main] INFO  Controlador.Boletin1_4 - Fichero:LOG.old
2026-10-08 08:23:58.155 [main] INFO  Controlador.Boletin1_4 - Fichero:MANIFEST-000001
2026-10-08 08:23:58.155 [main] INFO  Controlador.Boletin1_4 - Fichero:ExtensionActivityComp
2026-10-08 08:23:58.155 [main] INFO  Controlador.Boletin1_4 - Fichero:ExtensionActivityEdge
2026-10-08 08:23:58.155 [main] INFO  Controlador.Boletin1_4 - Fichero:ExtensionActivityEdge-journal
2026-10-08 08:23:58.155 [main] INFO  Controlador.Boletin1_4 - Fichero:Favicons
2026-10-08 08:23:58.155 [main] INFO  Controlador.Boletin1_4 - Fichero:Favicons-journal
2026-10-08 08:23:58.155 [main] INFO  Controlador.Boletin1_4 - Fichero:favorites_diagnostic.log
2026-10-08 08:23:58.155 [main] INFO  Controlador.Boletin1_4 - Directorio:Feature Engagement Tracker
2026-10-08 08:23:58.156 [main] INFO  Controlador.Boletin1_4 - Directorio:AvailabilityDB
2026-10-08 08:23:58.156 [main] INFO  Controlador.Boletin1_4 - Fichero:LOCK
2026-10-08 08:23:58.156 [main] INFO  Controlador.Boletin1_4 - Fichero:LOG
2026-10-08 08:23:58.156 [main] INFO  Controlador.Boletin1_4 - Fichero:LOG.old
2026-10-08 08:23:58.156 [main] INFO  Controlador.Boletin1_4 - Directorio:EventDB
2026-10-08 08:23:58.156 [main] INFO  Controlador.Boletin1_4 - Fichero:LOCK
2026-10-08 08:23:58.156 [main] INFO  Controlador.Boletin1_4 - Fichero:LOG
2026-10-08 08:23:58.156 [main] INFO  Controlador.Boletin1_4 - Fichero:LOG.old
2026-10-08 08:23:58.157 [main] INFO  Controlador.Boletin1_4 - Directorio:GPUCache
2026-10-08 08:23:58.157 [main] INFO  Controlador.Boletin1_4 - Fichero:data_0
2026-10-08 08:23:58.157 [main] INFO  Controlador.Boletin1_4 - Fichero:data_1
2026-10-08 08:23:58.157 [main] INFO  Controlador.Boletin1_4 - Fichero:data_2
2026-10-08 08:23:58.157 [main] INFO  Controlador.Boletin1_4 - Fichero:data_3
2026-10-08 08:23:58.157 [main] INFO  Controlador.Boletin1_4 - Fichero:index
2026-10-08 08:23:58.157 [main] INFO  Controlador.Boletin1_4 - Fichero:History
2026-10-08 08:23:58.157 [main] INFO  Controlador.Boletin1_4 - Fichero:History-journal
2026-10-08 08:23:58.157 [main] INFO  Controlador.Boletin1_4 - Directorio:JumpListIconsRecentWorkspacesV2
2026-10-08 08:23:58.157 [main] INFO  Controlador.Boletin1_4 - Directorio:Local Storage
2026-10-08 08:23:58.158 [main] INFO  Controlador.Boletin1_4 - Directorio:leveldb
2026-10-08 08:23:58.158 [main] INFO  Controlador.Boletin1_4 - Fichero:000003.log
2026-10-08 08:23:58.158 [main] INFO  Controlador.Boletin1_4 - Fichero:CURRENT
2026-10-08 08:23:58.158 [main] INFO  Controlador.Boletin1_4 - Fichero:LOCK
2026-10-08 08:23:58.158 [main] INFO  Controlador.Boletin1_4 - Fichero:LOG
2026-10-08 08:23:58.158 [main] INFO  Controlador.Boletin1_4 - Fichero:LOG.old
2026-10-08 08:23:58.158 [main] INFO  Controlador.Boletin1_4 - Fichero:MANIFEST-000001
2026-10-08 08:23:58.158 [main] INFO  Controlador.Boletin1_4 - Fichero:LOCK
2026-10-08 08:23:58.158 [main] INFO  Controlador.Boletin1_4 - Fichero:LOG
2026-10-08 08:23:58.159 [main] INFO  Controlador.Boletin1_4 - Fichero:LOG.old
2026-10-08 08:23:58.159 [main] INFO  Controlador.Boletin1_4 - Fichero:Login Data
2026-10-08 08:23:58.159 [main] INFO  Controlador.Boletin1_4 - Fichero:Login Data For Account
2026-10-08 08:23:58.159 [main] INFO  Controlador.Boletin1_4 - Fichero:Login Data For Account-journal
2026-10-08 08:23:58.159 [main] INFO  Controlador.Boletin1_4 - Fichero:Login Data-journal
2026-10-08 08:23:58.159 [main] INFO  Controlador.Boletin1_4 - Directorio:Network
2026-10-08 08:23:58.159 [main] INFO  Controlador.Boletin1_4 - Fichero:Cookies
2026-10-08 08:23:58.159 [main] INFO  Controlador.Boletin1_4 - Fichero:Cookies-journal
2026-10-08 08:23:58.159 [main] INFO  Controlador.Boletin1_4 - Fichero:Device Bound Sessions
2026-10-08 08:23:58.159 [main] INFO  Controlador.Boletin1_4 - Fichero:Device Bound Sessions-journal
2026-10-08 08:23:58.159 [main] INFO  Controlador.Boletin1_4 - Fichero:Network Persistent State
2026-10-08 08:23:58.159 [main] INFO  Controlador.Boletin1_4 - Fichero:NetworkDataMigrated
2026-10-08 08:23:58.159 [main] INFO  Controlador.Boletin1_4 - Fichero:Reporting and NEL
2026-10-08 08:23:58.159 [main] INFO  Controlador.Boletin1_4 - Fichero:Reporting and NEL-journal
2026-10-08 08:23:58.160 [main] INFO  Controlador.Boletin1_4 - Fichero:SCT Auditing Pending Reports
2026-10-08 08:23:58.160 [main] INFO  Controlador.Boletin1_4 - Fichero:Sdch Dictionaries
2026-10-08 08:23:58.160 [main] INFO  Controlador.Boletin1_4 - Fichero:TransportSecurity
2026-10-08 08:23:58.160 [main] INFO  Controlador.Boletin1_4 - Fichero:Trust Tokens
2026-10-08 08:23:58.160 [main] INFO  Controlador.Boletin1_4 - Fichero:Trust Tokens-journal
2026-10-08 08:23:58.160 [main] INFO  Controlador.Boletin1_4 - Fichero:Network Action Predictor
2026-10-08 08:23:58.160 [main] INFO  Controlador.Boletin1_4 - Fichero:Network Action Predictor-journal
2026-10-08 08:23:58.160 [main] INFO  Controlador.Boletin1_4 - Directorio:optimization_guide_hint_cache_store
2026-10-08 08:23:58.160 [main] INFO  Controlador.Boletin1_4 - Fichero:LOCK
2026-10-08 08:23:58.160 [main] INFO  Controlador.Boletin1_4 - Fichero:LOG
2026-10-08 08:23:58.160 [main] INFO  Controlador.Boletin1_4 - Fichero:LOG.old
2026-10-08 08:23:58.160 [main] INFO  Controlador.Boletin1_4 - Directorio:parcel_tracking_db
2026-10-08 08:23:58.161 [main] INFO  Controlador.Boletin1_4 - Fichero:LOCK
2026-10-08 08:23:58.161 [main] INFO  Controlador.Boletin1_4 - Fichero:LOG
2026-10-08 08:23:58.161 [main] INFO  Controlador.Boletin1_4 - Fichero:LOG.old
2026-10-08 08:23:58.161 [main] INFO  Controlador.Boletin1_4 - Directorio:PersistentOriginTrials
2026-10-08 08:23:58.161 [main] INFO  Controlador.Boletin1_4 - Fichero:LOCK
2026-10-08 08:23:58.161 [main] INFO  Controlador.Boletin1_4 - Fichero:LOG
2026-10-08 08:23:58.161 [main] INFO  Controlador.Boletin1_4 - Fichero:LOG.old
2026-10-08 08:23:58.161 [main] INFO  Controlador.Boletin1_4 - Fichero:Preferences
2026-10-08 08:23:58.161 [main] INFO  Controlador.Boletin1_4 - Fichero:README
2026-10-08 08:23:58.161 [main] INFO  Controlador.Boletin1_4 - Fichero:Secure Preferences
2026-10-08 08:23:58.161 [main] INFO  Controlador.Boletin1_4 - Fichero:ServerCertificate
2026-10-08 08:23:58.161 [main] INFO  Controlador.Boletin1_4 - Fichero:ServerCertificate-journal
2026-10-08 08:23:58.161 [main] INFO  Controlador.Boletin1_4 - Directorio:Session Storage
2026-10-08 08:23:58.161 [main] INFO  Controlador.Boletin1_4 - Fichero:000003.log
2026-10-08 08:23:58.161 [main] INFO  Controlador.Boletin1_4 - Fichero:CURRENT
2026-10-08 08:23:58.161 [main] INFO  Controlador.Boletin1_4 - Fichero:LOCK
2026-10-08 08:23:58.161 [main] INFO  Controlador.Boletin1_4 - Fichero:LOG
2026-10-08 08:23:58.161 [main] INFO  Controlador.Boletin1_4 - Fichero:MANIFEST-000001
2026-10-08 08:23:58.161 [main] INFO  Controlador.Boletin1_4 - Directorio:Sessions
2026-10-08 08:23:58.162 [main] INFO  Controlador.Boletin1_4 - Fichero:settings_diagnostic.log
2026-10-08 08:23:58.162 [main] INFO  Controlador.Boletin1_4 - Directorio:Shared Dictionary
2026-10-08 08:23:58.162 [main] INFO  Controlador.Boletin1_4 - Directorio:cache
2026-10-08 08:23:58.162 [main] INFO  Controlador.Boletin1_4 - Fichero:index
2026-10-08 08:23:58.162 [main] INFO  Controlador.Boletin1_4 - Directorio:index-dir
2026-10-08 08:23:58.162 [main] INFO  Controlador.Boletin1_4 - Fichero:the-real-index
2026-10-08 08:23:58.162 [main] INFO  Controlador.Boletin1_4 - Fichero:db
2026-10-08 08:23:58.162 [main] INFO  Controlador.Boletin1_4 - Fichero:db-journal
2026-10-08 08:23:58.162 [main] INFO  Controlador.Boletin1_4 - Directorio:shared_proto_db
2026-10-08 08:23:58.162 [main] INFO  Controlador.Boletin1_4 - Fichero:000003.log
2026-10-08 08:23:58.162 [main] INFO  Controlador.Boletin1_4 - Fichero:CURRENT
2026-10-08 08:23:58.163 [main] INFO  Controlador.Boletin1_4 - Fichero:LOCK
2026-10-08 08:23:58.163 [main] INFO  Controlador.Boletin1_4 - Fichero:LOG
2026-10-08 08:23:58.163 [main] INFO  Controlador.Boletin1_4 - Fichero:LOG.old
2026-10-08 08:23:58.163 [main] INFO  Controlador.Boletin1_4 - Fichero:MANIFEST-000001
2026-10-08 08:23:58.163 [main] INFO  Controlador.Boletin1_4 - Directorio:metadata
2026-10-08 08:23:58.163 [main] INFO  Controlador.Boletin1_4 - Fichero:000003.log
2026-10-08 08:23:58.163 [main] INFO  Controlador.Boletin1_4 - Fichero:CURRENT
2026-10-08 08:23:58.163 [main] INFO  Controlador.Boletin1_4 - Fichero:LOCK
2026-10-08 08:23:58.163 [main] INFO  Controlador.Boletin1_4 - Fichero:LOG
2026-10-08 08:23:58.163 [main] INFO  Controlador.Boletin1_4 - Fichero:LOG.old
2026-10-08 08:23:58.163 [main] INFO  Controlador.Boletin1_4 - Fichero:MANIFEST-000001
2026-10-08 08:23:58.163 [main] INFO  Controlador.Boletin1_4 - Directorio:Site Characteristics Database
2026-10-08 08:23:58.164 [main] INFO  Controlador.Boletin1_4 - Fichero:000004.ldb
2026-10-08 08:23:58.164 [main] INFO  Controlador.Boletin1_4 - Fichero:000006.log
2026-10-08 08:23:58.164 [main] INFO  Controlador.Boletin1_4 - Fichero:CURRENT
2026-10-08 08:23:58.164 [main] INFO  Controlador.Boletin1_4 - Fichero:LOCK
2026-10-08 08:23:58.164 [main] INFO  Controlador.Boletin1_4 - Fichero:LOG
2026-10-08 08:23:58.164 [main] INFO  Controlador.Boletin1_4 - Fichero:LOG.old
2026-10-08 08:23:58.164 [main] INFO  Controlador.Boletin1_4 - Directorio:lost
2026-10-08 08:23:58.164 [main] INFO  Controlador.Boletin1_4 - Fichero:000003.log
2026-10-08 08:23:58.164 [main] INFO  Controlador.Boletin1_4 - Fichero:MANIFEST-000001
2026-10-08 08:23:58.164 [main] INFO  Controlador.Boletin1_4 - Fichero:MANIFEST-000001
2026-10-08 08:23:58.164 [main] INFO  Controlador.Boletin1_4 - Directorio:Sync Data
2026-10-08 08:23:58.164 [main] INFO  Controlador.Boletin1_4 - Directorio:LevelDB
2026-10-08 08:23:58.164 [main] INFO  Controlador.Boletin1_4 - Fichero:000003.log
2026-10-08 08:23:58.164 [main] INFO  Controlador.Boletin1_4 - Fichero:CURRENT
2026-10-08 08:23:58.164 [main] INFO  Controlador.Boletin1_4 - Fichero:LOCK
2026-10-08 08:23:58.166 [main] INFO  Controlador.Boletin1_4 - Fichero:LOG
2026-10-08 08:23:58.166 [main] INFO  Controlador.Boletin1_4 - Fichero:LOG.old
2026-10-08 08:23:58.166 [main] INFO  Controlador.Boletin1_4 - Fichero:MANIFEST-000001
2026-10-08 08:23:58.166 [main] INFO  Controlador.Boletin1_4 - Fichero:Top Sites
2026-10-08 08:23:58.166 [main] INFO  Controlador.Boletin1_4 - Fichero:Top Sites-journal
2026-10-08 08:23:58.166 [main] INFO  Controlador.Boletin1_4 - Fichero:Vpn Tokens
2026-10-08 08:23:58.166 [main] INFO  Controlador.Boletin1_4 - Fichero:Vpn Tokens-journal
2026-10-08 08:23:58.166 [main] INFO  Controlador.Boletin1_4 - Fichero:Web Data
2026-10-08 08:23:58.166 [main] INFO  Controlador.Boletin1_4 - Fichero:Web Data-journal
2026-10-08 08:23:58.166 [main] INFO  Controlador.Boletin1_4 - Directorio:extensions_crx_cache
2026-10-08 08:23:58.166 [main] INFO  Controlador.Boletin1_4 - Fichero:metadata.json
2026-10-08 08:23:58.166 [main] INFO  Controlador.Boletin1_4 - Directorio:GPUPersistentCache
2026-10-08 08:23:58.166 [main] INFO  Controlador.Boletin1_4 - Directorio:DawnGraphiteCache
2026-10-08 08:23:58.167 [main] INFO  Controlador.Boletin1_4 - Directorio:H6POMLZSBZPTMTLBCTMXRDH27BAKUDTA
2026-10-08 08:23:58.167 [main] INFO  Controlador.Boletin1_4 - Fichero:cache.db
2026-10-08 08:23:58.167 [main] INFO  Controlador.Boletin1_4 - Fichero:cache.db-wal
2026-10-08 08:23:58.167 [main] INFO  Controlador.Boletin1_4 - Fichero:cache.journal
2026-10-08 08:23:58.167 [main] INFO  Controlador.Boletin1_4 - Directorio:GrShaderCache
2026-10-08 08:23:58.167 [main] INFO  Controlador.Boletin1_4 - Fichero:data_0
2026-10-08 08:23:58.167 [main] INFO  Controlador.Boletin1_4 - Fichero:data_1
2026-10-08 08:23:58.167 [main] INFO  Controlador.Boletin1_4 - Fichero:data_2
2026-10-08 08:23:58.167 [main] INFO  Controlador.Boletin1_4 - Fichero:data_3
2026-10-08 08:23:58.168 [main] INFO  Controlador.Boletin1_4 - Fichero:f_000001
2026-10-08 08:23:58.168 [main] INFO  Controlador.Boletin1_4 - Fichero:f_000002
2026-10-08 08:23:58.168 [main] INFO  Controlador.Boletin1_4 - Fichero:f_000005
2026-10-08 08:23:58.168 [main] INFO  Controlador.Boletin1_4 - Fichero:f_000006
2026-10-08 08:23:58.168 [main] INFO  Controlador.Boletin1_4 - Fichero:f_000007
2026-10-08 08:23:58.168 [main] INFO  Controlador.Boletin1_4 - Fichero:index
2026-10-08 08:23:58.168 [main] INFO  Controlador.Boletin1_4 - Directorio:hyphen-data
2026-10-08 08:23:58.168 [main] INFO  Controlador.Boletin1_4 - Directorio:120.0.6050.0
2026-10-08 08:23:58.169 [main] INFO  Controlador.Boletin1_4 - Fichero:hyph-af.hyb
2026-10-08 08:23:58.169 [main] INFO  Controlador.Boletin1_4 - Fichero:hyph-as.hyb
2026-10-08 08:23:58.169 [main] INFO  Controlador.Boletin1_4 - Fichero:hyph-be.hyb
2026-10-08 08:23:58.169 [main] INFO  Controlador.Boletin1_4 - Fichero:hyph-bg.hyb
2026-10-08 08:23:58.170 [main] INFO  Controlador.Boletin1_4 - Fichero:hyph-bn.hyb
2026-10-08 08:23:58.170 [main] INFO  Controlador.Boletin1_4 - Fichero:hyph-cs.hyb
2026-10-08 08:23:58.170 [main] INFO  Controlador.Boletin1_4 - Fichero:hyph-cu.hyb
2026-10-08 08:23:58.170 [main] INFO  Controlador.Boletin1_4 - Fichero:hyph-cy.hyb
2026-10-08 08:23:58.170 [main] INFO  Controlador.Boletin1_4 - Fichero:hyph-da.hyb
2026-10-08 08:23:58.170 [main] INFO  Controlador.Boletin1_4 - Fichero:hyph-de-1901.hyb
2026-10-08 08:23:58.170 [main] INFO  Controlador.Boletin1_4 - Fichero:hyph-de-1996.hyb
2026-10-08 08:23:58.171 [main] INFO  Controlador.Boletin1_4 - Fichero:hyph-de-ch-1901.hyb
2026-10-08 08:23:58.171 [main] INFO  Controlador.Boletin1_4 - Fichero:hyph-el.hyb
2026-10-08 08:23:58.171 [main] INFO  Controlador.Boletin1_4 - Fichero:hyph-en-gb.hyb
2026-10-08 08:23:58.172 [main] INFO  Controlador.Boletin1_4 - Fichero:hyph-en-us.hyb
2026-10-08 08:23:58.172 [main] INFO  Controlador.Boletin1_4 - Fichero:hyph-es.hyb
2026-10-08 08:23:58.172 [main] INFO  Controlador.Boletin1_4 - Fichero:hyph-et.hyb
2026-10-08 08:23:58.172 [main] INFO  Controlador.Boletin1_4 - Fichero:hyph-eu.hyb
2026-10-08 08:23:58.172 [main] INFO  Controlador.Boletin1_4 - Fichero:hyph-fr.hyb
2026-10-08 08:23:58.173 [main] INFO  Controlador.Boletin1_4 - Fichero:hyph-ga.hyb
2026-10-08 08:23:58.173 [main] INFO  Controlador.Boletin1_4 - Fichero:hyph-gl.hyb
2026-10-08 08:23:58.173 [main] INFO  Controlador.Boletin1_4 - Fichero:hyph-gu.hyb
2026-10-08 08:23:58.173 [main] INFO  Controlador.Boletin1_4 - Fichero:hyph-hi.hyb
2026-10-08 08:23:58.173 [main] INFO  Controlador.Boletin1_4 - Fichero:hyph-hr.hyb
2026-10-08 08:23:58.173 [main] INFO  Controlador.Boletin1_4 - Fichero:hyph-hu.hyb
2026-10-08 08:23:58.175 [main] INFO  Controlador.Boletin1_4 - Fichero:hyph-hy.hyb
2026-10-08 08:23:58.175 [main] INFO  Controlador.Boletin1_4 - Fichero:hyph-it.hyb
2026-10-08 08:23:58.175 [main] INFO  Controlador.Boletin1_4 - Fichero:hyph-ka.hyb
2026-10-08 08:23:58.175 [main] INFO  Controlador.Boletin1_4 - Fichero:hyph-kn.hyb
2026-10-08 08:23:58.175 [main] INFO  Controlador.Boletin1_4 - Fichero:hyph-la.hyb
2026-10-08 08:23:58.175 [main] INFO  Controlador.Boletin1_4 - Fichero:hyph-lt.hyb
2026-10-08 08:23:58.175 [main] INFO  Controlador.Boletin1_4 - Fichero:hyph-lv.hyb
2026-10-08 08:23:58.175 [main] INFO  Controlador.Boletin1_4 - Fichero:hyph-ml.hyb
2026-10-08 08:23:58.175 [main] INFO  Controlador.Boletin1_4 - Fichero:hyph-mn-cyrl.hyb
2026-10-08 08:23:58.175 [main] INFO  Controlador.Boletin1_4 - Fichero:hyph-mr.hyb
2026-10-08 08:23:58.175 [main] INFO  Controlador.Boletin1_4 - Fichero:hyph-mul-ethi.hyb
2026-10-08 08:23:58.176 [main] INFO  Controlador.Boletin1_4 - Fichero:hyph-nb.hyb
2026-10-08 08:23:58.176 [main] INFO  Controlador.Boletin1_4 - Fichero:hyph-nl.hyb
2026-10-08 08:23:58.176 [main] INFO  Controlador.Boletin1_4 - Fichero:hyph-nn.hyb
2026-10-08 08:23:58.176 [main] INFO  Controlador.Boletin1_4 - Fichero:hyph-or.hyb
2026-10-08 08:23:58.176 [main] INFO  Controlador.Boletin1_4 - Fichero:hyph-pa.hyb
2026-10-08 08:23:58.176 [main] INFO  Controlador.Boletin1_4 - Fichero:hyph-pt.hyb
2026-10-08 08:23:58.176 [main] INFO  Controlador.Boletin1_4 - Fichero:hyph-ru.hyb
2026-10-08 08:23:58.176 [main] INFO  Controlador.Boletin1_4 - Fichero:hyph-sk.hyb
2026-10-08 08:23:58.176 [main] INFO  Controlador.Boletin1_4 - Fichero:hyph-sl.hyb
2026-10-08 08:23:58.177 [main] INFO  Controlador.Boletin1_4 - Fichero:hyph-sq.hyb
2026-10-08 08:23:58.177 [main] INFO  Controlador.Boletin1_4 - Fichero:hyph-sv.hyb
2026-10-08 08:23:58.177 [main] INFO  Controlador.Boletin1_4 - Fichero:hyph-ta.hyb
2026-10-08 08:23:58.177 [main] INFO  Controlador.Boletin1_4 - Fichero:hyph-te.hyb
2026-10-08 08:23:58.177 [main] INFO  Controlador.Boletin1_4 - Fichero:hyph-tk.hyb
2026-10-08 08:23:58.177 [main] INFO  Controlador.Boletin1_4 - Fichero:hyph-uk.hyb
2026-10-08 08:23:58.177 [main] INFO  Controlador.Boletin1_4 - Fichero:hyph-und-ethi.hyb
2026-10-08 08:23:58.177 [main] INFO  Controlador.Boletin1_4 - Fichero:manifest.json
2026-10-08 08:23:58.177 [main] INFO  Controlador.Boletin1_4 - Directorio:_metadata
2026-10-08 08:23:58.179 [main] INFO  Controlador.Boletin1_4 - Fichero:verified_contents.json
2026-10-08 08:23:58.179 [main] INFO  Controlador.Boletin1_4 - Fichero:Last Version
2026-10-08 08:23:58.180 [main] INFO  Controlador.Boletin1_4 - Fichero:Local State
2026-10-08 08:23:58.180 [main] INFO  Controlador.Boletin1_4 - Fichero:lockfile
2026-10-08 08:23:58.180 [main] INFO  Controlador.Boletin1_4 - Directorio:MEIPreload
2026-10-08 08:23:58.180 [main] INFO  Controlador.Boletin1_4 - Directorio:OriginTrials
2026-10-08 08:23:58.180 [main] INFO  Controlador.Boletin1_4 - Directorio:0.0.1.7
2026-10-08 08:23:58.180 [main] INFO  Controlador.Boletin1_4 - Fichero:manifest.json
2026-10-08 08:23:58.180 [main] INFO  Controlador.Boletin1_4 - Directorio:PKIMetadata
2026-10-08 08:23:58.180 [main] INFO  Controlador.Boletin1_4 - Directorio:46.0.0.0
2026-10-08 08:23:58.180 [main] INFO  Controlador.Boletin1_4 - Fichero:crs.pb
2026-10-08 08:23:58.180 [main] INFO  Controlador.Boletin1_4 - Fichero:ct_config.pb
2026-10-08 08:23:58.180 [main] INFO  Controlador.Boletin1_4 - Fichero:kp_pinslist.pb
2026-10-08 08:23:58.181 [main] INFO  Controlador.Boletin1_4 - Fichero:manifest.json
2026-10-08 08:23:58.181 [main] INFO  Controlador.Boletin1_4 - Directorio:ShaderCache
2026-10-08 08:23:58.181 [main] INFO  Controlador.Boletin1_4 - Fichero:data_0
2026-10-08 08:23:58.181 [main] INFO  Controlador.Boletin1_4 - Fichero:data_1
2026-10-08 08:23:58.181 [main] INFO  Controlador.Boletin1_4 - Fichero:data_2
2026-10-08 08:23:58.181 [main] INFO  Controlador.Boletin1_4 - Fichero:data_3
2026-10-08 08:23:58.181 [main] INFO  Controlador.Boletin1_4 - Fichero:index
2026-10-08 08:23:58.181 [main] INFO  Controlador.Boletin1_4 - Directorio:SmartScreen
2026-10-08 08:23:58.181 [main] INFO  Controlador.Boletin1_4 - Directorio:local
2026-10-08 08:23:58.181 [main] INFO  Controlador.Boletin1_4 - Fichero:downloadCache
2026-10-08 08:23:58.181 [main] INFO  Controlador.Boletin1_4 - Fichero:downloadCache_
2026-10-08 08:23:58.181 [main] INFO  Controlador.Boletin1_4 - Fichero:uriCache
2026-10-08 08:23:58.181 [main] INFO  Controlador.Boletin1_4 - Fichero:uriCache_
2026-10-08 08:23:58.181 [main] INFO  Controlador.Boletin1_4 - Directorio:RemoteData
2026-10-08 08:23:58.181 [main] INFO  Controlador.Boletin1_4 - Fichero:customSettings
2026-10-08 08:23:58.182 [main] INFO  Controlador.Boletin1_4 - Fichero:customSettings_F95BA787499AB4FA9EFFF472CE383A14
2026-10-08 08:23:58.182 [main] INFO  Controlador.Boletin1_4 - Fichero:edgeSettings
2026-10-08 08:23:58.182 [main] INFO  Controlador.Boletin1_4 - Fichero:edgeSettings_2.0-a82cb2897a8bf9445d68dcc2be05af89ad4b2fda1fddb2952693be7cd5353ad3
2026-10-08 08:23:58.182 [main] INFO  Controlador.Boletin1_4 - Fichero:topTraffic
2026-10-08 08:23:58.182 [main] INFO  Controlador.Boletin1_4 - Fichero:topTraffic_638004170464094982
2026-10-08 08:23:58.182 [main] INFO  Controlador.Boletin1_4 - Directorio:Speech Recognition
2026-10-08 08:23:58.182 [main] INFO  Controlador.Boletin1_4 - Directorio:1.15.0.1
2026-10-08 08:23:58.182 [main] INFO  Controlador.Boletin1_4 - Fichero:manifest.json
2026-10-08 08:23:58.182 [main] INFO  Controlador.Boletin1_4 - Fichero:Microsoft.CognitiveServices.Speech.core.dll
2026-10-08 08:23:58.182 [main] INFO  Controlador.Boletin1_4 - Directorio:Subresource Filter
2026-10-08 08:23:58.182 [main] INFO  Controlador.Boletin1_4 - Directorio:Indexed Rules
2026-10-08 08:23:58.183 [main] INFO  Controlador.Boletin1_4 - Directorio:38
2026-10-08 08:23:58.183 [main] INFO  Controlador.Boletin1_4 - Directorio:10.34.0.84
2026-10-08 08:23:58.183 [main] INFO  Controlador.Boletin1_4 - Fichero:LICENSE
2026-10-08 08:23:58.183 [main] INFO  Controlador.Boletin1_4 - Fichero:Ruleset Data
2026-10-08 08:23:58.183 [main] INFO  Controlador.Boletin1_4 - Directorio:Unindexed Rules
2026-10-08 08:23:58.184 [main] INFO  Controlador.Boletin1_4 - Directorio:10.34.0.84
2026-10-08 08:23:58.184 [main] INFO  Controlador.Boletin1_4 - Fichero:adblock_snippet.js
2026-10-08 08:23:58.184 [main] INFO  Controlador.Boletin1_4 - Fichero:Filtering Rules
2026-10-08 08:23:58.184 [main] INFO  Controlador.Boletin1_4 - Fichero:Filtering Rules-AA
2026-10-08 08:23:58.185 [main] INFO  Controlador.Boletin1_4 - Fichero:Filtering Rules-CA
2026-10-08 08:23:58.185 [main] INFO  Controlador.Boletin1_4 - Fichero:LICENSE
2026-10-08 08:23:58.185 [main] INFO  Controlador.Boletin1_4 - Fichero:manifest.json
2026-10-08 08:23:58.185 [main] INFO  Controlador.Boletin1_4 - Fichero:Part-DE
2026-10-08 08:23:58.185 [main] INFO  Controlador.Boletin1_4 - Fichero:Part-ES
2026-10-08 08:23:58.185 [main] INFO  Controlador.Boletin1_4 - Fichero:Part-FR
2026-10-08 08:23:58.186 [main] INFO  Controlador.Boletin1_4 - Fichero:Part-IT
2026-10-08 08:23:58.186 [main] INFO  Controlador.Boletin1_4 - Fichero:Part-NL
2026-10-08 08:23:58.186 [main] INFO  Controlador.Boletin1_4 - Fichero:Part-RU
2026-10-08 08:23:58.186 [main] INFO  Controlador.Boletin1_4 - Fichero:Part-ZH
2026-10-08 08:23:58.186 [main] INFO  Controlador.Boletin1_4 - Directorio:Trust Protection Lists
2026-10-08 08:23:58.186 [main] INFO  Controlador.Boletin1_4 - Directorio:TrustTokenKeyCommitments
2026-10-08 08:23:58.187 [main] INFO  Controlador.Boletin1_4 - Directorio:2026.8.3.1
2026-10-08 08:23:58.187 [main] INFO  Controlador.Boletin1_4 - Fichero:keys.json
2026-10-08 08:23:58.187 [main] INFO  Controlador.Boletin1_4 - Fichero:LICENSE
2026-10-08 08:23:58.187 [main] INFO  Controlador.Boletin1_4 - Fichero:manifest.json
2026-10-08 08:23:58.187 [main] INFO  Controlador.Boletin1_4 - Directorio:_metadata
2026-10-08 08:23:58.187 [main] INFO  Controlador.Boletin1_4 - Fichero:verified_contents.json
2026-10-08 08:23:58.187 [main] INFO  Controlador.Boletin1_4 - Fichero:Variations
2026-10-08 08:23:58.187 [main] INFO  Controlador.Boletin1_4 - Fichero:VariationsRuntimeSeedV2
2026-10-08 08:23:58.188 [main] INFO  Controlador.Boletin1_4 - Fichero:VariationsSafeSeedV2
2026-10-08 08:23:58.188 [main] INFO  Controlador.Boletin1_4 - Fichero:VariationsSeedV2
2026-10-08 08:23:58.188 [main] INFO  Controlador.Boletin1_4 - Directorio:WidevineCdm
2026-10-08 08:23:58.188 [main] INFO  Controlador.Boletin1_4 - Directorio:org.eclipse.terminal.view.ui
2026-10-08 08:23:58.188 [main] INFO  Controlador.Boletin1_4 - Directorio:.executables
2026-10-08 08:23:58.188 [main] INFO  Controlador.Boletin1_4 - Fichero:data.properties
2026-10-08 08:23:58.188 [main] INFO  Controlador.Boletin1_4 - Directorio:org.eclipse.tips.ide
2026-10-08 08:23:58.188 [main] INFO  Controlador.Boletin1_4 - Fichero:dialog_settings.xml
2026-10-08 08:23:58.188 [main] INFO  Controlador.Boletin1_4 - Directorio:org.eclipse.tm.terminal.view.ui
2026-10-08 08:23:58.188 [main] INFO  Controlador.Boletin1_4 - Directorio:.executables
2026-10-08 08:23:58.189 [main] INFO  Controlador.Boletin1_4 - Fichero:data.properties
2026-10-08 08:23:58.189 [main] INFO  Controlador.Boletin1_4 - Directorio:org.eclipse.ui.editors
2026-10-08 08:23:58.189 [main] INFO  Controlador.Boletin1_4 - Fichero:dialog_settings.xml
2026-10-08 08:23:58.189 [main] INFO  Controlador.Boletin1_4 - Directorio:org.eclipse.ui.ide
2026-10-08 08:23:58.189 [main] INFO  Controlador.Boletin1_4 - Fichero:dialog_settings.xml
2026-10-08 08:23:58.189 [main] INFO  Controlador.Boletin1_4 - Directorio:org.eclipse.ui.intro
2026-10-08 08:23:58.189 [main] INFO  Controlador.Boletin1_4 - Fichero:introstate
2026-10-08 08:23:58.189 [main] INFO  Controlador.Boletin1_4 - Directorio:org.eclipse.ui.workbench
2026-10-08 08:23:58.191 [main] INFO  Controlador.Boletin1_4 - Fichero:dialog_settings.xml
2026-10-08 08:23:58.191 [main] INFO  Controlador.Boletin1_4 - Fichero:workingsets.xml
2026-10-08 08:23:58.191 [main] INFO  Controlador.Boletin1_4 - Directorio:org.eclipse.ui.workbench.texteditor
2026-10-08 08:23:58.191 [main] INFO  Controlador.Boletin1_4 - Fichero:dialog_settings.xml
2026-10-08 08:23:58.191 [main] INFO  Controlador.Boletin1_4 - Directorio:org.eclipse.wildwebdeveloper.xml
2026-10-08 08:23:58.191 [main] INFO  Controlador.Boletin1_4 - Fichero:system-catalog.xml
2026-10-08 08:23:58.191 [main] INFO  Controlador.Boletin1_4 - Directorio:org.eclipse.wst.common.modulecore
2026-10-08 08:23:58.192 [main] INFO  Controlador.Boletin1_4 - Directorio:org.eclipse.wst.internet.cache
2026-10-08 08:23:58.192 [main] INFO  Controlador.Boletin1_4 - Fichero:cache.xml
2026-10-08 08:23:58.192 [main] INFO  Controlador.Boletin1_4 - Directorio:org.eclipse.wst.jsdt.core
2026-10-08 08:23:58.192 [main] INFO  Controlador.Boletin1_4 - Fichero:externalLibsTimeStamps
2026-10-08 08:23:58.192 [main] INFO  Controlador.Boletin1_4 - Directorio:indexes
2026-10-08 08:23:58.192 [main] INFO  Controlador.Boletin1_4 - Directorio:libraries
2026-10-08 08:23:58.193 [main] INFO  Controlador.Boletin1_4 - Fichero:baseBrowserLibrary.js
2026-10-08 08:23:58.193 [main] INFO  Controlador.Boletin1_4 - Fichero:browserWindow.js
2026-10-08 08:23:58.193 [main] INFO  Controlador.Boletin1_4 - Fichero:dom5.js
2026-10-08 08:23:58.193 [main] INFO  Controlador.Boletin1_4 - Fichero:system.js
2026-10-08 08:23:58.193 [main] INFO  Controlador.Boletin1_4 - Fichero:xhr.js
2026-10-08 08:23:58.193 [main] INFO  Controlador.Boletin1_4 - Fichero:variablesAndContainers.dat
2026-10-08 08:23:58.193 [main] INFO  Controlador.Boletin1_4 - Directorio:org.eclipse.wst.jsdt.ui
2026-10-08 08:23:58.193 [main] INFO  Controlador.Boletin1_4 - Fichero:OpenTypeHistory.xml
2026-10-08 08:23:58.193 [main] INFO  Controlador.Boletin1_4 - Fichero:QualifiedTypeNameHistory.xml
2026-10-08 08:23:58.193 [main] INFO  Controlador.Boletin1_4 - Directorio:org.eclipse.wst.server.core
2026-10-08 08:23:58.193 [main] INFO  Controlador.Boletin1_4 - Directorio:org.eclipse.wst.sse.core
2026-10-08 08:23:58.193 [main] INFO  Controlador.Boletin1_4 - Fichero:task-tags.properties
2026-10-08 08:23:58.193 [main] INFO  Controlador.Boletin1_4 - Directorio:org.eclipse.wst.sse.ui
2026-10-08 08:23:58.193 [main] INFO  Controlador.Boletin1_4 - Fichero:dialog_settings.xml
2026-10-08 08:23:58.194 [main] INFO  Controlador.Boletin1_4 - Directorio:org.eclipse.wst.xml.core
2026-10-08 08:23:58.194 [main] INFO  Controlador.Boletin1_4 - Fichero:default_catalog.xml
2026-10-08 08:23:58.194 [main] INFO  Controlador.Boletin1_4 - Fichero:system_catalog.xml
2026-10-08 08:23:58.194 [main] INFO  Controlador.Boletin1_4 - Fichero:version.ini
2026-10-08 08:23:58.194 [main] INFO  Controlador.Boletin1_4 - Directorio:Biblioteca
2026-10-08 08:23:58.194 [main] INFO  Controlador.Boletin1_4 - Fichero:.classpath
2026-10-08 08:23:58.194 [main] INFO  Controlador.Boletin1_4 - Fichero:.gitignore
2026-10-08 08:23:58.194 [main] INFO  Controlador.Boletin1_4 - Fichero:.project
2026-10-08 08:23:58.194 [main] INFO  Controlador.Boletin1_4 - Directorio:.settings
2026-10-08 08:23:58.194 [main] INFO  Controlador.Boletin1_4 - Fichero:org.eclipse.jdt.core.prefs
2026-10-08 08:23:58.194 [main] INFO  Controlador.Boletin1_4 - Fichero:org.eclipse.m2e.core.prefs
2026-10-08 08:23:58.194 [main] INFO  Controlador.Boletin1_4 - Fichero:application-20260924.log
2026-10-08 08:23:58.194 [main] INFO  Controlador.Boletin1_4 - Fichero:application-20260928.log
2026-10-08 08:23:58.194 [main] INFO  Controlador.Boletin1_4 - Fichero:application-20261001.log
2026-10-08 08:23:58.196 [main] INFO  Controlador.Boletin1_4 - Fichero:pom.xml
2026-10-08 08:23:58.196 [main] INFO  Controlador.Boletin1_4 - Directorio:src
2026-10-08 08:23:58.196 [main] INFO  Controlador.Boletin1_4 - Directorio:main
2026-10-08 08:23:58.196 [main] INFO  Controlador.Boletin1_4 - Directorio:java
2026-10-08 08:23:58.196 [main] INFO  Controlador.Boletin1_4 - Directorio:modelo
2026-10-08 08:23:58.196 [main] INFO  Controlador.Boletin1_4 - Fichero:Biblioteca.java
2026-10-08 08:23:58.196 [main] INFO  Controlador.Boletin1_4 - Fichero:Genero.java
2026-10-08 08:23:58.196 [main] INFO  Controlador.Boletin1_4 - Fichero:Libro.java
2026-10-08 08:23:58.196 [main] INFO  Controlador.Boletin1_4 - Fichero:Prestamo.java
2026-10-08 08:23:58.196 [main] INFO  Controlador.Boletin1_4 - Fichero:Usuario.java
2026-10-08 08:23:58.196 [main] INFO  Controlador.Boletin1_4 - Directorio:repositorio
2026-10-08 08:23:58.196 [main] INFO  Controlador.Boletin1_4 - Fichero:RepoBiblio.java
2026-10-08 08:23:58.197 [main] INFO  Controlador.Boletin1_4 - Directorio:resources
2026-10-08 08:23:58.197 [main] INFO  Controlador.Boletin1_4 - Fichero:log4j2.xml
2026-10-08 08:23:58.197 [main] INFO  Controlador.Boletin1_4 - Directorio:test
2026-10-08 08:23:58.197 [main] INFO  Controlador.Boletin1_4 - Directorio:java
2026-10-08 08:23:58.197 [main] INFO  Controlador.Boletin1_4 - Directorio:resources
2026-10-08 08:23:58.197 [main] INFO  Controlador.Boletin1_4 - Directorio:target
2026-10-08 08:23:58.197 [main] INFO  Controlador.Boletin1_4 - Directorio:classes
2026-10-08 08:23:58.197 [main] INFO  Controlador.Boletin1_4 - Fichero:log4j2.xml
2026-10-08 08:23:58.197 [main] INFO  Controlador.Boletin1_4 - Directorio:META-INF
2026-10-08 08:23:58.197 [main] INFO  Controlador.Boletin1_4 - Fichero:MANIFEST.MF
2026-10-08 08:23:58.197 [main] INFO  Controlador.Boletin1_4 - Directorio:maven
2026-10-08 08:23:58.197 [main] INFO  Controlador.Boletin1_4 - Directorio:Biblioteca
2026-10-08 08:23:58.198 [main] INFO  Controlador.Boletin1_4 - Directorio:Biblioteca
2026-10-08 08:23:58.198 [main] INFO  Controlador.Boletin1_4 - Fichero:pom.properties
2026-10-08 08:23:58.198 [main] INFO  Controlador.Boletin1_4 - Fichero:pom.xml
2026-10-08 08:23:58.198 [main] INFO  Controlador.Boletin1_4 - Directorio:modelo
2026-10-08 08:23:58.198 [main] INFO  Controlador.Boletin1_4 - Fichero:Biblioteca.class
2026-10-08 08:23:58.198 [main] INFO  Controlador.Boletin1_4 - Fichero:Genero.class
2026-10-08 08:23:58.198 [main] INFO  Controlador.Boletin1_4 - Fichero:Libro.class
2026-10-08 08:23:58.198 [main] INFO  Controlador.Boletin1_4 - Fichero:Prestamo.class
2026-10-08 08:23:58.198 [main] INFO  Controlador.Boletin1_4 - Fichero:Usuario.class
2026-10-08 08:23:58.198 [main] INFO  Controlador.Boletin1_4 - Directorio:repositorio
2026-10-08 08:23:58.198 [main] INFO  Controlador.Boletin1_4 - Fichero:RepoBiblio.class
2026-10-08 08:23:58.199 [main] INFO  Controlador.Boletin1_4 - Directorio:test-classes
2026-10-08 08:23:58.199 [main] INFO  Controlador.Boletin1_4 - Directorio:Comienzo
2026-10-08 08:23:58.199 [main] INFO  Controlador.Boletin1_4 - Fichero:.classpath
2026-10-08 08:23:58.199 [main] INFO  Controlador.Boletin1_4 - Fichero:.project
2026-10-08 08:23:58.199 [main] INFO  Controlador.Boletin1_4 - Directorio:.settings
2026-10-08 08:23:58.199 [main] INFO  Controlador.Boletin1_4 - Fichero:org.eclipse.core.resources.prefs
2026-10-08 08:23:58.199 [main] INFO  Controlador.Boletin1_4 - Fichero:org.eclipse.jdt.core.prefs
2026-10-08 08:23:58.199 [main] INFO  Controlador.Boletin1_4 - Directorio:bin
2026-10-08 08:23:58.199 [main] INFO  Controlador.Boletin1_4 - Directorio:Excepciones
2026-10-08 08:23:58.200 [main] INFO  Controlador.Boletin1_4 - Fichero:module-info.class
2026-10-08 08:23:58.200 [main] INFO  Controlador.Boletin1_4 - Directorio:src
2026-10-08 08:23:58.200 [main] INFO  Controlador.Boletin1_4 - Directorio:Excepciones
2026-10-08 08:23:58.200 [main] INFO  Controlador.Boletin1_4 - Fichero:module-info.java
2026-10-08 08:23:58.200 [main] INFO  Controlador.Boletin1_4 - Directorio:EldenRing
2026-10-08 08:23:58.200 [main] INFO  Controlador.Boletin1_4 - Fichero:.classpath
2026-10-08 08:23:58.200 [main] INFO  Controlador.Boletin1_4 - Fichero:.project
2026-10-08 08:23:58.200 [main] INFO  Controlador.Boletin1_4 - Directorio:.settings
2026-10-08 08:23:58.200 [main] INFO  Controlador.Boletin1_4 - Fichero:org.eclipse.jdt.core.prefs
2026-10-08 08:23:58.200 [main] INFO  Controlador.Boletin1_4 - Fichero:org.eclipse.m2e.core.prefs
2026-10-08 08:23:58.200 [main] INFO  Controlador.Boletin1_4 - Fichero:pom.xml
2026-10-08 08:23:58.200 [main] INFO  Controlador.Boletin1_4 - Directorio:src
2026-10-08 08:23:58.200 [main] INFO  Controlador.Boletin1_4 - Directorio:main
2026-10-08 08:23:58.200 [main] INFO  Controlador.Boletin1_4 - Directorio:java
2026-10-08 08:23:58.201 [main] INFO  Controlador.Boletin1_4 - Directorio:Controlador
2026-10-08 08:23:58.201 [main] INFO  Controlador.Boletin1_4 - Fichero:GestionaSinLuz.java
2026-10-08 08:23:58.201 [main] INFO  Controlador.Boletin1_4 - Directorio:Modelo
2026-10-08 08:23:58.201 [main] INFO  Controlador.Boletin1_4 - Fichero:Encuentro.java
2026-10-08 08:23:58.201 [main] INFO  Controlador.Boletin1_4 - Fichero:SinLuz.java
2026-10-08 08:23:58.201 [main] INFO  Controlador.Boletin1_4 - Directorio:Repositorio
2026-10-08 08:23:58.201 [main] INFO  Controlador.Boletin1_4 - Fichero:RepositorioMapa.java
2026-10-08 08:23:58.201 [main] INFO  Controlador.Boletin1_4 - Directorio:resources
2026-10-08 08:23:58.201 [main] INFO  Controlador.Boletin1_4 - Directorio:test
2026-10-08 08:23:58.202 [main] INFO  Controlador.Boletin1_4 - Directorio:java
2026-10-08 08:23:58.202 [main] INFO  Controlador.Boletin1_4 - Directorio:resources
2026-10-08 08:23:58.202 [main] INFO  Controlador.Boletin1_4 - Directorio:target
2026-10-08 08:23:58.202 [main] INFO  Controlador.Boletin1_4 - Directorio:classes
2026-10-08 08:23:58.202 [main] INFO  Controlador.Boletin1_4 - Directorio:Controlador
2026-10-08 08:23:58.202 [main] INFO  Controlador.Boletin1_4 - Fichero:GestionaSinLuz.class
2026-10-08 08:23:58.202 [main] INFO  Controlador.Boletin1_4 - Directorio:META-INF
2026-10-08 08:23:58.202 [main] INFO  Controlador.Boletin1_4 - Fichero:MANIFEST.MF
2026-10-08 08:23:58.202 [main] INFO  Controlador.Boletin1_4 - Directorio:maven
2026-10-08 08:23:58.202 [main] INFO  Controlador.Boletin1_4 - Directorio:EldenRing
2026-10-08 08:23:58.203 [main] INFO  Controlador.Boletin1_4 - Directorio:EldenRing
2026-10-08 08:23:58.203 [main] INFO  Controlador.Boletin1_4 - Fichero:pom.properties
2026-10-08 08:23:58.203 [main] INFO  Controlador.Boletin1_4 - Fichero:pom.xml
2026-10-08 08:23:58.203 [main] INFO  Controlador.Boletin1_4 - Directorio:Modelo
2026-10-08 08:23:58.203 [main] INFO  Controlador.Boletin1_4 - Fichero:Encuentro.class
2026-10-08 08:23:58.203 [main] INFO  Controlador.Boletin1_4 - Fichero:SinLuz.class
2026-10-08 08:23:58.203 [main] INFO  Controlador.Boletin1_4 - Directorio:Repositorio
2026-10-08 08:23:58.203 [main] INFO  Controlador.Boletin1_4 - Fichero:RepositorioMapa.class
2026-10-08 08:23:58.203 [main] INFO  Controlador.Boletin1_4 - Directorio:test-classes
2026-10-08 08:23:58.203 [main] INFO  Controlador.Boletin1_4 - Fichero:ooo.txt
2026-10-08 08:23:58.204 [main] INFO  Controlador.Boletin1_4 - Directorio:repasoJava
2026-10-08 08:23:58.204 [main] INFO  Controlador.Boletin1_4 - Fichero:.classpath
2026-10-08 08:23:58.204 [main] INFO  Controlador.Boletin1_4 - Fichero:.project
2026-10-08 08:23:58.204 [main] INFO  Controlador.Boletin1_4 - Directorio:.settings
2026-10-08 08:23:58.204 [main] INFO  Controlador.Boletin1_4 - Fichero:org.eclipse.jdt.core.prefs
2026-10-08 08:23:58.204 [main] INFO  Controlador.Boletin1_4 - Fichero:org.eclipse.m2e.core.prefs
2026-10-08 08:23:58.204 [main] INFO  Controlador.Boletin1_4 - Fichero:pom.xml
2026-10-08 08:23:58.204 [main] INFO  Controlador.Boletin1_4 - Directorio:src
2026-10-08 08:23:58.204 [main] INFO  Controlador.Boletin1_4 - Directorio:main
2026-10-08 08:23:58.204 [main] INFO  Controlador.Boletin1_4 - Directorio:java
2026-10-08 08:23:58.205 [main] INFO  Controlador.Boletin1_4 - Directorio:repasoJava
2026-10-08 08:23:58.205 [main] INFO  Controlador.Boletin1_4 - Directorio:dia1
2026-10-08 08:23:58.205 [main] INFO  Controlador.Boletin1_4 - Directorio:controllers
2026-10-08 08:23:58.205 [main] INFO  Controlador.Boletin1_4 - Fichero:GestionaEvento.java
2026-10-08 08:23:58.205 [main] INFO  Controlador.Boletin1_4 - Fichero:RepasoFile.java
2026-10-08 08:23:58.205 [main] INFO  Controlador.Boletin1_4 - Fichero:Dia1Excepciones.java
2026-10-08 08:23:58.205 [main] INFO  Controlador.Boletin1_4 - Directorio:exceptions
2026-10-08 08:23:58.205 [main] INFO  Controlador.Boletin1_4 - Fichero:CrafterException.java
2026-10-08 08:23:58.205 [main] INFO  Controlador.Boletin1_4 - Directorio:models
2026-10-08 08:23:58.207 [main] INFO  Controlador.Boletin1_4 - Fichero:Concierto.java
2026-10-08 08:23:58.207 [main] INFO  Controlador.Boletin1_4 - Fichero:Estado.java
2026-10-08 08:23:58.207 [main] INFO  Controlador.Boletin1_4 - Fichero:Evento.java
2026-10-08 08:23:58.207 [main] INFO  Controlador.Boletin1_4 - Fichero:EventoDeportivo.java
2026-10-08 08:23:58.207 [main] INFO  Controlador.Boletin1_4 - Directorio:repositories
2026-10-08 08:23:58.207 [main] INFO  Controlador.Boletin1_4 - Fichero:EventoRepo.java
2026-10-08 08:23:58.207 [main] INFO  Controlador.Boletin1_4 - Directorio:resources
2026-10-08 08:23:58.207 [main] INFO  Controlador.Boletin1_4 - Directorio:test
2026-10-08 08:23:58.207 [main] INFO  Controlador.Boletin1_4 - Directorio:java
2026-10-08 08:23:58.207 [main] INFO  Controlador.Boletin1_4 - Directorio:resources
2026-10-08 08:23:58.207 [main] INFO  Controlador.Boletin1_4 - Directorio:target
2026-10-08 08:23:58.208 [main] INFO  Controlador.Boletin1_4 - Directorio:classes
2026-10-08 08:23:58.208 [main] INFO  Controlador.Boletin1_4 - Directorio:META-INF
2026-10-08 08:23:58.208 [main] INFO  Controlador.Boletin1_4 - Fichero:MANIFEST.MF
2026-10-08 08:23:58.208 [main] INFO  Controlador.Boletin1_4 - Directorio:maven
2026-10-08 08:23:58.208 [main] INFO  Controlador.Boletin1_4 - Directorio:psp
2026-10-08 08:23:58.208 [main] INFO  Controlador.Boletin1_4 - Directorio:repasoJava
2026-10-08 08:23:58.208 [main] INFO  Controlador.Boletin1_4 - Fichero:pom.properties
2026-10-08 08:23:58.209 [main] INFO  Controlador.Boletin1_4 - Fichero:pom.xml
2026-10-08 08:23:58.209 [main] INFO  Controlador.Boletin1_4 - Directorio:repasoJava
2026-10-08 08:23:58.209 [main] INFO  Controlador.Boletin1_4 - Directorio:dia1
2026-10-08 08:23:58.209 [main] INFO  Controlador.Boletin1_4 - Directorio:controllers
2026-10-08 08:23:58.209 [main] INFO  Controlador.Boletin1_4 - Fichero:GestionaEvento.class
2026-10-08 08:23:58.209 [main] INFO  Controlador.Boletin1_4 - Fichero:RepasoFile.class
2026-10-08 08:23:58.209 [main] INFO  Controlador.Boletin1_4 - Fichero:Dia1Excepciones.class
2026-10-08 08:23:58.209 [main] INFO  Controlador.Boletin1_4 - Directorio:exceptions
2026-10-08 08:23:58.209 [main] INFO  Controlador.Boletin1_4 - Fichero:CrafterException.class
2026-10-08 08:23:58.209 [main] INFO  Controlador.Boletin1_4 - Directorio:models
2026-10-08 08:23:58.209 [main] INFO  Controlador.Boletin1_4 - Fichero:Concierto.class
2026-10-08 08:23:58.209 [main] INFO  Controlador.Boletin1_4 - Fichero:Estado.class
2026-10-08 08:23:58.210 [main] INFO  Controlador.Boletin1_4 - Fichero:Evento.class
2026-10-08 08:23:58.210 [main] INFO  Controlador.Boletin1_4 - Fichero:EventoDeportivo.class
2026-10-08 08:23:58.210 [main] INFO  Controlador.Boletin1_4 - Directorio:repositories
2026-10-08 08:23:58.210 [main] INFO  Controlador.Boletin1_4 - Fichero:EventoRepo.class
2026-10-08 08:23:58.210 [main] INFO  Controlador.Boletin1_4 - Directorio:test-classes
2026-10-08 08:23:58.210 [main] INFO  Controlador.Boletin1_4 - Directorio:Unidad1File
2026-10-08 08:23:58.210 [main] INFO  Controlador.Boletin1_4 - Fichero:.classpath
2026-10-08 08:23:58.210 [main] INFO  Controlador.Boletin1_4 - Fichero:.project
2026-10-08 08:23:58.210 [main] INFO  Controlador.Boletin1_4 - Directorio:.settings
2026-10-08 08:23:58.210 [main] INFO  Controlador.Boletin1_4 - Fichero:org.eclipse.jdt.core.prefs
2026-10-08 08:23:58.210 [main] INFO  Controlador.Boletin1_4 - Fichero:org.eclipse.m2e.core.prefs
2026-10-08 08:23:58.210 [main] INFO  Controlador.Boletin1_4 - Fichero:application-20261001.log
2026-10-08 08:23:58.210 [main] INFO  Controlador.Boletin1_4 - Fichero:application-20261005.log
2026-10-08 08:23:58.210 [main] INFO  Controlador.Boletin1_4 - Fichero:application-20261008.log
2026-10-08 08:23:58.210 [main] INFO  Controlador.Boletin1_4 - Fichero:pom.xml
2026-10-08 08:23:58.210 [main] INFO  Controlador.Boletin1_4 - Directorio:src
2026-10-08 08:23:58.211 [main] INFO  Controlador.Boletin1_4 - Directorio:main
2026-10-08 08:23:58.211 [main] INFO  Controlador.Boletin1_4 - Directorio:java
2026-10-08 08:23:58.211 [main] INFO  Controlador.Boletin1_4 - Directorio:Controlador
2026-10-08 08:23:58.211 [main] INFO  Controlador.Boletin1_4 - Fichero:Boletin1_1.java
2026-10-08 08:23:58.211 [main] INFO  Controlador.Boletin1_4 - Fichero:Boletin1_2.java
2026-10-08 08:23:58.211 [main] INFO  Controlador.Boletin1_4 - Fichero:Boletin1_3.java
2026-10-08 08:23:58.211 [main] INFO  Controlador.Boletin1_4 - Fichero:Boletin1_4.java
2026-10-08 08:23:58.211 [main] INFO  Controlador.Boletin1_4 - Fichero:ClaseFile.java
2026-10-08 08:23:58.211 [main] INFO  Controlador.Boletin1_4 - Directorio:Excepciones
2026-10-08 08:23:58.211 [main] INFO  Controlador.Boletin1_4 - Fichero:RutaNoValidaException.java
2026-10-08 08:23:58.212 [main] INFO  Controlador.Boletin1_4 - Directorio:Modelo
2026-10-08 08:23:58.212 [main] INFO  Controlador.Boletin1_4 - Directorio:Repositorio
2026-10-08 08:23:58.212 [main] INFO  Controlador.Boletin1_4 - Directorio:resources
2026-10-08 08:23:58.212 [main] INFO  Controlador.Boletin1_4 - Fichero:log4j2.xml
2026-10-08 08:23:58.212 [main] INFO  Controlador.Boletin1_4 - Directorio:test
2026-10-08 08:23:58.212 [main] INFO  Controlador.Boletin1_4 - Directorio:java
2026-10-08 08:23:58.212 [main] INFO  Controlador.Boletin1_4 - Directorio:resources
2026-10-08 08:23:58.212 [main] INFO  Controlador.Boletin1_4 - Directorio:target
2026-10-08 08:23:58.213 [main] INFO  Controlador.Boletin1_4 - Directorio:classes
2026-10-08 08:23:58.213 [main] INFO  Controlador.Boletin1_4 - Directorio:Controlador
2026-10-08 08:23:58.213 [main] INFO  Controlador.Boletin1_4 - Fichero:Boletin1_1.class
2026-10-08 08:23:58.213 [main] INFO  Controlador.Boletin1_4 - Fichero:Boletin1_2.class
2026-10-08 08:23:58.213 [main] INFO  Controlador.Boletin1_4 - Fichero:Boletin1_2_2.class
2026-10-08 08:23:58.213 [main] INFO  Controlador.Boletin1_4 - Fichero:Boletin1_3.class
2026-10-08 08:23:58.213 [main] INFO  Controlador.Boletin1_4 - Fichero:Boletin1_4.class
2026-10-08 08:23:58.213 [main] INFO  Controlador.Boletin1_4 - Fichero:Boletin1_4_2.class
2026-10-08 08:23:58.213 [main] INFO  Controlador.Boletin1_4 - Fichero:ClaseFile.class
2026-10-08 08:23:58.213 [main] INFO  Controlador.Boletin1_4 - Directorio:Excepciones
2026-10-08 08:23:58.213 [main] INFO  Controlador.Boletin1_4 - Fichero:RutaNoValidaException.class
2026-10-08 08:23:58.213 [main] INFO  Controlador.Boletin1_4 - Fichero:log4j2.xml
2026-10-08 08:23:58.213 [main] INFO  Controlador.Boletin1_4 - Directorio:META-INF
2026-10-08 08:23:58.214 [main] INFO  Controlador.Boletin1_4 - Fichero:MANIFEST.MF
2026-10-08 08:23:58.214 [main] INFO  Controlador.Boletin1_4 - Directorio:maven
2026-10-08 08:23:58.214 [main] INFO  Controlador.Boletin1_4 - Directorio:Unidad1File
2026-10-08 08:23:58.214 [main] INFO  Controlador.Boletin1_4 - Directorio:Unidad1File
2026-10-08 08:23:58.214 [main] INFO  Controlador.Boletin1_4 - Fichero:pom.properties
2026-10-08 08:23:58.214 [main] INFO  Controlador.Boletin1_4 - Fichero:pom.xml
2026-10-08 08:23:58.214 [main] INFO  Controlador.Boletin1_4 - Directorio:Modelo
2026-10-08 08:23:58.214 [main] INFO  Controlador.Boletin1_4 - Directorio:Repositorio
2026-10-08 08:23:58.214 [main] INFO  Controlador.Boletin1_4 - Directorio:test-classes
2026-10-08 08:23:58.214 [main] INFO  Controlador.Boletin1_4 - Fichero:Descargas - Acceso directo.lnk
2026-10-08 08:23:58.214 [main] INFO  Controlador.Boletin1_4 - Fichero:desktop.ini
2026-10-08 08:23:58.215 [main] INFO  Controlador.Boletin1_4 - Fichero:Eclipse IDE for Enterprise Java and Web Developers - 2026-09.lnk
2026-10-08 08:23:58.215 [main] INFO  Controlador.Boletin1_4 - Fichero:Git Bash.lnk
2026-10-08 08:23:58.215 [main] INFO  Controlador.Boletin1_4 - Fichero:Manuel - Chrome.lnk
2026-10-08 08:23:58.215 [main] INFO  Controlador.Boletin1_4 - Directorio:Prueba
2026-10-08 08:23:58.215 [main] INFO  Controlador.Boletin1_4 - Fichero:fichero.txt
2026-10-08 08:23:58.215 [main] INFO  Controlador.Boletin1_4 - Directorio:Psp2
2026-10-08 08:23:58.215 [main] INFO  Controlador.Boletin1_4 - Directorio:.git
2026-10-08 08:23:58.215 [main] INFO  Controlador.Boletin1_4 - Fichero:COMMIT_EDITMSG
2026-10-08 08:23:58.215 [main] INFO  Controlador.Boletin1_4 - Fichero:config
2026-10-08 08:23:58.216 [main] INFO  Controlador.Boletin1_4 - Fichero:description
2026-10-08 08:23:58.216 [main] INFO  Controlador.Boletin1_4 - Fichero:HEAD
2026-10-08 08:23:58.216 [main] INFO  Controlador.Boletin1_4 - Directorio:hooks
2026-10-08 08:23:58.216 [main] INFO  Controlador.Boletin1_4 - Fichero:applypatch-msg.sample
2026-10-08 08:23:58.216 [main] INFO  Controlador.Boletin1_4 - Fichero:commit-msg.sample
2026-10-08 08:23:58.216 [main] INFO  Controlador.Boletin1_4 - Fichero:fsmonitor-watchman.sample
2026-10-08 08:23:58.216 [main] INFO  Controlador.Boletin1_4 - Fichero:post-update.sample
2026-10-08 08:23:58.216 [main] INFO  Controlador.Boletin1_4 - Fichero:pre-applypatch.sample
2026-10-08 08:23:58.217 [main] INFO  Controlador.Boletin1_4 - Fichero:pre-commit.sample
2026-10-08 08:23:58.217 [main] INFO  Controlador.Boletin1_4 - Fichero:pre-merge-commit.sample
2026-10-08 08:23:58.217 [main] INFO  Controlador.Boletin1_4 - Fichero:pre-push.sample
2026-10-08 08:23:58.217 [main] INFO  Controlador.Boletin1_4 - Fichero:pre-rebase.sample
2026-10-08 08:23:58.217 [main] INFO  Controlador.Boletin1_4 - Fichero:pre-receive.sample
2026-10-08 08:23:58.217 [main] INFO  Controlador.Boletin1_4 - Fichero:prepare-commit-msg.sample
2026-10-08 08:23:58.217 [main] INFO  Controlador.Boletin1_4 - Fichero:push-to-checkout.sample
2026-10-08 08:23:58.217 [main] INFO  Controlador.Boletin1_4 - Fichero:sendemail-validate.sample
2026-10-08 08:23:58.217 [main] INFO  Controlador.Boletin1_4 - Fichero:update.sample
2026-10-08 08:23:58.217 [main] INFO  Controlador.Boletin1_4 - Fichero:index
2026-10-08 08:23:58.218 [main] INFO  Controlador.Boletin1_4 - Directorio:info
2026-10-08 08:23:58.218 [main] INFO  Controlador.Boletin1_4 - Fichero:exclude
2026-10-08 08:23:58.218 [main] INFO  Controlador.Boletin1_4 - Directorio:logs
2026-10-08 08:23:58.218 [main] INFO  Controlador.Boletin1_4 - Fichero:HEAD
2026-10-08 08:23:58.218 [main] INFO  Controlador.Boletin1_4 - Directorio:refs
2026-10-08 08:23:58.218 [main] INFO  Controlador.Boletin1_4 - Directorio:heads
2026-10-08 08:23:58.218 [main] INFO  Controlador.Boletin1_4 - Fichero:main
2026-10-08 08:23:58.218 [main] INFO  Controlador.Boletin1_4 - Directorio:remotes
2026-10-08 08:23:58.218 [main] INFO  Controlador.Boletin1_4 - Directorio:origin
2026-10-08 08:23:58.220 [main] INFO  Controlador.Boletin1_4 - Fichero:main
2026-10-08 08:23:58.220 [main] INFO  Controlador.Boletin1_4 - Directorio:objects
2026-10-08 08:23:58.220 [main] INFO  Controlador.Boletin1_4 - Directorio:12
2026-10-08 08:23:58.221 [main] INFO  Controlador.Boletin1_4 - Fichero:b9d0e43a15532e814f88bad33b7e2c411c63fd
2026-10-08 08:23:58.221 [main] INFO  Controlador.Boletin1_4 - Directorio:18
2026-10-08 08:23:58.221 [main] INFO  Controlador.Boletin1_4 - Fichero:bfd76fbe9dd8110570850225fdf2831fdb425b
2026-10-08 08:23:58.221 [main] INFO  Controlador.Boletin1_4 - Directorio:32
2026-10-08 08:23:58.221 [main] INFO  Controlador.Boletin1_4 - Fichero:19de7e3c724f8ccd8041a66e484d69dca27036
2026-10-08 08:23:58.221 [main] INFO  Controlador.Boletin1_4 - Directorio:38
2026-10-08 08:23:58.222 [main] INFO  Controlador.Boletin1_4 - Fichero:5566e0b898fbe368d416ab461671ccab06049a
2026-10-08 08:23:58.222 [main] INFO  Controlador.Boletin1_4 - Directorio:39
2026-10-08 08:23:58.222 [main] INFO  Controlador.Boletin1_4 - Fichero:26ce8679ba918794c76ba0fc1d72cfad470701
2026-10-08 08:23:58.222 [main] INFO  Controlador.Boletin1_4 - Directorio:3c
2026-10-08 08:23:58.222 [main] INFO  Controlador.Boletin1_4 - Fichero:748377b9855449850fced4fd3e9a8a84e9a21c
2026-10-08 08:23:58.223 [main] INFO  Controlador.Boletin1_4 - Directorio:46
2026-10-08 08:23:58.223 [main] INFO  Controlador.Boletin1_4 - Fichero:9a944026495d280d4eec22e957cba44efcb47b
2026-10-08 08:23:58.223 [main] INFO  Controlador.Boletin1_4 - Directorio:58
2026-10-08 08:23:58.223 [main] INFO  Controlador.Boletin1_4 - Fichero:f9b59cb8e7fee2275a2da44c36068de4072a74
2026-10-08 08:23:58.223 [main] INFO  Controlador.Boletin1_4 - Directorio:5d
2026-10-08 08:23:58.223 [main] INFO  Controlador.Boletin1_4 - Fichero:7b2250b21f6f6e4bc75dee42ee13b17ba9f3df
2026-10-08 08:23:58.225 [main] INFO  Controlador.Boletin1_4 - Directorio:65
2026-10-08 08:23:58.225 [main] INFO  Controlador.Boletin1_4 - Fichero:d87b8c3ada0325aeb9c04b59cc2ed8034ba668
2026-10-08 08:23:58.225 [main] INFO  Controlador.Boletin1_4 - Directorio:67
2026-10-08 08:23:58.226 [main] INFO  Controlador.Boletin1_4 - Fichero:93a89c92efc2d1b4d69427de68b56183a9ea4c
2026-10-08 08:23:58.226 [main] INFO  Controlador.Boletin1_4 - Directorio:73
2026-10-08 08:23:58.226 [main] INFO  Controlador.Boletin1_4 - Fichero:f8743f6f6d960eee92b463621f65b5720cdd55
2026-10-08 08:23:58.226 [main] INFO  Controlador.Boletin1_4 - Directorio:77
2026-10-08 08:23:58.226 [main] INFO  Controlador.Boletin1_4 - Fichero:3d35755723cbc8c0290a4793948d3e1b9de5f4
2026-10-08 08:23:58.227 [main] INFO  Controlador.Boletin1_4 - Directorio:79
2026-10-08 08:23:58.227 [main] INFO  Controlador.Boletin1_4 - Fichero:5e1cf5bd7138ea428b7b1d6cbf2e6a193bd767
2026-10-08 08:23:58.227 [main] INFO  Controlador.Boletin1_4 - Directorio:8e
2026-10-08 08:23:58.227 [main] INFO  Controlador.Boletin1_4 - Fichero:4f9539ba40940f0404d4f3b312d45ea01d9df7
2026-10-08 08:23:58.227 [main] INFO  Controlador.Boletin1_4 - Directorio:9c
2026-10-08 08:23:58.227 [main] INFO  Controlador.Boletin1_4 - Fichero:0402afb1bc0071de150a5dd162fc86fbbaba15
2026-10-08 08:23:58.227 [main] INFO  Controlador.Boletin1_4 - Directorio:9f
2026-10-08 08:23:58.228 [main] INFO  Controlador.Boletin1_4 - Fichero:2090fa5537ed69ed5ad50fc76f116250dffdd5
2026-10-08 08:23:58.228 [main] INFO  Controlador.Boletin1_4 - Directorio:a5
2026-10-08 08:23:58.228 [main] INFO  Controlador.Boletin1_4 - Fichero:df5c2c4d5d9777cb412b1d40b8ed0213112075
2026-10-08 08:23:58.228 [main] INFO  Controlador.Boletin1_4 - Directorio:b8
2026-10-08 08:23:58.229 [main] INFO  Controlador.Boletin1_4 - Fichero:3d22266ac8aa2f8df2edef68082c789727841d
2026-10-08 08:23:58.229 [main] INFO  Controlador.Boletin1_4 - Directorio:b9
2026-10-08 08:23:58.229 [main] INFO  Controlador.Boletin1_4 - Fichero:495722a031f37d4452ee1459e7304c3f7ac079
2026-10-08 08:23:58.229 [main] INFO  Controlador.Boletin1_4 - Directorio:c1
2026-10-08 08:23:58.229 [main] INFO  Controlador.Boletin1_4 - Fichero:83f6317b9b2d8b6b5a5eabd2523165e8db5c45
2026-10-08 08:23:58.229 [main] INFO  Controlador.Boletin1_4 - Directorio:c9
2026-10-08 08:23:58.229 [main] INFO  Controlador.Boletin1_4 - Fichero:73a0a489504571cfef9b465df825e5b0b4a527
2026-10-08 08:23:58.229 [main] INFO  Controlador.Boletin1_4 - Directorio:ce
2026-10-08 08:23:58.230 [main] INFO  Controlador.Boletin1_4 - Fichero:d07160f3f4ab8e93e6fd6b58f80e5f071e4f0c
2026-10-08 08:23:58.230 [main] INFO  Controlador.Boletin1_4 - Directorio:d6
2026-10-08 08:23:58.230 [main] INFO  Controlador.Boletin1_4 - Fichero:985702c4564211d173d734946e935fd3e9061f
2026-10-08 08:23:58.230 [main] INFO  Controlador.Boletin1_4 - Directorio:e0
2026-10-08 08:23:58.231 [main] INFO  Controlador.Boletin1_4 - Fichero:60cd115872a6d44d099e76d8743df8278a338a
2026-10-08 08:23:58.231 [main] INFO  Controlador.Boletin1_4 - Directorio:e1
2026-10-08 08:23:58.231 [main] INFO  Controlador.Boletin1_4 - Fichero:0e727be5ce2dc48c7d4d86a401a2744e73c8c1
2026-10-08 08:23:58.231 [main] INFO  Controlador.Boletin1_4 - Fichero:bf01b741d8e177aacdaa6b60c405d8fe8fbce2
2026-10-08 08:23:58.231 [main] INFO  Controlador.Boletin1_4 - Directorio:e2
2026-10-08 08:23:58.231 [main] INFO  Controlador.Boletin1_4 - Fichero:3c7b67e092beaf742919fdb24dabe90cd585f5
2026-10-08 08:23:58.231 [main] INFO  Controlador.Boletin1_4 - Directorio:e3
2026-10-08 08:23:58.231 [main] INFO  Controlador.Boletin1_4 - Fichero:64613d47988865704a4882ec6fc7e1e414d59f
2026-10-08 08:23:58.232 [main] INFO  Controlador.Boletin1_4 - Directorio:e6
2026-10-08 08:23:58.232 [main] INFO  Controlador.Boletin1_4 - Fichero:9de29bb2d1d6434b8b29ae775ad8c2e48c5391
2026-10-08 08:23:58.232 [main] INFO  Controlador.Boletin1_4 - Directorio:f7
2026-10-08 08:23:58.232 [main] INFO  Controlador.Boletin1_4 - Fichero:e4a1dd50effb44b0d03d6b4363973a6b4c9b14
2026-10-08 08:23:58.233 [main] INFO  Controlador.Boletin1_4 - Directorio:f8
2026-10-08 08:23:58.233 [main] INFO  Controlador.Boletin1_4 - Fichero:97a7f1cb2389f85fe6381425d29f0a9866fb65
2026-10-08 08:23:58.233 [main] INFO  Controlador.Boletin1_4 - Directorio:info
2026-10-08 08:23:58.233 [main] INFO  Controlador.Boletin1_4 - Directorio:pack
2026-10-08 08:23:58.233 [main] INFO  Controlador.Boletin1_4 - Directorio:refs
2026-10-08 08:23:58.233 [main] INFO  Controlador.Boletin1_4 - Directorio:heads
2026-10-08 08:23:58.233 [main] INFO  Controlador.Boletin1_4 - Fichero:main
2026-10-08 08:23:58.234 [main] INFO  Controlador.Boletin1_4 - Directorio:remotes
2026-10-08 08:23:58.234 [main] INFO  Controlador.Boletin1_4 - Directorio:origin
2026-10-08 08:23:58.234 [main] INFO  Controlador.Boletin1_4 - Fichero:main
2026-10-08 08:23:58.234 [main] INFO  Controlador.Boletin1_4 - Directorio:tags
2026-10-08 08:23:58.234 [main] INFO  Controlador.Boletin1_4 - Fichero:.gitignore
2026-10-08 08:23:58.234 [main] INFO  Controlador.Boletin1_4 - Directorio:.metadata
2026-10-08 08:23:58.234 [main] INFO  Controlador.Boletin1_4 - Fichero:.lock
2026-10-08 08:23:58.235 [main] INFO  Controlador.Boletin1_4 - Fichero:.lock_info
2026-10-08 08:23:58.235 [main] INFO  Controlador.Boletin1_4 - Fichero:.log
2026-10-08 08:23:58.235 [main] INFO  Controlador.Boletin1_4 - Directorio:.mylyn
2026-10-08 08:23:58.235 [main] INFO  Controlador.Boletin1_4 - Directorio:contexts
2026-10-08 08:23:58.235 [main] INFO  Controlador.Boletin1_4 - Fichero:repositories.xml.zip
2026-10-08 08:23:58.235 [main] INFO  Controlador.Boletin1_4 - Directorio:.plugins
2026-10-08 08:23:58.237 [main] INFO  Controlador.Boletin1_4 - Directorio:org.eclipse.buildship.core
2026-10-08 08:23:58.237 [main] INFO  Controlador.Boletin1_4 - Directorio:gradle
2026-10-08 08:23:58.237 [main] INFO  Controlador.Boletin1_4 - Fichero:versions.json
2026-10-08 08:23:58.237 [main] INFO  Controlador.Boletin1_4 - Directorio:org.eclipse.core.resources
2026-10-08 08:23:58.238 [main] INFO  Controlador.Boletin1_4 - Directorio:.history
2026-10-08 08:23:58.238 [main] INFO  Controlador.Boletin1_4 - Directorio:10
2026-10-08 08:23:58.238 [main] INFO  Controlador.Boletin1_4 - Fichero:80a9de8a62c1001119c7b310f4ccab5a
2026-10-08 08:23:58.238 [main] INFO  Controlador.Boletin1_4 - Directorio:13
2026-10-08 08:23:58.239 [main] INFO  Controlador.Boletin1_4 - Fichero:00814e5562c1001119c7b310f4ccab5a
2026-10-08 08:23:58.239 [main] INFO  Controlador.Boletin1_4 - Fichero:80181f2187c000111bf7ad4a2b15387d
2026-10-08 08:23:58.239 [main] INFO  Controlador.Boletin1_4 - Directorio:1d
2026-10-08 08:23:58.240 [main] INFO  Controlador.Boletin1_4 - Fichero:d040b01164c1001119c7b310f4ccab5a
2026-10-08 08:23:58.240 [main] INFO  Controlador.Boletin1_4 - Directorio:20
2026-10-08 08:23:58.240 [main] INFO  Controlador.Boletin1_4 - Fichero:10071e2187c000111bf7ad4a2b15387d
2026-10-08 08:23:58.240 [main] INFO  Controlador.Boletin1_4 - Directorio:22
2026-10-08 08:23:58.241 [main] INFO  Controlador.Boletin1_4 - Fichero:a04b00a460c1001119c7b310f4ccab5a
2026-10-08 08:23:58.241 [main] INFO  Controlador.Boletin1_4 - Directorio:27
2026-10-08 08:23:58.241 [main] INFO  Controlador.Boletin1_4 - Fichero:508994cf62c1001119c7b310f4ccab5a
2026-10-08 08:23:58.241 [main] INFO  Controlador.Boletin1_4 - Directorio:67
2026-10-08 08:23:58.241 [main] INFO  Controlador.Boletin1_4 - Fichero:70aa71a262c1001119c7b310f4ccab5a
2026-10-08 08:23:58.241 [main] INFO  Controlador.Boletin1_4 - Directorio:69
2026-10-08 08:23:58.241 [main] INFO  Controlador.Boletin1_4 - Fichero:60ca1e2187c000111bf7ad4a2b15387d
2026-10-08 08:23:58.241 [main] INFO  Controlador.Boletin1_4 - Directorio:92
2026-10-08 08:23:58.241 [main] INFO  Controlador.Boletin1_4 - Fichero:30551e2187c000111bf7ad4a2b15387d
2026-10-08 08:23:58.242 [main] INFO  Controlador.Boletin1_4 - Directorio:94
2026-10-08 08:23:58.242 [main] INFO  Controlador.Boletin1_4 - Fichero:9090185487c000111bf7ad4a2b15387d
2026-10-08 08:23:58.242 [main] INFO  Controlador.Boletin1_4 - Directorio:97
2026-10-08 08:23:58.242 [main] INFO  Controlador.Boletin1_4 - Fichero:50137cf962c1001119c7b310f4ccab5a
2026-10-08 08:23:58.242 [main] INFO  Controlador.Boletin1_4 - Directorio:ae
2026-10-08 08:23:58.242 [main] INFO  Controlador.Boletin1_4 - Fichero:60ae43b160c1001119c7b310f4ccab5a
2026-10-08 08:23:58.242 [main] INFO  Controlador.Boletin1_4 - Directorio:b0
2026-10-08 08:23:58.243 [main] INFO  Controlador.Boletin1_4 - Fichero:106b8ff063c1001119c7b310f4ccab5a
2026-10-08 08:23:58.243 [main] INFO  Controlador.Boletin1_4 - Directorio:bd
2026-10-08 08:23:58.243 [main] INFO  Controlador.Boletin1_4 - Fichero:1056847162c1001119c7b310f4ccab5a
2026-10-08 08:23:58.243 [main] INFO  Controlador.Boletin1_4 - Directorio:be
2026-10-08 08:23:58.243 [main] INFO  Controlador.Boletin1_4 - Fichero:b08d1f2187c000111bf7ad4a2b15387d
2026-10-08 08:23:58.244 [main] INFO  Controlador.Boletin1_4 - Directorio:d
2026-10-08 08:23:58.244 [main] INFO  Controlador.Boletin1_4 - Fichero:20f8bdad62c1001119c7b310f4ccab5a
2026-10-08 08:23:58.244 [main] INFO  Controlador.Boletin1_4 - Directorio:d8
2026-10-08 08:23:58.244 [main] INFO  Controlador.Boletin1_4 - Fichero:d0ffe5b962c1001119c7b310f4ccab5a
2026-10-08 08:23:58.244 [main] INFO  Controlador.Boletin1_4 - Directorio:e5
2026-10-08 08:23:58.246 [main] INFO  Controlador.Boletin1_4 - Fichero:80446cc063c1001119c7b310f4ccab5a
2026-10-08 08:23:58.246 [main] INFO  Controlador.Boletin1_4 - Directorio:e7
2026-10-08 08:23:58.246 [main] INFO  Controlador.Boletin1_4 - Fichero:60027b5b62c1001119c7b310f4ccab5a
2026-10-08 08:23:58.246 [main] INFO  Controlador.Boletin1_4 - Directorio:eb
2026-10-08 08:23:58.246 [main] INFO  Controlador.Boletin1_4 - Fichero:e0911d2187c000111bf7ad4a2b15387d
2026-10-08 08:23:58.246 [main] INFO  Controlador.Boletin1_4 - Directorio:fc
2026-10-08 08:23:58.247 [main] INFO  Controlador.Boletin1_4 - Fichero:20c9b33187c000111bf7ad4a2b15387d
2026-10-08 08:23:58.247 [main] INFO  Controlador.Boletin1_4 - Directorio:.projects
2026-10-08 08:23:58.247 [main] INFO  Controlador.Boletin1_4 - Directorio:.org.eclipse.egit.core.cmp
2026-10-08 08:23:58.247 [main] INFO  Controlador.Boletin1_4 - Fichero:.location
2026-10-08 08:23:58.248 [main] INFO  Controlador.Boletin1_4 - Directorio:Unidad1_Multiprocesos
2026-10-08 08:23:58.248 [main] INFO  Controlador.Boletin1_4 - Directorio:.indexes
2026-10-08 08:23:58.249 [main] INFO  Controlador.Boletin1_4 - Directorio:af
2026-10-08 08:23:58.249 [main] INFO  Controlador.Boletin1_4 - Fichero:history.index
2026-10-08 08:23:58.249 [main] INFO  Controlador.Boletin1_4 - Directorio:e4
2026-10-08 08:23:58.249 [main] INFO  Controlador.Boletin1_4 - Directorio:b9
2026-10-08 08:23:58.249 [main] INFO  Controlador.Boletin1_4 - Directorio:22
2026-10-08 08:23:58.249 [main] INFO  Controlador.Boletin1_4 - Directorio:fd
2026-10-08 08:23:58.250 [main] INFO  Controlador.Boletin1_4 - Fichero:history.index
2026-10-08 08:23:58.250 [main] INFO  Controlador.Boletin1_4 - Directorio:db
2026-10-08 08:23:58.250 [main] INFO  Controlador.Boletin1_4 - Fichero:history.index
2026-10-08 08:23:58.250 [main] INFO  Controlador.Boletin1_4 - Fichero:history.index
2026-10-08 08:23:58.250 [main] INFO  Controlador.Boletin1_4 - Fichero:properties.index
2026-10-08 08:23:58.250 [main] INFO  Controlador.Boletin1_4 - Fichero:.location
2026-10-08 08:23:58.250 [main] INFO  Controlador.Boletin1_4 - Fichero:.markers
2026-10-08 08:23:58.250 [main] INFO  Controlador.Boletin1_4 - Directorio:org.eclipse.egit.core
2026-10-08 08:23:58.251 [main] INFO  Controlador.Boletin1_4 - Fichero:GitProjectData.properties
2026-10-08 08:23:58.251 [main] INFO  Controlador.Boletin1_4 - Directorio:org.eclipse.jdt.apt.core
2026-10-08 08:23:58.251 [main] INFO  Controlador.Boletin1_4 - Directorio:org.eclipse.jdt.core
2026-10-08 08:23:58.251 [main] INFO  Controlador.Boletin1_4 - Fichero:state.dat
2026-10-08 08:23:58.251 [main] INFO  Controlador.Boletin1_4 - Directorio:.root
2026-10-08 08:23:58.252 [main] INFO  Controlador.Boletin1_4 - Directorio:.indexes
2026-10-08 08:23:58.252 [main] INFO  Controlador.Boletin1_4 - Fichero:history.version
2026-10-08 08:23:58.252 [main] INFO  Controlador.Boletin1_4 - Fichero:properties.index
2026-10-08 08:23:58.253 [main] INFO  Controlador.Boletin1_4 - Fichero:properties.version
2026-10-08 08:23:58.253 [main] INFO  Controlador.Boletin1_4 - Fichero:2.tree
2026-10-08 08:23:58.253 [main] INFO  Controlador.Boletin1_4 - Directorio:.safetable
2026-10-08 08:23:58.253 [main] INFO  Controlador.Boletin1_4 - Fichero:org.eclipse.core.resources
2026-10-08 08:23:58.253 [main] INFO  Controlador.Boletin1_4 - Directorio:org.eclipse.core.runtime
2026-10-08 08:23:58.253 [main] INFO  Controlador.Boletin1_4 - Directorio:.settings
2026-10-08 08:23:58.254 [main] INFO  Controlador.Boletin1_4 - Fichero:org.eclipse.ant.ui.prefs
2026-10-08 08:23:58.254 [main] INFO  Controlador.Boletin1_4 - Fichero:org.eclipse.core.resources.prefs
2026-10-08 08:23:58.254 [main] INFO  Controlador.Boletin1_4 - Fichero:org.eclipse.core.variables.prefs
2026-10-08 08:23:58.254 [main] INFO  Controlador.Boletin1_4 - Fichero:org.eclipse.debug.ui.prefs
2026-10-08 08:23:58.254 [main] INFO  Controlador.Boletin1_4 - Fichero:org.eclipse.egit.core.prefs
2026-10-08 08:23:58.254 [main] INFO  Controlador.Boletin1_4 - Fichero:org.eclipse.jdt.core.prefs
2026-10-08 08:23:58.256 [main] INFO  Controlador.Boletin1_4 - Fichero:org.eclipse.jdt.junit.prefs
2026-10-08 08:23:58.256 [main] INFO  Controlador.Boletin1_4 - Fichero:org.eclipse.jdt.launching.prefs
2026-10-08 08:23:58.256 [main] INFO  Controlador.Boletin1_4 - Fichero:org.eclipse.jdt.ui.prefs
2026-10-08 08:23:58.256 [main] INFO  Controlador.Boletin1_4 - Fichero:org.eclipse.jsch.core.prefs
2026-10-08 08:23:58.256 [main] INFO  Controlador.Boletin1_4 - Fichero:org.eclipse.jst.j2ee.webservice.ui.prefs
2026-10-08 08:23:58.256 [main] INFO  Controlador.Boletin1_4 - Fichero:org.eclipse.m2e.discovery.prefs
2026-10-08 08:23:58.256 [main] INFO  Controlador.Boletin1_4 - Fichero:org.eclipse.mylyn.context.core.prefs
2026-10-08 08:23:58.256 [main] INFO  Controlador.Boletin1_4 - Fichero:org.eclipse.mylyn.monitor.ui.prefs
2026-10-08 08:23:58.257 [main] INFO  Controlador.Boletin1_4 - Fichero:org.eclipse.mylyn.tasks.ui.prefs
2026-10-08 08:23:58.257 [main] INFO  Controlador.Boletin1_4 - Fichero:org.eclipse.pde.api.tools.prefs
2026-10-08 08:23:58.257 [main] INFO  Controlador.Boletin1_4 - Fichero:org.eclipse.ui.console.prefs
2026-10-08 08:23:58.257 [main] INFO  Controlador.Boletin1_4 - Fichero:org.eclipse.ui.ide.prefs
2026-10-08 08:23:58.257 [main] INFO  Controlador.Boletin1_4 - Fichero:org.eclipse.ui.navigator.prefs
2026-10-08 08:23:58.257 [main] INFO  Controlador.Boletin1_4 - Fichero:org.eclipse.ui.prefs
2026-10-08 08:23:58.257 [main] INFO  Controlador.Boletin1_4 - Fichero:org.eclipse.ui.workbench.prefs
2026-10-08 08:23:58.257 [main] INFO  Controlador.Boletin1_4 - Fichero:org.eclipse.wst.jsdt.ui.prefs
2026-10-08 08:23:58.257 [main] INFO  Controlador.Boletin1_4 - Fichero:org.eclipse.wst.sse.ui.prefs
2026-10-08 08:23:58.257 [main] INFO  Controlador.Boletin1_4 - Fichero:org.eclipse.wst.ws.service.policy.prefs
2026-10-08 08:23:58.258 [main] INFO  Controlador.Boletin1_4 - Directorio:org.eclipse.debug.core
2026-10-08 08:23:58.258 [main] INFO  Controlador.Boletin1_4 - Directorio:.launches
2026-10-08 08:23:58.258 [main] INFO  Controlador.Boletin1_4 - Fichero:Boletin1_1.launch
2026-10-08 08:23:58.258 [main] INFO  Controlador.Boletin1_4 - Fichero:MainPrueba.launch
2026-10-08 08:23:58.258 [main] INFO  Controlador.Boletin1_4 - Directorio:org.eclipse.debug.ui
2026-10-08 08:23:58.258 [main] INFO  Controlador.Boletin1_4 - Fichero:dialog_settings.xml
2026-10-08 08:23:58.259 [main] INFO  Controlador.Boletin1_4 - Fichero:launchConfigurationHistory.xml
2026-10-08 08:23:58.259 [main] INFO  Controlador.Boletin1_4 - Directorio:org.eclipse.e4.workbench
2026-10-08 08:23:58.259 [main] INFO  Controlador.Boletin1_4 - Fichero:last_nl.properties
2026-10-08 08:23:58.259 [main] INFO  Controlador.Boletin1_4 - Fichero:workbench.xmi
2026-10-08 08:23:58.259 [main] INFO  Controlador.Boletin1_4 - Directorio:org.eclipse.egit.core
2026-10-08 08:23:58.260 [main] INFO  Controlador.Boletin1_4 - Directorio:.org.eclipse.egit.core.cmp
2026-10-08 08:23:58.260 [main] INFO  Controlador.Boletin1_4 - Fichero:.project
2026-10-08 08:23:58.260 [main] INFO  Controlador.Boletin1_4 - Directorio:.settings
2026-10-08 08:23:58.260 [main] INFO  Controlador.Boletin1_4 - Fichero:org.eclipse.core.resources.prefs
2026-10-08 08:23:58.260 [main] INFO  Controlador.Boletin1_4 - Directorio:org.eclipse.emf.common.ui
2026-10-08 08:23:58.260 [main] INFO  Controlador.Boletin1_4 - Directorio:org.eclipse.jdt.core
2026-10-08 08:23:58.261 [main] INFO  Controlador.Boletin1_4 - Fichero:1283376873.index
2026-10-08 08:23:58.261 [main] INFO  Controlador.Boletin1_4 - Fichero:1865797976.index
2026-10-08 08:23:58.261 [main] INFO  Controlador.Boletin1_4 - Fichero:2657171946.index
2026-10-08 08:23:58.261 [main] INFO  Controlador.Boletin1_4 - Fichero:3772730432.index
2026-10-08 08:23:58.261 [main] INFO  Controlador.Boletin1_4 - Fichero:4238424329.index
2026-10-08 08:23:58.261 [main] INFO  Controlador.Boletin1_4 - Fichero:assumedExternalFilesCache
2026-10-08 08:23:58.261 [main] INFO  Controlador.Boletin1_4 - Fichero:externalFilesCache
2026-10-08 08:23:58.261 [main] INFO  Controlador.Boletin1_4 - Fichero:externalLibsTimeStamps
2026-10-08 08:23:58.261 [main] INFO  Controlador.Boletin1_4 - Fichero:javaLikeNames.txt
2026-10-08 08:23:58.261 [main] INFO  Controlador.Boletin1_4 - Fichero:nonChainingJarsCache
2026-10-08 08:23:58.263 [main] INFO  Controlador.Boletin1_4 - Fichero:savedIndexNames.txt
2026-10-08 08:23:58.263 [main] INFO  Controlador.Boletin1_4 - Fichero:variablesAndContainers.dat
2026-10-08 08:23:58.263 [main] INFO  Controlador.Boletin1_4 - Directorio:org.eclipse.jdt.launching
2026-10-08 08:23:58.263 [main] INFO  Controlador.Boletin1_4 - Fichero:.install.xml
2026-10-08 08:23:58.263 [main] INFO  Controlador.Boletin1_4 - Fichero:libraryInfos.xml
2026-10-08 08:23:58.263 [main] INFO  Controlador.Boletin1_4 - Directorio:org.eclipse.jdt.ui
2026-10-08 08:23:58.264 [main] INFO  Controlador.Boletin1_4 - Fichero:dialog_settings.xml
2026-10-08 08:23:58.264 [main] INFO  Controlador.Boletin1_4 - Fichero:OpenTypeHistory.xml
2026-10-08 08:23:58.264 [main] INFO  Controlador.Boletin1_4 - Fichero:QualifiedTypeNameHistory.xml
2026-10-08 08:23:58.264 [main] INFO  Controlador.Boletin1_4 - Directorio:org.eclipse.ltk.core.refactoring
2026-10-08 08:23:58.264 [main] INFO  Controlador.Boletin1_4 - Directorio:.refactorings
2026-10-08 08:23:58.265 [main] INFO  Controlador.Boletin1_4 - Directorio:Unidad1_Multiprocesos
2026-10-08 08:23:58.265 [main] INFO  Controlador.Boletin1_4 - Directorio:2026
2026-10-08 08:23:58.265 [main] INFO  Controlador.Boletin1_4 - Directorio:10
2026-10-08 08:23:58.265 [main] INFO  Controlador.Boletin1_4 - Directorio:41
2026-10-08 08:23:58.265 [main] INFO  Controlador.Boletin1_4 - Fichero:refactorings.history
2026-10-08 08:23:58.266 [main] INFO  Controlador.Boletin1_4 - Fichero:refactorings.index
2026-10-08 08:23:58.266 [main] INFO  Controlador.Boletin1_4 - Directorio:org.eclipse.m2e.core
2026-10-08 08:23:58.266 [main] INFO  Controlador.Boletin1_4 - Fichero:archetypesInfo.xml
2026-10-08 08:23:58.266 [main] INFO  Controlador.Boletin1_4 - Fichero:Unidad1_Multiprocesos.lifecyclemapping
2026-10-08 08:23:58.266 [main] INFO  Controlador.Boletin1_4 - Fichero:workspacestate.properties
2026-10-08 08:23:58.266 [main] INFO  Controlador.Boletin1_4 - Fichero:workspaceState.ser
2026-10-08 08:23:58.266 [main] INFO  Controlador.Boletin1_4 - Directorio:org.eclipse.m2e.core.ui
2026-10-08 08:23:58.267 [main] INFO  Controlador.Boletin1_4 - Fichero:dialog_settings.xml
2026-10-08 08:23:58.267 [main] INFO  Controlador.Boletin1_4 - Directorio:org.eclipse.m2e.jdt
2026-10-08 08:23:58.267 [main] INFO  Controlador.Boletin1_4 - Fichero:Unidad1_Multiprocesos.container
2026-10-08 08:23:58.267 [main] INFO  Controlador.Boletin1_4 - Directorio:org.eclipse.m2e.logback
2026-10-08 08:23:58.267 [main] INFO  Controlador.Boletin1_4 - Fichero:0.log
2026-10-08 08:23:58.267 [main] INFO  Controlador.Boletin1_4 - Fichero:logback.2.7.201.20260831-2044.xml
2026-10-08 08:23:58.268 [main] INFO  Controlador.Boletin1_4 - Directorio:org.eclipse.mylyn.context.core
2026-10-08 08:23:58.268 [main] INFO  Controlador.Boletin1_4 - Directorio:contexts
2026-10-08 08:23:58.268 [main] INFO  Controlador.Boletin1_4 - Directorio:org.eclipse.mylyn.github.ui
2026-10-08 08:23:58.268 [main] INFO  Controlador.Boletin1_4 - Fichero:avatars.ser
2026-10-08 08:23:58.268 [main] INFO  Controlador.Boletin1_4 - Directorio:org.eclipse.mylyn.tasks.ui
2026-10-08 08:23:58.268 [main] INFO  Controlador.Boletin1_4 - Directorio:org.eclipse.oomph.setup
2026-10-08 08:23:58.269 [main] INFO  Controlador.Boletin1_4 - Fichero:workspace.setup
2026-10-08 08:23:58.269 [main] INFO  Controlador.Boletin1_4 - Directorio:org.eclipse.oomph.setup.ui
2026-10-08 08:23:58.269 [main] INFO  Controlador.Boletin1_4 - Directorio:org.eclipse.pde.api.tools
2026-10-08 08:23:58.269 [main] INFO  Controlador.Boletin1_4 - Directorio:org.eclipse.pde.core
2026-10-08 08:23:58.269 [main] INFO  Controlador.Boletin1_4 - Directorio:.cache
2026-10-08 08:23:58.269 [main] INFO  Controlador.Boletin1_4 - Fichero:clean-cache.properties
2026-10-08 08:23:58.269 [main] INFO  Controlador.Boletin1_4 - Directorio:.p2
2026-10-08 08:23:58.269 [main] INFO  Controlador.Boletin1_4 - Directorio:org.eclipse.equinox.p2.engine
2026-10-08 08:23:58.270 [main] INFO  Controlador.Boletin1_4 - Directorio:profileRegistry
2026-10-08 08:23:58.270 [main] INFO  Controlador.Boletin1_4 - Directorio:org.eclipse.swt
2026-10-08 08:23:58.270 [main] INFO  Controlador.Boletin1_4 - Directorio:EBWebView
2026-10-08 08:23:58.270 [main] INFO  Controlador.Boletin1_4 - Directorio:AutoLaunchProtocolsComponent
2026-10-08 08:23:58.271 [main] INFO  Controlador.Boletin1_4 - Directorio:1.0.0.12
2026-10-08 08:23:58.271 [main] INFO  Controlador.Boletin1_4 - Fichero:manifest.json
2026-10-08 08:23:58.271 [main] INFO  Controlador.Boletin1_4 - Fichero:protocols.json
2026-10-08 08:23:58.271 [main] INFO  Controlador.Boletin1_4 - Fichero:BrowserMetrics-spare.pma
2026-10-08 08:23:58.271 [main] INFO  Controlador.Boletin1_4 - Directorio:CertificateRevocation
2026-10-08 08:23:58.271 [main] INFO  Controlador.Boletin1_4 - Directorio:6498.2025.9.4
2026-10-08 08:23:58.271 [main] INFO  Controlador.Boletin1_4 - Fichero:crl-set
2026-10-08 08:23:58.271 [main] INFO  Controlador.Boletin1_4 - Fichero:manifest.json
2026-10-08 08:23:58.271 [main] INFO  Controlador.Boletin1_4 - Directorio:component_crx_cache
2026-10-08 08:23:58.272 [main] INFO  Controlador.Boletin1_4 - Fichero:00af3f07b5abb71f6d30337e1eef62fa280f06ef19485c0cf6b72171f92ccc0a
2026-10-08 08:23:58.272 [main] INFO  Controlador.Boletin1_4 - Fichero:720517793663c90e0dbd77cb42709bac49af733f83f73320ba89859d9b0310e0
2026-10-08 08:23:58.272 [main] INFO  Controlador.Boletin1_4 - Fichero:95fd9d48e4fc245a3f3a99a3a16ecd1355050ba3f4afc555f19a97c7f9b49677
2026-10-08 08:23:58.272 [main] INFO  Controlador.Boletin1_4 - Fichero:a81d1959892ae4180554347df1b97834abba2e1a5e6b9aeba000ecea26eabecc
2026-10-08 08:23:58.272 [main] INFO  Controlador.Boletin1_4 - Fichero:bec8ead1da3c9600fe66bbcc0e7a9bed9a184c1be821b4d23570c6b7af7f0410
2026-10-08 08:23:58.272 [main] INFO  Controlador.Boletin1_4 - Fichero:cde4f808f038aaffece9680c0356ded00c81c4559e0a431acb45d1276425d9eb
2026-10-08 08:23:58.273 [main] INFO  Controlador.Boletin1_4 - Fichero:ef7bf9efb7c82e6847b572d7781e11fc7fd642a55ab79e42a3d3ba2f80d520f6
2026-10-08 08:23:58.273 [main] INFO  Controlador.Boletin1_4 - Fichero:fa29a6d5775ff340900a65b39b02fc8b4b77d403c048d8debf22f2f5d09c61a0
2026-10-08 08:23:58.273 [main] INFO  Controlador.Boletin1_4 - Fichero:metadata.json
2026-10-08 08:23:58.273 [main] INFO  Controlador.Boletin1_4 - Directorio:Crashpad
2026-10-08 08:23:58.273 [main] INFO  Controlador.Boletin1_4 - Directorio:attachments
2026-10-08 08:23:58.273 [main] INFO  Controlador.Boletin1_4 - Fichero:metadata
2026-10-08 08:23:58.273 [main] INFO  Controlador.Boletin1_4 - Directorio:reports
2026-10-08 08:23:58.273 [main] INFO  Controlador.Boletin1_4 - Fichero:settings.dat
2026-10-08 08:23:58.274 [main] INFO  Controlador.Boletin1_4 - Fichero:throttle_store.dat
2026-10-08 08:23:58.274 [main] INFO  Controlador.Boletin1_4 - Fichero:watson_metadata
2026-10-08 08:23:58.274 [main] INFO  Controlador.Boletin1_4 - Directorio:Default
2026-10-08 08:23:58.274 [main] INFO  Controlador.Boletin1_4 - Directorio:AutofillAiModelCache
2026-10-08 08:23:58.276 [main] INFO  Controlador.Boletin1_4 - Fichero:LOCK
2026-10-08 08:23:58.276 [main] INFO  Controlador.Boletin1_4 - Fichero:LOG
2026-10-08 08:23:58.276 [main] INFO  Controlador.Boletin1_4 - Fichero:LOG.old
2026-10-08 08:23:58.276 [main] INFO  Controlador.Boletin1_4 - Directorio:AutofillStrikeDatabase
2026-10-08 08:23:58.277 [main] INFO  Controlador.Boletin1_4 - Fichero:LOCK
2026-10-08 08:23:58.277 [main] INFO  Controlador.Boletin1_4 - Fichero:LOG
2026-10-08 08:23:58.277 [main] INFO  Controlador.Boletin1_4 - Fichero:LOG.old
2026-10-08 08:23:58.277 [main] INFO  Controlador.Boletin1_4 - Directorio:blob_storage
2026-10-08 08:23:58.277 [main] INFO  Controlador.Boletin1_4 - Directorio:5760f9a8-bc68-4385-bfc4-ff80a60326a0
2026-10-08 08:23:58.278 [main] INFO  Controlador.Boletin1_4 - Fichero:BookmarkMergedSurfaceOrdering
2026-10-08 08:23:58.278 [main] INFO  Controlador.Boletin1_4 - Directorio:BudgetDatabase
2026-10-08 08:23:58.278 [main] INFO  Controlador.Boletin1_4 - Fichero:LOCK
2026-10-08 08:23:58.278 [main] INFO  Controlador.Boletin1_4 - Fichero:LOG
2026-10-08 08:23:58.278 [main] INFO  Controlador.Boletin1_4 - Fichero:LOG.old
2026-10-08 08:23:58.278 [main] INFO  Controlador.Boletin1_4 - Directorio:Cache
2026-10-08 08:23:58.279 [main] INFO  Controlador.Boletin1_4 - Directorio:Cache_Data
2026-10-08 08:23:58.279 [main] INFO  Controlador.Boletin1_4 - Fichero:data_0
2026-10-08 08:23:58.279 [main] INFO  Controlador.Boletin1_4 - Fichero:data_1
2026-10-08 08:23:58.279 [main] INFO  Controlador.Boletin1_4 - Fichero:data_2
2026-10-08 08:23:58.279 [main] INFO  Controlador.Boletin1_4 - Fichero:data_3
2026-10-08 08:23:58.279 [main] INFO  Controlador.Boletin1_4 - Fichero:f_000002
2026-10-08 08:23:58.279 [main] INFO  Controlador.Boletin1_4 - Fichero:f_000003
2026-10-08 08:23:58.279 [main] INFO  Controlador.Boletin1_4 - Fichero:f_000004
2026-10-08 08:23:58.279 [main] INFO  Controlador.Boletin1_4 - Fichero:index
2026-10-08 08:23:58.279 [main] INFO  Controlador.Boletin1_4 - Directorio:No_Vary_Search
2026-10-08 08:23:58.279 [main] INFO  Controlador.Boletin1_4 - Fichero:journal.baj
2026-10-08 08:23:58.279 [main] INFO  Controlador.Boletin1_4 - Fichero:snapshot.baf
2026-10-08 08:23:58.280 [main] INFO  Controlador.Boletin1_4 - Directorio:ClientCertificates
2026-10-08 08:23:58.280 [main] INFO  Controlador.Boletin1_4 - Fichero:LOCK
2026-10-08 08:23:58.280 [main] INFO  Controlador.Boletin1_4 - Fichero:LOG
2026-10-08 08:23:58.280 [main] INFO  Controlador.Boletin1_4 - Fichero:LOG.old
2026-10-08 08:23:58.280 [main] INFO  Controlador.Boletin1_4 - Directorio:Code Cache
2026-10-08 08:23:58.281 [main] INFO  Controlador.Boletin1_4 - Directorio:js
2026-10-08 08:23:58.281 [main] INFO  Controlador.Boletin1_4 - Fichero:e4e34bcd88cba405_0
2026-10-08 08:23:58.281 [main] INFO  Controlador.Boletin1_4 - Fichero:index
2026-10-08 08:23:58.281 [main] INFO  Controlador.Boletin1_4 - Directorio:index-dir
2026-10-08 08:23:58.281 [main] INFO  Controlador.Boletin1_4 - Fichero:the-real-index
2026-10-08 08:23:58.282 [main] INFO  Controlador.Boletin1_4 - Directorio:wasm
2026-10-08 08:23:58.282 [main] INFO  Controlador.Boletin1_4 - Fichero:index
2026-10-08 08:23:58.282 [main] INFO  Controlador.Boletin1_4 - Directorio:index-dir
2026-10-08 08:23:58.282 [main] INFO  Controlador.Boletin1_4 - Fichero:the-real-index
2026-10-08 08:23:58.282 [main] INFO  Controlador.Boletin1_4 - Directorio:commerce_subscription_db
2026-10-08 08:23:58.282 [main] INFO  Controlador.Boletin1_4 - Fichero:LOCK
2026-10-08 08:23:58.283 [main] INFO  Controlador.Boletin1_4 - Fichero:LOG
2026-10-08 08:23:58.283 [main] INFO  Controlador.Boletin1_4 - Fichero:LOG.old
2026-10-08 08:23:58.283 [main] INFO  Controlador.Boletin1_4 - Fichero:DashTrackerDatabase
2026-10-08 08:23:58.283 [main] INFO  Controlador.Boletin1_4 - Fichero:DashTrackerDatabase-journal
2026-10-08 08:23:58.283 [main] INFO  Controlador.Boletin1_4 - Directorio:DawnGraphiteCache
2026-10-08 08:23:58.283 [main] INFO  Controlador.Boletin1_4 - Fichero:data_0
2026-10-08 08:23:58.283 [main] INFO  Controlador.Boletin1_4 - Fichero:data_1
2026-10-08 08:23:58.283 [main] INFO  Controlador.Boletin1_4 - Fichero:data_2
2026-10-08 08:23:58.283 [main] INFO  Controlador.Boletin1_4 - Fichero:data_3
2026-10-08 08:23:58.283 [main] INFO  Controlador.Boletin1_4 - Fichero:index
2026-10-08 08:23:58.283 [main] INFO  Controlador.Boletin1_4 - Directorio:DawnWebGPUCache
2026-10-08 08:23:58.283 [main] INFO  Controlador.Boletin1_4 - Fichero:data_0
2026-10-08 08:23:58.283 [main] INFO  Controlador.Boletin1_4 - Fichero:data_1
2026-10-08 08:23:58.283 [main] INFO  Controlador.Boletin1_4 - Fichero:data_2
2026-10-08 08:23:58.283 [main] INFO  Controlador.Boletin1_4 - Fichero:data_3
2026-10-08 08:23:58.283 [main] INFO  Controlador.Boletin1_4 - Fichero:index
2026-10-08 08:23:58.283 [main] INFO  Controlador.Boletin1_4 - Fichero:declarative_performance_observer.db
2026-10-08 08:23:58.283 [main] INFO  Controlador.Boletin1_4 - Fichero:declarative_performance_observer.db-journal
2026-10-08 08:23:58.284 [main] INFO  Controlador.Boletin1_4 - Fichero:DIPS
2026-10-08 08:23:58.284 [main] INFO  Controlador.Boletin1_4 - Directorio:discounts_db
2026-10-08 08:23:58.284 [main] INFO  Controlador.Boletin1_4 - Fichero:LOCK
2026-10-08 08:23:58.284 [main] INFO  Controlador.Boletin1_4 - Fichero:LOG
2026-10-08 08:23:58.284 [main] INFO  Controlador.Boletin1_4 - Fichero:LOG.old
2026-10-08 08:23:58.285 [main] INFO  Controlador.Boletin1_4 - Directorio:discount_infos_db
2026-10-08 08:23:58.285 [main] INFO  Controlador.Boletin1_4 - Fichero:LOCK
2026-10-08 08:23:58.285 [main] INFO  Controlador.Boletin1_4 - Fichero:LOG
2026-10-08 08:23:58.285 [main] INFO  Controlador.Boletin1_4 - Fichero:LOG.old
2026-10-08 08:23:58.285 [main] INFO  Controlador.Boletin1_4 - Directorio:EdgeSessions
2026-10-08 08:23:58.286 [main] INFO  Controlador.Boletin1_4 - Fichero:SessionRestoreLog
2026-10-08 08:23:58.286 [main] INFO  Controlador.Boletin1_4 - Directorio:Extension Rules
2026-10-08 08:23:58.286 [main] INFO  Controlador.Boletin1_4 - Fichero:000003.log
2026-10-08 08:23:58.286 [main] INFO  Controlador.Boletin1_4 - Fichero:CURRENT
2026-10-08 08:23:58.286 [main] INFO  Controlador.Boletin1_4 - Fichero:LOCK
2026-10-08 08:23:58.286 [main] INFO  Controlador.Boletin1_4 - Fichero:LOG
2026-10-08 08:23:58.287 [main] INFO  Controlador.Boletin1_4 - Fichero:MANIFEST-000001
2026-10-08 08:23:58.287 [main] INFO  Controlador.Boletin1_4 - Directorio:Extension Scripts
2026-10-08 08:23:58.287 [main] INFO  Controlador.Boletin1_4 - Fichero:000003.log
2026-10-08 08:23:58.287 [main] INFO  Controlador.Boletin1_4 - Fichero:CURRENT
2026-10-08 08:23:58.287 [main] INFO  Controlador.Boletin1_4 - Fichero:LOCK
2026-10-08 08:23:58.287 [main] INFO  Controlador.Boletin1_4 - Fichero:LOG
2026-10-08 08:23:58.287 [main] INFO  Controlador.Boletin1_4 - Fichero:MANIFEST-000001
2026-10-08 08:23:58.287 [main] INFO  Controlador.Boletin1_4 - Directorio:Extension State
2026-10-08 08:23:58.288 [main] INFO  Controlador.Boletin1_4 - Fichero:000003.log
2026-10-08 08:23:58.288 [main] INFO  Controlador.Boletin1_4 - Fichero:CURRENT
2026-10-08 08:23:58.288 [main] INFO  Controlador.Boletin1_4 - Fichero:LOCK
2026-10-08 08:23:58.288 [main] INFO  Controlador.Boletin1_4 - Fichero:LOG
2026-10-08 08:23:58.288 [main] INFO  Controlador.Boletin1_4 - Fichero:LOG.old
2026-10-08 08:23:58.288 [main] INFO  Controlador.Boletin1_4 - Fichero:MANIFEST-000001
2026-10-08 08:23:58.288 [main] INFO  Controlador.Boletin1_4 - Fichero:ExtensionActivityEdge
2026-10-08 08:23:58.288 [main] INFO  Controlador.Boletin1_4 - Fichero:ExtensionActivityEdge-journal
2026-10-08 08:23:58.288 [main] INFO  Controlador.Boletin1_4 - Fichero:Favicons
2026-10-08 08:23:58.288 [main] INFO  Controlador.Boletin1_4 - Fichero:Favicons-journal
2026-10-08 08:23:58.288 [main] INFO  Controlador.Boletin1_4 - Fichero:favorites_diagnostic.log
2026-10-08 08:23:58.289 [main] INFO  Controlador.Boletin1_4 - Directorio:Feature Engagement Tracker
2026-10-08 08:23:58.289 [main] INFO  Controlador.Boletin1_4 - Directorio:AvailabilityDB
2026-10-08 08:23:58.289 [main] INFO  Controlador.Boletin1_4 - Fichero:LOCK
2026-10-08 08:23:58.289 [main] INFO  Controlador.Boletin1_4 - Fichero:LOG
2026-10-08 08:23:58.289 [main] INFO  Controlador.Boletin1_4 - Fichero:LOG.old
2026-10-08 08:23:58.289 [main] INFO  Controlador.Boletin1_4 - Directorio:EventDB
2026-10-08 08:23:58.289 [main] INFO  Controlador.Boletin1_4 - Fichero:LOCK
2026-10-08 08:23:58.289 [main] INFO  Controlador.Boletin1_4 - Fichero:LOG
2026-10-08 08:23:58.291 [main] INFO  Controlador.Boletin1_4 - Fichero:LOG.old
2026-10-08 08:23:58.291 [main] INFO  Controlador.Boletin1_4 - Directorio:GPUCache
2026-10-08 08:23:58.291 [main] INFO  Controlador.Boletin1_4 - Fichero:data_0
2026-10-08 08:23:58.291 [main] INFO  Controlador.Boletin1_4 - Fichero:data_1
2026-10-08 08:23:58.291 [main] INFO  Controlador.Boletin1_4 - Fichero:data_2
2026-10-08 08:23:58.291 [main] INFO  Controlador.Boletin1_4 - Fichero:data_3
2026-10-08 08:23:58.291 [main] INFO  Controlador.Boletin1_4 - Fichero:index
2026-10-08 08:23:58.291 [main] INFO  Controlador.Boletin1_4 - Fichero:History
2026-10-08 08:23:58.291 [main] INFO  Controlador.Boletin1_4 - Fichero:History-journal
2026-10-08 08:23:58.291 [main] INFO  Controlador.Boletin1_4 - Directorio:JumpListIconsRecentWorkspacesV2
2026-10-08 08:23:58.291 [main] INFO  Controlador.Boletin1_4 - Directorio:Local Storage
2026-10-08 08:23:58.291 [main] INFO  Controlador.Boletin1_4 - Directorio:leveldb
2026-10-08 08:23:58.291 [main] INFO  Controlador.Boletin1_4 - Fichero:000003.log
2026-10-08 08:23:58.291 [main] INFO  Controlador.Boletin1_4 - Fichero:CURRENT
2026-10-08 08:23:58.291 [main] INFO  Controlador.Boletin1_4 - Fichero:LOCK
2026-10-08 08:23:58.291 [main] INFO  Controlador.Boletin1_4 - Fichero:LOG
2026-10-08 08:23:58.291 [main] INFO  Controlador.Boletin1_4 - Fichero:LOG.old
2026-10-08 08:23:58.292 [main] INFO  Controlador.Boletin1_4 - Fichero:MANIFEST-000001
2026-10-08 08:23:58.292 [main] INFO  Controlador.Boletin1_4 - Fichero:LOCK
2026-10-08 08:23:58.292 [main] INFO  Controlador.Boletin1_4 - Fichero:LOG
2026-10-08 08:23:58.292 [main] INFO  Controlador.Boletin1_4 - Fichero:LOG.old
2026-10-08 08:23:58.292 [main] INFO  Controlador.Boletin1_4 - Fichero:Login Data
2026-10-08 08:23:58.292 [main] INFO  Controlador.Boletin1_4 - Fichero:Login Data For Account
2026-10-08 08:23:58.292 [main] INFO  Controlador.Boletin1_4 - Fichero:Login Data For Account-journal
2026-10-08 08:23:58.292 [main] INFO  Controlador.Boletin1_4 - Fichero:Login Data-journal
2026-10-08 08:23:58.292 [main] INFO  Controlador.Boletin1_4 - Directorio:Network
2026-10-08 08:23:58.292 [main] INFO  Controlador.Boletin1_4 - Fichero:Cookies
2026-10-08 08:23:58.292 [main] INFO  Controlador.Boletin1_4 - Fichero:Cookies-journal
2026-10-08 08:23:58.292 [main] INFO  Controlador.Boletin1_4 - Fichero:Device Bound Sessions
2026-10-08 08:23:58.292 [main] INFO  Controlador.Boletin1_4 - Fichero:Device Bound Sessions-journal
2026-10-08 08:23:58.293 [main] INFO  Controlador.Boletin1_4 - Fichero:Network Persistent State
2026-10-08 08:23:58.293 [main] INFO  Controlador.Boletin1_4 - Fichero:NetworkDataMigrated
2026-10-08 08:23:58.293 [main] INFO  Controlador.Boletin1_4 - Fichero:Reporting and NEL
2026-10-08 08:23:58.293 [main] INFO  Controlador.Boletin1_4 - Fichero:Reporting and NEL-journal
2026-10-08 08:23:58.293 [main] INFO  Controlador.Boletin1_4 - Fichero:SCT Auditing Pending Reports
2026-10-08 08:23:58.293 [main] INFO  Controlador.Boletin1_4 - Fichero:Sdch Dictionaries
2026-10-08 08:23:58.293 [main] INFO  Controlador.Boletin1_4 - Fichero:TransportSecurity
2026-10-08 08:23:58.293 [main] INFO  Controlador.Boletin1_4 - Fichero:Trust Tokens
2026-10-08 08:23:58.293 [main] INFO  Controlador.Boletin1_4 - Fichero:Trust Tokens-journal
2026-10-08 08:23:58.293 [main] INFO  Controlador.Boletin1_4 - Fichero:Network Action Predictor
2026-10-08 08:23:58.293 [main] INFO  Controlador.Boletin1_4 - Fichero:Network Action Predictor-journal
2026-10-08 08:23:58.293 [main] INFO  Controlador.Boletin1_4 - Directorio:optimization_guide_hint_cache_store
2026-10-08 08:23:58.294 [main] INFO  Controlador.Boletin1_4 - Fichero:LOCK
2026-10-08 08:23:58.294 [main] INFO  Controlador.Boletin1_4 - Fichero:LOG
2026-10-08 08:23:58.294 [main] INFO  Controlador.Boletin1_4 - Fichero:LOG.old
2026-10-08 08:23:58.294 [main] INFO  Controlador.Boletin1_4 - Directorio:parcel_tracking_db
2026-10-08 08:23:58.294 [main] INFO  Controlador.Boletin1_4 - Fichero:LOCK
2026-10-08 08:23:58.295 [main] INFO  Controlador.Boletin1_4 - Fichero:LOG
2026-10-08 08:23:58.295 [main] INFO  Controlador.Boletin1_4 - Fichero:LOG.old
2026-10-08 08:23:58.295 [main] INFO  Controlador.Boletin1_4 - Directorio:PersistentOriginTrials
2026-10-08 08:23:58.295 [main] INFO  Controlador.Boletin1_4 - Fichero:LOCK
2026-10-08 08:23:58.295 [main] INFO  Controlador.Boletin1_4 - Fichero:LOG
2026-10-08 08:23:58.295 [main] INFO  Controlador.Boletin1_4 - Fichero:LOG.old
2026-10-08 08:23:58.295 [main] INFO  Controlador.Boletin1_4 - Fichero:Preferences
2026-10-08 08:23:58.295 [main] INFO  Controlador.Boletin1_4 - Fichero:README
2026-10-08 08:23:58.295 [main] INFO  Controlador.Boletin1_4 - Fichero:Secure Preferences
2026-10-08 08:23:58.295 [main] INFO  Controlador.Boletin1_4 - Fichero:ServerCertificate
2026-10-08 08:23:58.295 [main] INFO  Controlador.Boletin1_4 - Fichero:ServerCertificate-journal
2026-10-08 08:23:58.295 [main] INFO  Controlador.Boletin1_4 - Directorio:Session Storage
2026-10-08 08:23:58.296 [main] INFO  Controlador.Boletin1_4 - Fichero:000003.log
2026-10-08 08:23:58.296 [main] INFO  Controlador.Boletin1_4 - Fichero:CURRENT
2026-10-08 08:23:58.296 [main] INFO  Controlador.Boletin1_4 - Fichero:LOCK
2026-10-08 08:23:58.296 [main] INFO  Controlador.Boletin1_4 - Fichero:LOG
2026-10-08 08:23:58.296 [main] INFO  Controlador.Boletin1_4 - Fichero:MANIFEST-000001
2026-10-08 08:23:58.296 [main] INFO  Controlador.Boletin1_4 - Directorio:Sessions
2026-10-08 08:23:58.296 [main] INFO  Controlador.Boletin1_4 - Fichero:settings_diagnostic.log
2026-10-08 08:23:58.296 [main] INFO  Controlador.Boletin1_4 - Directorio:Shared Dictionary
2026-10-08 08:23:58.296 [main] INFO  Controlador.Boletin1_4 - Directorio:cache
2026-10-08 08:23:58.296 [main] INFO  Controlador.Boletin1_4 - Fichero:index
2026-10-08 08:23:58.297 [main] INFO  Controlador.Boletin1_4 - Directorio:index-dir
2026-10-08 08:23:58.297 [main] INFO  Controlador.Boletin1_4 - Fichero:the-real-index
2026-10-08 08:23:58.297 [main] INFO  Controlador.Boletin1_4 - Fichero:db
2026-10-08 08:23:58.297 [main] INFO  Controlador.Boletin1_4 - Fichero:db-journal
2026-10-08 08:23:58.297 [main] INFO  Controlador.Boletin1_4 - Directorio:shared_proto_db
2026-10-08 08:23:58.297 [main] INFO  Controlador.Boletin1_4 - Fichero:000003.log
2026-10-08 08:23:58.297 [main] INFO  Controlador.Boletin1_4 - Fichero:CURRENT
2026-10-08 08:23:58.297 [main] INFO  Controlador.Boletin1_4 - Fichero:LOCK
2026-10-08 08:23:58.297 [main] INFO  Controlador.Boletin1_4 - Fichero:LOG
2026-10-08 08:23:58.297 [main] INFO  Controlador.Boletin1_4 - Fichero:LOG.old
2026-10-08 08:23:58.297 [main] INFO  Controlador.Boletin1_4 - Fichero:MANIFEST-000001
2026-10-08 08:23:58.297 [main] INFO  Controlador.Boletin1_4 - Directorio:metadata
2026-10-08 08:23:58.297 [main] INFO  Controlador.Boletin1_4 - Fichero:000003.log
2026-10-08 08:23:58.298 [main] INFO  Controlador.Boletin1_4 - Fichero:CURRENT
2026-10-08 08:23:58.298 [main] INFO  Controlador.Boletin1_4 - Fichero:LOCK
2026-10-08 08:23:58.298 [main] INFO  Controlador.Boletin1_4 - Fichero:LOG
2026-10-08 08:23:58.298 [main] INFO  Controlador.Boletin1_4 - Fichero:LOG.old
2026-10-08 08:23:58.298 [main] INFO  Controlador.Boletin1_4 - Fichero:MANIFEST-000001
2026-10-08 08:23:58.298 [main] INFO  Controlador.Boletin1_4 - Directorio:Site Characteristics Database
2026-10-08 08:23:58.298 [main] INFO  Controlador.Boletin1_4 - Fichero:000003.log
2026-10-08 08:23:58.298 [main] INFO  Controlador.Boletin1_4 - Fichero:CURRENT
2026-10-08 08:23:58.298 [main] INFO  Controlador.Boletin1_4 - Fichero:LOCK
2026-10-08 08:23:58.298 [main] INFO  Controlador.Boletin1_4 - Fichero:LOG
2026-10-08 08:23:58.298 [main] INFO  Controlador.Boletin1_4 - Fichero:LOG.old
2026-10-08 08:23:58.298 [main] INFO  Controlador.Boletin1_4 - Fichero:MANIFEST-000001
2026-10-08 08:23:58.298 [main] INFO  Controlador.Boletin1_4 - Directorio:Sync Data
2026-10-08 08:23:58.299 [main] INFO  Controlador.Boletin1_4 - Directorio:LevelDB
2026-10-08 08:23:58.299 [main] INFO  Controlador.Boletin1_4 - Fichero:000003.log
2026-10-08 08:23:58.299 [main] INFO  Controlador.Boletin1_4 - Fichero:CURRENT
2026-10-08 08:23:58.299 [main] INFO  Controlador.Boletin1_4 - Fichero:LOCK
2026-10-08 08:23:58.299 [main] INFO  Controlador.Boletin1_4 - Fichero:LOG
2026-10-08 08:23:58.299 [main] INFO  Controlador.Boletin1_4 - Fichero:LOG.old
2026-10-08 08:23:58.299 [main] INFO  Controlador.Boletin1_4 - Fichero:MANIFEST-000001
2026-10-08 08:23:58.299 [main] INFO  Controlador.Boletin1_4 - Fichero:Top Sites
2026-10-08 08:23:58.299 [main] INFO  Controlador.Boletin1_4 - Fichero:Top Sites-journal
2026-10-08 08:23:58.299 [main] INFO  Controlador.Boletin1_4 - Fichero:Vpn Tokens
2026-10-08 08:23:58.299 [main] INFO  Controlador.Boletin1_4 - Fichero:Vpn Tokens-journal
2026-10-08 08:23:58.299 [main] INFO  Controlador.Boletin1_4 - Fichero:Web Data
2026-10-08 08:23:58.299 [main] INFO  Controlador.Boletin1_4 - Fichero:Web Data-journal
2026-10-08 08:23:58.299 [main] INFO  Controlador.Boletin1_4 - Directorio:extensions_crx_cache
2026-10-08 08:23:58.300 [main] INFO  Controlador.Boletin1_4 - Fichero:metadata.json
2026-10-08 08:23:58.300 [main] INFO  Controlador.Boletin1_4 - Directorio:GPUPersistentCache
2026-10-08 08:23:58.300 [main] INFO  Controlador.Boletin1_4 - Directorio:DawnGraphiteCache
2026-10-08 08:23:58.301 [main] INFO  Controlador.Boletin1_4 - Directorio:H6POMLZSBZPTMTLBCTMXRDH27BAKUDTA
2026-10-08 08:23:58.301 [main] INFO  Controlador.Boletin1_4 - Fichero:cache.db
2026-10-08 08:23:58.301 [main] INFO  Controlador.Boletin1_4 - Fichero:cache.db-wal
2026-10-08 08:23:58.301 [main] INFO  Controlador.Boletin1_4 - Fichero:cache.journal
2026-10-08 08:23:58.301 [main] INFO  Controlador.Boletin1_4 - Directorio:GrShaderCache
2026-10-08 08:23:58.302 [main] INFO  Controlador.Boletin1_4 - Fichero:data_0
2026-10-08 08:23:58.302 [main] INFO  Controlador.Boletin1_4 - Fichero:data_1
2026-10-08 08:23:58.302 [main] INFO  Controlador.Boletin1_4 - Fichero:data_2
2026-10-08 08:23:58.302 [main] INFO  Controlador.Boletin1_4 - Fichero:data_3
2026-10-08 08:23:58.302 [main] INFO  Controlador.Boletin1_4 - Fichero:f_000001
2026-10-08 08:23:58.302 [main] INFO  Controlador.Boletin1_4 - Fichero:f_000002
2026-10-08 08:23:58.302 [main] INFO  Controlador.Boletin1_4 - Fichero:f_000003
2026-10-08 08:23:58.302 [main] INFO  Controlador.Boletin1_4 - Fichero:f_000004
2026-10-08 08:23:58.302 [main] INFO  Controlador.Boletin1_4 - Fichero:index
2026-10-08 08:23:58.303 [main] INFO  Controlador.Boletin1_4 - Directorio:hyphen-data
2026-10-08 08:23:58.303 [main] INFO  Controlador.Boletin1_4 - Directorio:120.0.6050.0
2026-10-08 08:23:58.304 [main] INFO  Controlador.Boletin1_4 - Fichero:hyph-af.hyb
2026-10-08 08:23:58.304 [main] INFO  Controlador.Boletin1_4 - Fichero:hyph-as.hyb
2026-10-08 08:23:58.304 [main] INFO  Controlador.Boletin1_4 - Fichero:hyph-be.hyb
2026-10-08 08:23:58.304 [main] INFO  Controlador.Boletin1_4 - Fichero:hyph-bg.hyb
2026-10-08 08:23:58.304 [main] INFO  Controlador.Boletin1_4 - Fichero:hyph-bn.hyb
2026-10-08 08:23:58.304 [main] INFO  Controlador.Boletin1_4 - Fichero:hyph-cs.hyb
2026-10-08 08:23:58.304 [main] INFO  Controlador.Boletin1_4 - Fichero:hyph-cu.hyb
2026-10-08 08:23:58.304 [main] INFO  Controlador.Boletin1_4 - Fichero:hyph-cy.hyb
2026-10-08 08:23:58.304 [main] INFO  Controlador.Boletin1_4 - Fichero:hyph-da.hyb
2026-10-08 08:23:58.304 [main] INFO  Controlador.Boletin1_4 - Fichero:hyph-de-1901.hyb
2026-10-08 08:23:58.305 [main] INFO  Controlador.Boletin1_4 - Fichero:hyph-de-1996.hyb
2026-10-08 08:23:58.305 [main] INFO  Controlador.Boletin1_4 - Fichero:hyph-de-ch-1901.hyb
2026-10-08 08:23:58.305 [main] INFO  Controlador.Boletin1_4 - Fichero:hyph-el.hyb
2026-10-08 08:23:58.305 [main] INFO  Controlador.Boletin1_4 - Fichero:hyph-en-gb.hyb
2026-10-08 08:23:58.305 [main] INFO  Controlador.Boletin1_4 - Fichero:hyph-en-us.hyb
2026-10-08 08:23:58.305 [main] INFO  Controlador.Boletin1_4 - Fichero:hyph-es.hyb
2026-10-08 08:23:58.305 [main] INFO  Controlador.Boletin1_4 - Fichero:hyph-et.hyb
2026-10-08 08:23:58.305 [main] INFO  Controlador.Boletin1_4 - Fichero:hyph-eu.hyb
2026-10-08 08:23:58.305 [main] INFO  Controlador.Boletin1_4 - Fichero:hyph-fr.hyb
2026-10-08 08:23:58.305 [main] INFO  Controlador.Boletin1_4 - Fichero:hyph-ga.hyb
2026-10-08 08:23:58.306 [main] INFO  Controlador.Boletin1_4 - Fichero:hyph-gl.hyb
2026-10-08 08:23:58.306 [main] INFO  Controlador.Boletin1_4 - Fichero:hyph-gu.hyb
2026-10-08 08:23:58.306 [main] INFO  Controlador.Boletin1_4 - Fichero:hyph-hi.hyb
2026-10-08 08:23:58.306 [main] INFO  Controlador.Boletin1_4 - Fichero:hyph-hr.hyb
2026-10-08 08:23:58.306 [main] INFO  Controlador.Boletin1_4 - Fichero:hyph-hu.hyb
2026-10-08 08:23:58.306 [main] INFO  Controlador.Boletin1_4 - Fichero:hyph-hy.hyb
2026-10-08 08:23:58.306 [main] INFO  Controlador.Boletin1_4 - Fichero:hyph-it.hyb
2026-10-08 08:23:58.306 [main] INFO  Controlador.Boletin1_4 - Fichero:hyph-ka.hyb
2026-10-08 08:23:58.306 [main] INFO  Controlador.Boletin1_4 - Fichero:hyph-kn.hyb
2026-10-08 08:23:58.307 [main] INFO  Controlador.Boletin1_4 - Fichero:hyph-la.hyb
2026-10-08 08:23:58.307 [main] INFO  Controlador.Boletin1_4 - Fichero:hyph-lt.hyb
2026-10-08 08:23:58.307 [main] INFO  Controlador.Boletin1_4 - Fichero:hyph-lv.hyb
2026-10-08 08:23:58.307 [main] INFO  Controlador.Boletin1_4 - Fichero:hyph-ml.hyb
2026-10-08 08:23:58.307 [main] INFO  Controlador.Boletin1_4 - Fichero:hyph-mn-cyrl.hyb
2026-10-08 08:23:58.307 [main] INFO  Controlador.Boletin1_4 - Fichero:hyph-mr.hyb
2026-10-08 08:23:58.307 [main] INFO  Controlador.Boletin1_4 - Fichero:hyph-mul-ethi.hyb
2026-10-08 08:23:58.307 [main] INFO  Controlador.Boletin1_4 - Fichero:hyph-nb.hyb
2026-10-08 08:23:58.308 [main] INFO  Controlador.Boletin1_4 - Fichero:hyph-nl.hyb
2026-10-08 08:23:58.308 [main] INFO  Controlador.Boletin1_4 - Fichero:hyph-nn.hyb
2026-10-08 08:23:58.308 [main] INFO  Controlador.Boletin1_4 - Fichero:hyph-or.hyb
2026-10-08 08:23:58.308 [main] INFO  Controlador.Boletin1_4 - Fichero:hyph-pa.hyb
2026-10-08 08:23:58.308 [main] INFO  Controlador.Boletin1_4 - Fichero:hyph-pt.hyb
2026-10-08 08:23:58.308 [main] INFO  Controlador.Boletin1_4 - Fichero:hyph-ru.hyb
2026-10-08 08:23:58.308 [main] INFO  Controlador.Boletin1_4 - Fichero:hyph-sk.hyb
2026-10-08 08:23:58.308 [main] INFO  Controlador.Boletin1_4 - Fichero:hyph-sl.hyb
2026-10-08 08:23:58.308 [main] INFO  Controlador.Boletin1_4 - Fichero:hyph-sq.hyb
2026-10-08 08:23:58.309 [main] INFO  Controlador.Boletin1_4 - Fichero:hyph-sv.hyb
2026-10-08 08:23:58.309 [main] INFO  Controlador.Boletin1_4 - Fichero:hyph-ta.hyb
2026-10-08 08:23:58.309 [main] INFO  Controlador.Boletin1_4 - Fichero:hyph-te.hyb
2026-10-08 08:23:58.309 [main] INFO  Controlador.Boletin1_4 - Fichero:hyph-tk.hyb
2026-10-08 08:23:58.309 [main] INFO  Controlador.Boletin1_4 - Fichero:hyph-uk.hyb
2026-10-08 08:23:58.309 [main] INFO  Controlador.Boletin1_4 - Fichero:hyph-und-ethi.hyb
2026-10-08 08:23:58.309 [main] INFO  Controlador.Boletin1_4 - Fichero:manifest.json
2026-10-08 08:23:58.309 [main] INFO  Controlador.Boletin1_4 - Directorio:_metadata
2026-10-08 08:23:58.309 [main] INFO  Controlador.Boletin1_4 - Fichero:verified_contents.json
2026-10-08 08:23:58.309 [main] INFO  Controlador.Boletin1_4 - Fichero:Last Version
2026-10-08 08:23:58.309 [main] INFO  Controlador.Boletin1_4 - Fichero:Local State
2026-10-08 08:23:58.309 [main] INFO  Controlador.Boletin1_4 - Directorio:MEIPreload
2026-10-08 08:23:58.310 [main] INFO  Controlador.Boletin1_4 - Directorio:OriginTrials
2026-10-08 08:23:58.310 [main] INFO  Controlador.Boletin1_4 - Directorio:0.0.1.7
2026-10-08 08:23:58.310 [main] INFO  Controlador.Boletin1_4 - Fichero:manifest.json
2026-10-08 08:23:58.311 [main] INFO  Controlador.Boletin1_4 - Directorio:PKIMetadata
2026-10-08 08:23:58.311 [main] INFO  Controlador.Boletin1_4 - Directorio:46.0.0.0
2026-10-08 08:23:58.311 [main] INFO  Controlador.Boletin1_4 - Fichero:crs.pb
2026-10-08 08:23:58.313 [main] INFO  Controlador.Boletin1_4 - Fichero:ct_config.pb
2026-10-08 08:23:58.313 [main] INFO  Controlador.Boletin1_4 - Fichero:kp_pinslist.pb
2026-10-08 08:23:58.313 [main] INFO  Controlador.Boletin1_4 - Fichero:manifest.json
2026-10-08 08:23:58.313 [main] INFO  Controlador.Boletin1_4 - Directorio:ShaderCache
2026-10-08 08:23:58.313 [main] INFO  Controlador.Boletin1_4 - Fichero:data_0
2026-10-08 08:23:58.313 [main] INFO  Controlador.Boletin1_4 - Fichero:data_1
2026-10-08 08:23:58.313 [main] INFO  Controlador.Boletin1_4 - Fichero:data_2
2026-10-08 08:23:58.313 [main] INFO  Controlador.Boletin1_4 - Fichero:data_3
2026-10-08 08:23:58.313 [main] INFO  Controlador.Boletin1_4 - Fichero:index
2026-10-08 08:23:58.313 [main] INFO  Controlador.Boletin1_4 - Directorio:SmartScreen
2026-10-08 08:23:58.313 [main] INFO  Controlador.Boletin1_4 - Directorio:local
2026-10-08 08:23:58.314 [main] INFO  Controlador.Boletin1_4 - Fichero:downloadCache
2026-10-08 08:23:58.314 [main] INFO  Controlador.Boletin1_4 - Fichero:downloadCache_
2026-10-08 08:23:58.314 [main] INFO  Controlador.Boletin1_4 - Fichero:uriCache
2026-10-08 08:23:58.314 [main] INFO  Controlador.Boletin1_4 - Fichero:uriCache_
2026-10-08 08:23:58.314 [main] INFO  Controlador.Boletin1_4 - Directorio:RemoteData
2026-10-08 08:23:58.314 [main] INFO  Controlador.Boletin1_4 - Fichero:customSettings
2026-10-08 08:23:58.314 [main] INFO  Controlador.Boletin1_4 - Fichero:customSettings_F95BA787499AB4FA9EFFF472CE383A14
2026-10-08 08:23:58.314 [main] INFO  Controlador.Boletin1_4 - Fichero:edgeSettings
2026-10-08 08:23:58.314 [main] INFO  Controlador.Boletin1_4 - Fichero:edgeSettings_2.0-a82cb2897a8bf9445d68dcc2be05af89ad4b2fda1fddb2952693be7cd5353ad3
2026-10-08 08:23:58.315 [main] INFO  Controlador.Boletin1_4 - Fichero:topTraffic
2026-10-08 08:23:58.315 [main] INFO  Controlador.Boletin1_4 - Fichero:topTraffic_638004170464094982
2026-10-08 08:23:58.315 [main] INFO  Controlador.Boletin1_4 - Directorio:Speech Recognition
2026-10-08 08:23:58.315 [main] INFO  Controlador.Boletin1_4 - Directorio:1.15.0.1
2026-10-08 08:23:58.316 [main] INFO  Controlador.Boletin1_4 - Fichero:manifest.json
2026-10-08 08:23:58.316 [main] INFO  Controlador.Boletin1_4 - Fichero:Microsoft.CognitiveServices.Speech.core.dll
2026-10-08 08:23:58.316 [main] INFO  Controlador.Boletin1_4 - Directorio:Subresource Filter
2026-10-08 08:23:58.316 [main] INFO  Controlador.Boletin1_4 - Directorio:Indexed Rules
2026-10-08 08:23:58.316 [main] INFO  Controlador.Boletin1_4 - Directorio:38
2026-10-08 08:23:58.317 [main] INFO  Controlador.Boletin1_4 - Directorio:10.34.0.84
2026-10-08 08:23:58.317 [main] INFO  Controlador.Boletin1_4 - Fichero:LICENSE
2026-10-08 08:23:58.317 [main] INFO  Controlador.Boletin1_4 - Fichero:Ruleset Data
2026-10-08 08:23:58.317 [main] INFO  Controlador.Boletin1_4 - Directorio:Unindexed Rules
2026-10-08 08:23:58.317 [main] INFO  Controlador.Boletin1_4 - Directorio:10.34.0.84
2026-10-08 08:23:58.318 [main] INFO  Controlador.Boletin1_4 - Fichero:adblock_snippet.js
2026-10-08 08:23:58.318 [main] INFO  Controlador.Boletin1_4 - Fichero:Filtering Rules
2026-10-08 08:23:58.318 [main] INFO  Controlador.Boletin1_4 - Fichero:Filtering Rules-AA
2026-10-08 08:23:58.318 [main] INFO  Controlador.Boletin1_4 - Fichero:Filtering Rules-CA
2026-10-08 08:23:58.318 [main] INFO  Controlador.Boletin1_4 - Fichero:LICENSE
2026-10-08 08:23:58.318 [main] INFO  Controlador.Boletin1_4 - Fichero:manifest.json
2026-10-08 08:23:58.318 [main] INFO  Controlador.Boletin1_4 - Fichero:Part-DE
2026-10-08 08:23:58.318 [main] INFO  Controlador.Boletin1_4 - Fichero:Part-ES
2026-10-08 08:23:58.318 [main] INFO  Controlador.Boletin1_4 - Fichero:Part-FR
2026-10-08 08:23:58.319 [main] INFO  Controlador.Boletin1_4 - Fichero:Part-IT
2026-10-08 08:23:58.319 [main] INFO  Controlador.Boletin1_4 - Fichero:Part-NL
2026-10-08 08:23:58.319 [main] INFO  Controlador.Boletin1_4 - Fichero:Part-RU
2026-10-08 08:23:58.319 [main] INFO  Controlador.Boletin1_4 - Fichero:Part-ZH
2026-10-08 08:23:58.319 [main] INFO  Controlador.Boletin1_4 - Directorio:Trust Protection Lists
2026-10-08 08:23:58.319 [main] INFO  Controlador.Boletin1_4 - Directorio:TrustTokenKeyCommitments
2026-10-08 08:23:58.319 [main] INFO  Controlador.Boletin1_4 - Directorio:2026.8.3.1
2026-10-08 08:23:58.320 [main] INFO  Controlador.Boletin1_4 - Fichero:keys.json
2026-10-08 08:23:58.320 [main] INFO  Controlador.Boletin1_4 - Fichero:LICENSE
2026-10-08 08:23:58.320 [main] INFO  Controlador.Boletin1_4 - Fichero:manifest.json
2026-10-08 08:23:58.320 [main] INFO  Controlador.Boletin1_4 - Directorio:_metadata
2026-10-08 08:23:58.320 [main] INFO  Controlador.Boletin1_4 - Fichero:verified_contents.json
2026-10-08 08:23:58.320 [main] INFO  Controlador.Boletin1_4 - Fichero:Variations
2026-10-08 08:23:58.320 [main] INFO  Controlador.Boletin1_4 - Fichero:VariationsRuntimeSeedV2
2026-10-08 08:23:58.320 [main] INFO  Controlador.Boletin1_4 - Fichero:VariationsSafeSeedV2
2026-10-08 08:23:58.320 [main] INFO  Controlador.Boletin1_4 - Fichero:VariationsSeedV2
2026-10-08 08:23:58.320 [main] INFO  Controlador.Boletin1_4 - Directorio:WidevineCdm
2026-10-08 08:23:58.320 [main] INFO  Controlador.Boletin1_4 - Directorio:org.eclipse.terminal.view.ui
2026-10-08 08:23:58.321 [main] INFO  Controlador.Boletin1_4 - Directorio:.executables
2026-10-08 08:23:58.321 [main] INFO  Controlador.Boletin1_4 - Fichero:data.properties
2026-10-08 08:23:58.321 [main] INFO  Controlador.Boletin1_4 - Directorio:org.eclipse.tips.ide
2026-10-08 08:23:58.321 [main] INFO  Controlador.Boletin1_4 - Fichero:dialog_settings.xml
2026-10-08 08:23:58.321 [main] INFO  Controlador.Boletin1_4 - Directorio:org.eclipse.ui.editors
2026-10-08 08:23:58.321 [main] INFO  Controlador.Boletin1_4 - Fichero:dialog_settings.xml
2026-10-08 08:23:58.321 [main] INFO  Controlador.Boletin1_4 - Directorio:org.eclipse.ui.ide
2026-10-08 08:23:58.321 [main] INFO  Controlador.Boletin1_4 - Fichero:dialog_settings.xml
2026-10-08 08:23:58.321 [main] INFO  Controlador.Boletin1_4 - Directorio:org.eclipse.ui.intro
2026-10-08 08:23:58.323 [main] INFO  Controlador.Boletin1_4 - Fichero:introstate
2026-10-08 08:23:58.323 [main] INFO  Controlador.Boletin1_4 - Directorio:org.eclipse.ui.workbench
2026-10-08 08:23:58.323 [main] INFO  Controlador.Boletin1_4 - Fichero:dialog_settings.xml
2026-10-08 08:23:58.323 [main] INFO  Controlador.Boletin1_4 - Fichero:workingsets.xml
2026-10-08 08:23:58.323 [main] INFO  Controlador.Boletin1_4 - Directorio:org.eclipse.wildwebdeveloper.xml
2026-10-08 08:23:58.323 [main] INFO  Controlador.Boletin1_4 - Fichero:system-catalog.xml
2026-10-08 08:23:58.323 [main] INFO  Controlador.Boletin1_4 - Directorio:org.eclipse.wst.common.modulecore
2026-10-08 08:23:58.323 [main] INFO  Controlador.Boletin1_4 - Directorio:org.eclipse.wst.jsdt.core
2026-10-08 08:23:58.324 [main] INFO  Controlador.Boletin1_4 - Fichero:externalLibsTimeStamps
2026-10-08 08:23:58.324 [main] INFO  Controlador.Boletin1_4 - Directorio:indexes
2026-10-08 08:23:58.324 [main] INFO  Controlador.Boletin1_4 - Directorio:libraries
2026-10-08 08:23:58.325 [main] INFO  Controlador.Boletin1_4 - Fichero:baseBrowserLibrary.js
2026-10-08 08:23:58.325 [main] INFO  Controlador.Boletin1_4 - Fichero:browserWindow.js
2026-10-08 08:23:58.325 [main] INFO  Controlador.Boletin1_4 - Fichero:dom5.js
2026-10-08 08:23:58.325 [main] INFO  Controlador.Boletin1_4 - Fichero:system.js
2026-10-08 08:23:58.325 [main] INFO  Controlador.Boletin1_4 - Fichero:xhr.js
2026-10-08 08:23:58.325 [main] INFO  Controlador.Boletin1_4 - Fichero:variablesAndContainers.dat
2026-10-08 08:23:58.325 [main] INFO  Controlador.Boletin1_4 - Directorio:org.eclipse.wst.jsdt.ui
2026-10-08 08:23:58.326 [main] INFO  Controlador.Boletin1_4 - Fichero:OpenTypeHistory.xml
2026-10-08 08:23:58.326 [main] INFO  Controlador.Boletin1_4 - Fichero:QualifiedTypeNameHistory.xml
2026-10-08 08:23:58.326 [main] INFO  Controlador.Boletin1_4 - Directorio:org.eclipse.wst.server.core
2026-10-08 08:23:58.326 [main] INFO  Controlador.Boletin1_4 - Directorio:org.eclipse.wst.sse.core
2026-10-08 08:23:58.326 [main] INFO  Controlador.Boletin1_4 - Fichero:task-tags.properties
2026-10-08 08:23:58.326 [main] INFO  Controlador.Boletin1_4 - Fichero:version.ini
2026-10-08 08:23:58.326 [main] INFO  Controlador.Boletin1_4 - Fichero:Readme+.txt
2026-10-08 08:23:58.326 [main] INFO  Controlador.Boletin1_4 - Directorio:Unidad1_Multiprocesos
2026-10-08 08:23:58.327 [main] INFO  Controlador.Boletin1_4 - Fichero:.classpath
2026-10-08 08:23:58.327 [main] INFO  Controlador.Boletin1_4 - Fichero:.gitignore
2026-10-08 08:23:58.327 [main] INFO  Controlador.Boletin1_4 - Fichero:.project
2026-10-08 08:23:58.327 [main] INFO  Controlador.Boletin1_4 - Directorio:.settings
2026-10-08 08:23:58.327 [main] INFO  Controlador.Boletin1_4 - Fichero:org.eclipse.jdt.core.prefs
2026-10-08 08:23:58.327 [main] INFO  Controlador.Boletin1_4 - Fichero:org.eclipse.m2e.core.prefs
2026-10-08 08:23:58.327 [main] INFO  Controlador.Boletin1_4 - Fichero:application-20261006.log
2026-10-08 08:23:58.327 [main] INFO  Controlador.Boletin1_4 - Fichero:pom.xml
2026-10-08 08:23:58.327 [main] INFO  Controlador.Boletin1_4 - Directorio:src
2026-10-08 08:23:58.327 [main] INFO  Controlador.Boletin1_4 - Directorio:main
2026-10-08 08:23:58.328 [main] INFO  Controlador.Boletin1_4 - Directorio:java
2026-10-08 08:23:58.328 [main] INFO  Controlador.Boletin1_4 - Directorio:Controlador
2026-10-08 08:23:58.328 [main] INFO  Controlador.Boletin1_4 - Fichero:Boletin1_1.java
2026-10-08 08:23:58.328 [main] INFO  Controlador.Boletin1_4 - Fichero:MainPrueba.java
2026-10-08 08:23:58.328 [main] INFO  Controlador.Boletin1_4 - Directorio:resources
2026-10-08 08:23:58.328 [main] INFO  Controlador.Boletin1_4 - Fichero:log4j2.xml
2026-10-08 08:23:58.328 [main] INFO  Controlador.Boletin1_4 - Directorio:test
2026-10-08 08:23:58.328 [main] INFO  Controlador.Boletin1_4 - Directorio:java
2026-10-08 08:23:58.329 [main] INFO  Controlador.Boletin1_4 - Directorio:resources
2026-10-08 08:23:58.329 [main] INFO  Controlador.Boletin1_4 - Directorio:target
2026-10-08 08:23:58.329 [main] INFO  Controlador.Boletin1_4 - Directorio:classes
2026-10-08 08:23:58.329 [main] INFO  Controlador.Boletin1_4 - Directorio:Controlador
2026-10-08 08:23:58.329 [main] INFO  Controlador.Boletin1_4 - Fichero:Boletin1_1.class
2026-10-08 08:23:58.329 [main] INFO  Controlador.Boletin1_4 - Fichero:MainPrueba.class
2026-10-08 08:23:58.329 [main] INFO  Controlador.Boletin1_4 - Fichero:log4j2.xml
2026-10-08 08:23:58.330 [main] INFO  Controlador.Boletin1_4 - Directorio:META-INF
2026-10-08 08:23:58.330 [main] INFO  Controlador.Boletin1_4 - Fichero:MANIFEST.MF
2026-10-08 08:23:58.330 [main] INFO  Controlador.Boletin1_4 - Directorio:maven
2026-10-08 08:23:58.330 [main] INFO  Controlador.Boletin1_4 - Directorio:Unidad1_Multiprocesos
2026-10-08 08:23:58.330 [main] INFO  Controlador.Boletin1_4 - Directorio:Unidad1_Multiprocesos
2026-10-08 08:23:58.330 [main] INFO  Controlador.Boletin1_4 - Fichero:pom.properties
2026-10-08 08:23:58.330 [main] INFO  Controlador.Boletin1_4 - Fichero:pom.xml
2026-10-08 08:23:58.330 [main] INFO  Controlador.Boletin1_4 - Directorio:test-classes
2026-10-08 08:24:10.866 [main] INFO  Controlador.Boletin1_3 - Directorio creado: C:\Users\alumno\miDirectorio
2026-10-08 08:24:10.868 [main] INFO  Controlador.Boletin1_3 - Fichero creado: lectura.txt
2026-10-08 08:24:10.868 [main] INFO  Controlador.Boletin1_3 - Fichero creado: normal.txt
2026-10-08 08:24:10.868 [main] INFO  Controlador.Boletin1_3 - lectura.txt marcado como solo lectura
2026-10-08 08:24:10.869 [main] INFO  Controlador.Boletin1_3 - lectura.txt -> lectura: sí | escritura: no | ejecución: sí
2026-10-08 08:24:10.869 [main] INFO  Controlador.Boletin1_3 - normal.txt -> lectura: sí | escritura: sí | ejecución: sí
2026-10-08 08:24:10.869 [main] ERROR Controlador.Boletin1_3 - No se pudo renombrar normal.txt
2026-10-08 08:24:10.869 [main] WARN  Controlador.Boletin1_3 - No se ha podido borrar lectura.txt
2026-10-08 08:24:10.870 [main] INFO  Controlador.Boletin1_3 - Permiso de escritura restaurado en lectura.txt
2026-10-08 08:24:10.870 [main] INFO  Controlador.Boletin1_3 - lectura.txt borrado
2026-10-08 08:24:10.870 [main] INFO  Controlador.Boletin1_3 - Contenido final de miDirectorio:
2026-10-08 08:24:10.870 [main] INFO  Controlador.Boletin1_3 - normal.txt
2026-10-08 08:24:10.870 [main] INFO  Controlador.Boletin1_3 - renombrado.txt
2026-10-08 09:30:04.752 [main] INFO  Controlador.Boletin1_7 - Psp2
2026-10-08 09:30:04.755 [main] INFO  Controlador.Boletin1_7 - Psp2 segunda
2026-10-08 09:30:04.755 [main] INFO  Controlador.Boletin1_7 - Psp2 tercera.txt
2026-10-08 09:32:22.140 [main] INFO  Controlador.Boletin1_7 - Psp2
2026-10-08 09:32:22.141 [main] INFO  Controlador.Boletin1_7 - Psp2 segunda
2026-10-08 09:32:22.142 [main] INFO  Controlador.Boletin1_7 - Psp2 tercera.txt
2026-10-08 09:37:24.308 [main] INFO  Controlador.Boletin1_7 - Psp2
2026-10-08 09:37:24.310 [main] INFO  Controlador.Boletin1_7 - Psp2 segunda
2026-10-08 09:37:24.310 [main] INFO  Controlador.Boletin1_7 - Psp2 tercera.txt
2026-10-08 09:37:39.745 [main] INFO  Controlador.Boletin1_7 - psp2.txt
